Record_ID,Timestamp,Latitude,Longitude,Zone,City,Day,Month,Year,Hour,Road_ID,Vehicle_Count,Avg_Speed,Vehicle_Type,Traffic_Density,Road_Condition,Traffic_Signal_Status,Congestion_Level,Weather,Temperature,Humidity,Visibility,Wind_Speed,Rainfall,AQI,AQI_Category,PM2.5,PM10,CO,NO2,SO2,O3,Air_Quality_Status,Water_Level,Water_Consumption,Water_Pressure,Leakage,Water_Quality,Supply_Status,Reservoir_Level,Pipeline_Status,Energy_Consumption,Renewable_Energy,Peak_Load,Voltage,Power_Factor,Energy_Source,Power_Outage,Grid_Status,Crime_Type,Crime_Severity,Crime_Status,Emergency_Alert,Police_Response_Time,Police_Station,CCTV_Status,Crime_Hotspot,Emergency_Service,Incident_Count
1,2026-01-01 00:15:00,13.008648,77.549183,South,Bengaluru,1,1,2026,0,R-854,407,50,Car,Medium,Under Maintenance,Red,Medium,Clear,34.5,44.3,4456,5.8,0,101,Poor,55.6,90.9,0.48,39,21,13,Poor,74.7,4236,2.88,No,95,Available,85.5,Healthy,773,36,799,223.1,1,Hybrid,Yes,Stable,None,Critical,Open,No,27,PS-20,Offline,Low Risk,None,0
2,2026-01-01 00:30:00,12.902608,77.556909,Central,Bengaluru,1,1,2026,0,R-982,354,53,Bus,Medium,Under Maintenance,Green,Medium,Clear,31.9,42.3,2866,24.3,0,88,Moderate,48.4,79.2,2.17,39,32,22,Moderate,65.1,4514,4.54,No,75,Limited,61.3,Leak Detected,853,19,915,232.7,0.95,Solar,Yes,Maintenance,Fraud,Critical,Resolved,Yes,25,PS-2,Active,Low Risk,Fire,4
3,2026-01-01 00:45:00,13.036102,77.600749,East,Bengaluru,1,1,2026,0,R-317,217,60,Truck,Medium,Wet,Red,Medium,Clear,28.4,53.2,3020,23.6,0,54,Moderate,29.7,48.6,1.32,84,18,61,Moderate,64.2,1933,4.04,Yes,94,Available,91.7,Healthy,688,25,815,228.4,0.91,Wind,No,Maintenance,Theft,Low,Investigating,Yes,39,PS-9,Maintenance,Medium Risk,Police,3
4,2026-01-01 01:00:00,12.890519,77.625535,East,Bengaluru,1,1,2026,1,R-612,302,55,Bike,Medium,Under Maintenance,Green,Medium,Rain,34.2,54.9,6234,17.7,8.8,75,Moderate,41.2,67.5,1.01,30,22,77,Moderate,93.7,3455,3.95,Yes,99,Limited,92.7,Leak Detected,574,18,675,237.6,0.99,Grid,No,Stable,Fraud,Medium,Open,No,40,PS-6,Offline,High Risk,None,2
5,2026-01-01 01:15:00,12.953839,77.61747,East,Bengaluru,1,1,2026,1,R-548,356,53,Truck,Medium,Dry,Green,Medium,Rain,25.1,56.9,5819,18.8,23.9,89,Moderate,49,80.1,0.31,90,6,39,Moderate,48.6,1057,5.44,Yes,86,Available,56.7,Leak Detected,615,49,673,234.5,0.99,Wind,Yes,Maintenance,Robbery,Critical,Open,Yes,11,PS-14,Offline,Medium Risk,None,4
6,2026-01-01 01:30:00,12.954419,77.564288,North,Bengaluru,1,1,2026,1,R-354,107,65,Bike,Low,Dry,Red,Low,Clear,28.3,61.1,3281,16.6,0,40,Good,22,36,1.96,19,19,80,Good,50.2,920,5.88,Yes,75,Limited,69.1,Healthy,462,18,441,227.6,1,Hybrid,No,Maintenance,None,Critical,Investigating,No,14,PS-7,Offline,Low Risk,Police,0
7,2026-01-01 01:45:00,12.899146,77.603468,Central,Bengaluru,1,1,2026,1,R-973,376,52,Bike,Medium,Dry,Red,Medium,Clear,23.1,49.3,5874,6.7,0,94,Moderate,51.7,84.6,1.94,61,8,41,Moderate,75.7,1125,4.48,No,91,Limited,96.1,Healthy,868,35,748,225.3,0.91,Hybrid,No,Maintenance,Robbery,Low,Open,No,11,PS-3,Maintenance,Low Risk,Fire,2
8,2026-01-01 02:00:00,12.949124,77.535239,Central,Bengaluru,1,1,2026,2,R-820,258,58,Bus,Medium,Under Maintenance,Red,Medium,Clear,29.4,73.4,5543,12.5,0,64,Moderate,35.2,57.6,1.56,27,13,24,Moderate,92.2,2073,3.09,Yes,92,Limited,52.2,Leak Detected,666,46,636,238.1,0.98,Grid,No,Maintenance,Theft,Low,Open,No,13,PS-9,Active,High Risk,None,5
9,2026-01-01 02:15:00,12.891547,77.522039,South,Bengaluru,1,1,2026,2,R-658,441,48,Car,Medium,Wet,Red,Medium,Storm,29.7,61.5,1342,12.7,36.1,110,Poor,60.5,99,1.81,15,33,55,Poor,56.1,2844,4.67,No,94,Limited,98.4,Healthy,712,25,781,237.6,0.9,Hybrid,No,Stable,Cyber Crime,High,Open,Yes,29,PS-2,Offline,Low Risk,Ambulance,4
10,2026-01-01 02:30:00,12.925668,77.615605,West,Bengaluru,1,1,2026,2,R-436,259,58,Bus,Medium,Dry,Yellow,Medium,Fog,26.9,65.5,6566,29.5,21.9,94,Moderate,51.7,84.6,2.08,24,33,43,Moderate,54.5,2974,2.15,No,81,Limited,66.2,Healthy,606,51,606,225.1,0.97,Grid,Yes,Maintenance,Theft,Critical,Open,No,25,PS-4,Maintenance,Medium Risk,Fire,4
11,2026-01-01 02:45:00,12.978706,77.540694,West,Bengaluru,1,1,2026,2,R-793,247,58,Bike,Medium,Under Maintenance,Red,Medium,Storm,26.2,67.4,1003,12.6,9.2,61,Moderate,33.6,54.9,1.79,87,25,51,Moderate,69.6,4422,4.7,No,95,Available,79.5,Leak Detected,660,55,814,226.7,0.98,Solar,No,Stable,Robbery,Medium,Open,Yes,7,PS-8,Offline,High Risk,Police,4
12,2026-01-01 03:00:00,12.9691,77.549038,North,Bengaluru,1,1,2026,3,R-868,292,56,Car,Medium,Wet,Green,Medium,Rain,24.5,87.9,5243,16.6,22.7,73,Moderate,40.2,65.7,2.04,25,19,27,Moderate,87.5,3399,5.8,No,89,Limited,89.8,Leak Detected,523,45,772,225.2,0.92,Hybrid,No,Stable,Fraud,High,Resolved,Yes,23,PS-8,Offline,Medium Risk,Fire,5
13,2026-01-01 03:15:00,12.927002,77.621032,South,Bengaluru,1,1,2026,3,R-165,121,64,Truck,Low,Wet,Yellow,Low,Rain,29.6,60.8,2694,25.8,16.2,40,Good,22,36,1.76,12,32,58,Good,70.3,3681,3.19,No,97,Limited,72.3,Healthy,520,29,510,228.7,0.9,Hybrid,No,Stable,Theft,Critical,Open,Yes,30,PS-19,Maintenance,High Risk,Police,1
14,2026-01-01 03:30:00,13.028696,77.539077,East,Bengaluru,1,1,2026,3,R-488,409,50,Bus,Medium,Dry,Yellow,Medium,Storm,26.6,78.1,4105,12,38.1,102,Poor,56.1,91.8,1.1,20,20,12,Poor,84.7,1226,6,No,77,Available,86.9,Healthy,574,30,761,236.8,0.96,Solar,Yes,Maintenance,Theft,Low,Investigating,Yes,34,PS-9,Offline,Low Risk,Police,2
15,2026-01-01 03:45:00,12.894109,77.559913,West,Bengaluru,1,1,2026,3,R-506,239,59,Bike,Medium,Dry,Red,Medium,Clear,31.7,71.4,1834,22.4,0,59,Moderate,32.5,53.1,0.87,86,30,25,Moderate,87.2,1136,3.39,No,91,Limited,44.1,Leak Detected,395,41,739,222.1,1,Wind,Yes,Maintenance,Cyber Crime,Medium,Investigating,No,39,PS-16,Offline,Medium Risk,Fire,3
16,2026-01-01 04:00:00,13.031061,77.549018,West,Bengaluru,1,1,2026,4,R-683,205,60,Truck,Medium,Wet,Green,Medium,Clear,28.9,56.3,4994,10.3,0,51,Moderate,28.1,45.9,1.82,53,13,45,Moderate,74.5,2365,2.34,No,85,Available,81.4,Leak Detected,584,16,502,225.9,0.94,Solar,No,Maintenance,Robbery,Critical,Investigating,No,32,PS-18,Offline,Medium Risk,None,3
17,2026-01-01 04:15:00,12.909305,77.540813,North,Bengaluru,1,1,2026,4,R-860,236,59,Bike,Medium,Dry,Green,Medium,Fog,32.3,53.8,5829,29.4,21.5,89,Moderate,49,80.1,0.84,22,31,34,Moderate,60.7,3756,2.72,Yes,92,Available,56.5,Healthy,669,33,550,232.8,0.98,Grid,Yes,Maintenance,Theft,Critical,Resolved,No,26,PS-6,Active,Medium Risk,None,1
18,2026-01-01 04:30:00,12.901853,77.610711,North,Bengaluru,1,1,2026,4,R-255,113,65,Bike,Low,Under Maintenance,Yellow,Low,Storm,23.2,52.4,5571,24.1,24.6,40,Good,22,36,1.8,38,29,76,Good,65.2,4426,3.19,No,79,Available,76.6,Healthy,369,55,471,225.3,0.91,Solar,Yes,Stable,Fraud,Medium,Open,No,33,PS-20,Offline,Medium Risk,Police,2
19,2026-01-01 04:45:00,12.901389,77.547348,East,Bengaluru,1,1,2026,4,R-906,227,59,Bike,Medium,Wet,Green,Medium,Fog,29.6,72.4,8441,11.6,6.5,86,Moderate,47.3,77.4,0.41,49,24,46,Moderate,68.3,4639,4.75,No,100,Limited,70,Leak Detected,601,20,783,220.8,0.94,Hybrid,No,Stable,Fraud,Low,Open,Yes,22,PS-19,Active,Low Risk,None,5
20,2026-01-01 05:00:00,12.919038,77.603653,West,Bengaluru,1,1,2026,5,R-193,413,50,Truck,Medium,Wet,Yellow,Medium,Storm,26.7,73.5,8026,9,17.1,103,Poor,56.7,92.7,1.24,61,31,80,Poor,46.9,1521,3.26,No,73,Limited,91.9,Healthy,899,49,899,228.3,0.92,Hybrid,No,Maintenance,Robbery,Low,Open,No,40,PS-5,Offline,Medium Risk,None,1
21,2026-01-01 05:15:00,12.93972,77.512188,West,Bengaluru,1,1,2026,5,R-195,94,66,Bike,Low,Dry,Yellow,Low,Rain,35.3,72.4,2261,17.5,28.9,40,Good,22,36,1.27,44,18,71,Good,97,2796,3.83,Yes,82,Available,95.3,Healthy,279,32,556,226.8,0.98,Hybrid,Yes,Maintenance,Theft,High,Investigating,No,14,PS-15,Maintenance,Medium Risk,Fire,3
22,2026-01-01 05:30:00,13.039256,77.649136,South,Bengaluru,1,1,2026,5,R-685,362,52,Truck,Medium,Dry,Yellow,Medium,Storm,22.6,77.2,6777,27.8,15.9,90,Moderate,49.5,81,2.18,29,20,14,Moderate,51.7,3519,5.48,No,73,Limited,40.9,Healthy,721,24,650,229.4,1,Hybrid,No,Stable,Fraud,High,Investigating,No,25,PS-16,Maintenance,Low Risk,Police,2
23,2026-01-01 05:45:00,13.009483,77.579435,North,Bengaluru,1,1,2026,5,R-878,403,50,Car,Medium,Wet,Green,Medium,Fog,31.7,85.2,1376,13.1,3.2,130,Poor,71.5,117,0.98,65,9,41,Poor,73.2,2275,2.68,Yes,89,Limited,77.2,Healthy,807,52,726,224.6,0.96,Wind,No,Stable,Theft,Critical,Resolved,Yes,9,PS-15,Offline,High Risk,Fire,4
24,2026-01-01 06:00:00,13.025249,77.541875,West,Bengaluru,1,1,2026,6,R-973,433,49,Truck,Medium,Dry,Green,Medium,Fog,27.3,57.9,3423,29.8,12.5,138,Poor,75.9,124.2,2.16,60,13,11,Poor,75,1201,5.64,No,96,Limited,86.5,Healthy,893,37,795,232.7,0.96,Solar,Yes,Stable,Fraud,High,Resolved,Yes,28,PS-5,Active,Medium Risk,Fire,4
25,2026-01-01 06:15:00,13.015842,77.650234,East,Bengaluru,1,1,2026,6,R-643,169,62,Bus,Low,Dry,Yellow,Low,Rain,34.8,87.2,8924,25.2,30.1,42,Good,23.1,37.8,0.94,24,19,19,Good,52.5,2648,5.44,No,100,Limited,45.4,Leak Detected,326,31,693,222.5,0.94,Hybrid,No,Maintenance,Theft,Low,Investigating,Yes,35,PS-1,Maintenance,High Risk,Fire,5
26,2026-01-01 06:30:00,13.035502,77.55835,West,Bengaluru,1,1,2026,6,R-219,193,61,Bike,Low,Dry,Green,Low,Clear,26.3,64.6,1796,10.9,0,48,Good,26.4,43.2,1.32,59,19,57,Good,80.5,4233,4.35,Yes,98,Limited,79.3,Leak Detected,658,41,586,220.7,0.94,Wind,No,Stable,Fraud,High,Open,No,39,PS-12,Active,Medium Risk,Fire,2
27,2026-01-01 06:45:00,12.996043,77.612673,Central,Bengaluru,1,1,2026,6,R-121,142,63,Car,Low,Wet,Green,Low,Storm,35.8,79.3,2681,6.7,30.8,40,Good,22,36,0.69,37,31,39,Good,62.4,2008,5.15,Yes,78,Available,99.3,Leak Detected,381,22,730,237.3,0.91,Hybrid,Yes,Maintenance,None,Low,Open,No,8,PS-5,Maintenance,Medium Risk,Police,0
28,2026-01-01 07:00:00,13.014483,77.592118,North,Bengaluru,1,1,2026,7,R-562,112,65,Bike,Low,Under Maintenance,Green,Low,Storm,32.2,85.4,6397,18,18.9,40,Good,22,36,2.13,17,20,61,Good,67.6,1684,3.96,No,72,Available,59.3,Healthy,295,23,502,232.5,0.96,Hybrid,No,Maintenance,Fraud,Critical,Investigating,No,11,PS-4,Maintenance,High Risk,Ambulance,4
29,2026-01-01 07:15:00,12.944229,77.58256,West,Bengaluru,1,1,2026,7,R-847,311,55,Car,Medium,Wet,Yellow,Medium,Rain,26.4,52.7,8811,8.8,37,77,Moderate,42.4,69.3,0.43,20,7,65,Moderate,50.1,3852,5.25,Yes,88,Limited,80.2,Leak Detected,642,42,587,239.4,0.96,Hybrid,Yes,Stable,Fraud,Medium,Investigating,No,19,PS-4,Offline,High Risk,Fire,1
30,2026-01-01 07:30:00,13.025225,77.665927,Central,Bengaluru,1,1,2026,7,R-728,222,59,Car,Medium,Under Maintenance,Red,Medium,Rain,33.6,53.4,2477,11.8,30.7,55,Moderate,30.3,49.5,2.05,54,5,33,Moderate,91.1,4083,2.28,Yes,72,Available,62.6,Leak Detected,546,25,661,226.2,0.93,Grid,Yes,Stable,Fraud,Medium,Investigating,Yes,10,PS-9,Offline,High Risk,None,4
31,2026-01-01 07:45:00,12.933707,77.630791,North,Bengaluru,1,1,2026,7,R-453,390,51,Truck,Medium,Dry,Yellow,Medium,Storm,31.5,69.7,5316,21.7,2.8,97,Moderate,53.4,87.3,1.05,86,6,10,Moderate,55.8,2530,5.07,No,79,Limited,47.2,Leak Detected,760,26,706,227.6,0.97,Hybrid,Yes,Maintenance,Fraud,Low,Resolved,Yes,34,PS-3,Offline,High Risk,None,5
32,2026-01-01 08:00:00,12.908428,77.513337,East,Bengaluru,1,1,2026,8,R-275,607,40,Truck,High,Under Maintenance,Yellow,High,Storm,23.2,82.2,2993,15.9,16.6,151,Very Poor,83.1,135.9,0.45,49,28,53,Very Poor,56.7,2177,2.31,Yes,86,Available,94.4,Leak Detected,936,24,977,222.1,0.93,Solar,Yes,Stable,Robbery,Medium,Investigating,No,34,PS-19,Maintenance,Medium Risk,Fire,3
33,2026-01-01 08:15:00,12.965027,77.611022,East,Bengaluru,1,1,2026,8,R-705,477,47,Car,High,Wet,Red,High,Storm,23,63.1,1308,6.4,33.4,119,Poor,65.5,107.1,0.45,21,24,74,Poor,65.4,1136,3.8,Yes,80,Limited,70.1,Healthy,857,21,902,239.6,0.91,Solar,Yes,Stable,None,Critical,Resolved,Yes,28,PS-12,Offline,Medium Risk,None,0
34,2026-01-01 08:30:00,12.898378,77.610942,East,Bengaluru,1,1,2026,8,R-167,796,31,Bus,Very High,Dry,Red,High,Fog,31.5,54.2,6928,26.3,38.6,229,Hazardous,126,206.1,1.45,29,15,20,Hazardous,75.9,1958,5.67,No,100,Limited,47.7,Healthy,1104,50,1238,232.9,0.93,Solar,Yes,Maintenance,Cyber Crime,High,Open,No,24,PS-6,Active,Medium Risk,None,2
35,2026-01-01 08:45:00,12.902346,77.645109,North,Bengaluru,1,1,2026,8,R-619,515,45,Car,High,Under Maintenance,Yellow,High,Rain,34.3,70.9,5892,14.4,7.3,128,Poor,70.4,115.2,1.88,89,30,31,Poor,83.2,1157,3.64,Yes,84,Limited,85.1,Leak Detected,784,49,887,226.2,0.98,Wind,Yes,Maintenance,Theft,Critical,Resolved,No,29,PS-17,Maintenance,Medium Risk,Ambulance,2
36,2026-01-01 09:00:00,12.898349,77.586895,East,Bengaluru,1,1,2026,9,R-667,810,30,Car,Very High,Under Maintenance,Red,High,Rain,33.9,54.3,7251,9,18.5,202,Hazardous,111.1,181.8,1.28,65,7,38,Hazardous,88.3,3663,5.72,No,71,Limited,70.1,Healthy,1157,20,1251,224.5,0.93,Grid,No,Stable,Robbery,Medium,Open,No,35,PS-5,Maintenance,Medium Risk,None,5
37,2026-01-01 09:15:00,12.930948,77.643594,Central,Bengaluru,1,1,2026,9,R-844,402,50,Truck,Medium,Dry,Yellow,Medium,Clear,25.3,46.1,2953,15.5,0,100,Moderate,55,90,1.81,68,7,24,Moderate,89.3,4894,4.39,Yes,90,Available,83.1,Leak Detected,771,15,966,227.1,0.96,Solar,Yes,Maintenance,None,Low,Investigating,Yes,29,PS-16,Active,High Risk,None,0
38,2026-01-01 09:30:00,12.947135,77.52081,South,Bengaluru,1,1,2026,9,R-850,591,41,Car,High,Under Maintenance,Red,High,Fog,32.6,46.7,3886,18.7,32.7,177,Very Poor,97.4,159.3,0.63,69,27,71,Very Poor,78.5,1904,2.25,No,71,Limited,52.1,Healthy,762,35,999,230.3,1,Wind,No,Stable,None,Medium,Resolved,No,8,PS-11,Offline,Low Risk,Fire,0
39,2026-01-01 09:45:00,13.033142,77.571863,South,Bengaluru,1,1,2026,9,R-608,623,39,Truck,High,Wet,Red,High,Storm,25.7,44.1,4477,7,24.5,155,Very Poor,85.2,139.5,1.86,79,14,51,Very Poor,50.4,3486,4.64,No,84,Limited,50,Leak Detected,952,43,894,234.5,0.99,Wind,No,Stable,Fraud,Low,Investigating,No,28,PS-17,Maintenance,High Risk,Ambulance,1
40,2026-01-01 10:00:00,12.910197,77.547759,East,Bengaluru,1,1,2026,10,R-470,473,47,Truck,High,Under Maintenance,Green,High,Storm,30.5,74,8772,14.3,18.3,118,Poor,64.9,106.2,0.45,27,21,56,Poor,66.1,3083,3,Yes,70,Available,69.9,Leak Detected,910,22,857,235.5,0.97,Solar,No,Maintenance,None,Medium,Open,Yes,9,PS-15,Active,High Risk,None,0
41,2026-01-01 10:15:00,13.003526,77.598,East,Bengaluru,1,1,2026,10,R-407,444,48,Bike,Medium,Under Maintenance,Red,Medium,Fog,35,71.9,7501,14,9.7,141,Poor,77.6,126.9,2.17,27,12,73,Poor,46.4,3822,3.87,Yes,89,Available,43.9,Leak Detected,839,48,904,235.4,0.98,Grid,Yes,Maintenance,Robbery,Low,Resolved,No,38,PS-12,Active,High Risk,Ambulance,2
42,2026-01-01 10:30:00,12.972896,77.55866,South,Bengaluru,1,1,2026,10,R-430,621,39,Bike,High,Wet,Red,High,Clear,34.5,82.3,3052,9.9,0,155,Very Poor,85.2,139.5,2.12,45,9,48,Very Poor,77.6,1565,4.01,Yes,88,Available,50.3,Leak Detected,1059,17,885,221.6,0.99,Hybrid,Yes,Maintenance,None,Low,Resolved,No,24,PS-16,Active,High Risk,None,0
43,2026-01-01 10:45:00,13.000178,77.535293,West,Bengaluru,1,1,2026,10,R-595,552,43,Truck,High,Dry,Yellow,High,Storm,30.5,55.6,6884,13,39.5,138,Poor,75.9,124.2,0.96,61,9,57,Poor,72.3,1669,3.28,No,73,Limited,67,Healthy,751,18,950,238.9,0.99,Wind,Yes,Stable,None,High,Investigating,No,17,PS-6,Offline,High Risk,None,0
44,2026-01-01 11:00:00,12.893708,77.661237,Central,Bengaluru,1,1,2026,11,R-568,335,54,Bike,Medium,Dry,Red,Medium,Fog,26.9,42.5,5054,19.9,33.9,113,Poor,62.2,101.7,1.58,46,22,11,Poor,89.9,4330,2.54,No,93,Limited,85.8,Leak Detected,508,40,611,231.4,0.92,Hybrid,Yes,Maintenance,Fraud,Critical,Investigating,No,12,PS-5,Active,Medium Risk,Fire,3
45,2026-01-01 11:15:00,12.921849,77.59146,Central,Bengaluru,1,1,2026,11,R-141,365,52,Car,Medium,Dry,Green,Medium,Fog,32,80.2,5254,16.4,24.6,121,Poor,66.6,108.9,1.28,51,34,50,Poor,53.6,3251,4.37,No,92,Limited,68.5,Healthy,703,36,959,222.2,0.94,Hybrid,Yes,Maintenance,Theft,High,Investigating,Yes,8,PS-19,Offline,Low Risk,None,2
46,2026-01-01 11:30:00,12.981611,77.622083,South,Bengaluru,1,1,2026,11,R-119,428,49,Truck,Medium,Wet,Yellow,Medium,Rain,24.1,74.5,4361,17.5,24.8,107,Poor,58.9,96.3,1.2,17,27,27,Poor,72.5,3462,5.99,No,86,Limited,58.8,Healthy,813,49,853,230.9,0.97,Hybrid,No,Stable,None,Medium,Resolved,No,19,PS-10,Offline,High Risk,Ambulance,0
47,2026-01-01 11:45:00,12.966769,77.599678,East,Bengaluru,1,1,2026,11,R-394,433,49,Car,Medium,Under Maintenance,Red,Medium,Storm,29.6,84.8,4232,25.5,38.2,108,Poor,59.4,97.2,1.83,47,6,46,Poor,95.6,1447,3.39,No,90,Limited,84.8,Healthy,686,49,821,238.7,0.97,Solar,Yes,Stable,Robbery,Medium,Open,Yes,19,PS-2,Active,Medium Risk,Fire,4
48,2026-01-01 12:00:00,13.044323,77.666466,South,Bengaluru,1,1,2026,12,R-516,131,64,Truck,Low,Wet,Red,Low,Rain,24.8,88.2,3631,12.1,3.3,40,Good,22,36,1.76,83,12,78,Good,84.2,1105,5.65,Yes,83,Available,96,Healthy,484,46,476,238.7,1,Hybrid,Yes,Stable,None,High,Investigating,Yes,26,PS-10,Offline,High Risk,None,0
49,2026-01-01 12:15:00,12.92085,77.528023,South,Bengaluru,1,1,2026,12,R-848,148,63,Truck,Low,Under Maintenance,Yellow,Low,Storm,32.1,40.7,3761,24.8,23.1,40,Good,22,36,1.74,32,24,61,Good,88.8,3486,2.35,Yes,75,Available,68.6,Healthy,301,31,594,224.7,0.98,Hybrid,No,Stable,Robbery,High,Investigating,No,20,PS-2,Maintenance,Low Risk,None,3
50,2026-01-01 12:30:00,13.037697,77.652048,East,Bengaluru,1,1,2026,12,R-806,161,62,Car,Low,Under Maintenance,Yellow,Low,Storm,27.1,51,8842,8.3,7,40,Good,22,36,1.72,87,16,63,Good,82.2,4657,5.03,Yes,94,Available,80.8,Healthy,580,43,681,234.1,0.91,Grid,Yes,Stable,Cyber Crime,Medium,Open,No,38,PS-15,Active,High Risk,Ambulance,5
51,2026-01-01 12:45:00,12.961277,77.518902,South,Bengaluru,1,1,2026,12,R-625,330,54,Truck,Medium,Wet,Red,Medium,Clear,22.8,63.1,7610,12.7,0,82,Moderate,45.1,73.8,0.34,42,31,10,Moderate,84.5,1398,2.18,No,92,Available,72.5,Healthy,515,45,596,225.7,0.92,Solar,No,Maintenance,Cyber Crime,Critical,Resolved,No,29,PS-3,Maintenance,High Risk,Ambulance,3
52,2026-01-01 13:00:00,12.952889,77.530376,South,Bengaluru,1,1,2026,13,R-954,140,63,Car,Low,Dry,Yellow,Low,Rain,28.5,76,4474,18.3,33.1,40,Good,22,36,0.77,54,9,45,Good,55,1724,2.13,No,89,Available,54.4,Healthy,341,53,407,228.9,0.97,Grid,Yes,Stable,Cyber Crime,Critical,Resolved,Yes,39,PS-7,Active,Low Risk,Fire,2
53,2026-01-01 13:15:00,12.985667,77.617605,East,Bengaluru,1,1,2026,13,R-342,374,52,Bus,Medium,Dry,Red,Medium,Fog,29.3,60.7,3254,6.5,38,123,Poor,67.7,110.7,1.97,32,25,64,Poor,74.5,1184,5.89,No,95,Limited,81.8,Leak Detected,600,34,816,223.7,0.95,Solar,Yes,Maintenance,Cyber Crime,Medium,Resolved,Yes,40,PS-14,Offline,High Risk,Ambulance,4
54,2026-01-01 13:30:00,12.942842,77.522651,West,Bengaluru,1,1,2026,13,R-967,204,60,Bus,Medium,Dry,Red,Medium,Fog,32.1,49.5,3199,14.4,24.6,81,Moderate,44.6,72.9,0.38,19,11,37,Moderate,70.4,3527,3.21,Yes,76,Available,97.7,Healthy,599,30,763,234.1,0.94,Solar,No,Maintenance,Theft,Critical,Resolved,No,24,PS-9,Offline,High Risk,None,4
55,2026-01-01 13:45:00,13.036293,77.569313,West,Bengaluru,1,1,2026,13,R-146,130,64,Bike,Low,Under Maintenance,Green,Low,Storm,22.2,67.7,5784,19.5,17.3,40,Good,22,36,0.59,52,12,58,Good,75.2,2813,4,No,78,Limited,98,Leak Detected,515,25,560,223.4,0.97,Wind,Yes,Stable,Robbery,Low,Open,Yes,5,PS-14,Active,High Risk,Ambulance,1
56,2026-01-01 14:00:00,12.924995,77.582962,North,Bengaluru,1,1,2026,14,R-732,442,48,Truck,Medium,Under Maintenance,Yellow,Medium,Rain,22.2,66.6,4369,5.3,21.6,110,Poor,60.5,99,0.82,46,5,74,Poor,88.1,4327,5.22,Yes,73,Available,71.5,Healthy,690,54,961,225,0.94,Wind,Yes,Maintenance,None,Critical,Resolved,Yes,19,PS-10,Maintenance,Low Risk,Police,0
57,2026-01-01 14:15:00,12.950347,77.586161,North,Bengaluru,1,1,2026,14,R-819,127,64,Bike,Low,Dry,Yellow,Low,Storm,33.8,72.2,3713,19.1,34.5,40,Good,22,36,0.48,77,34,15,Good,57.2,4695,3.08,Yes,91,Limited,94,Healthy,368,35,385,239.2,0.96,Wind,Yes,Maintenance,Fraud,Medium,Investigating,Yes,29,PS-18,Offline,Medium Risk,Ambulance,1
58,2026-01-01 14:30:00,12.90563,77.547143,North,Bengaluru,1,1,2026,14,R-448,336,54,Truck,Medium,Wet,Green,Medium,Fog,30.9,79.2,4690,17.3,14.9,114,Poor,62.7,102.6,2.09,65,10,58,Poor,49.5,3219,5.19,Yes,72,Limited,49.3,Healthy,685,35,770,222.1,0.9,Hybrid,No,Maintenance,None,High,Open,Yes,10,PS-6,Offline,Medium Risk,None,0
59,2026-01-01 14:45:00,12.946626,77.52489,Central,Bengaluru,1,1,2026,14,R-903,132,64,Bus,Low,Wet,Green,Low,Clear,26.1,59.4,1693,23.1,0,40,Good,22,36,1.36,41,23,76,Good,54,3918,2.68,No,79,Limited,69.6,Healthy,367,42,523,228.4,0.95,Grid,No,Maintenance,None,Medium,Investigating,No,17,PS-15,Active,Low Risk,Fire,0
60,2026-01-01 15:00:00,13.024658,77.570782,East,Bengaluru,1,1,2026,15,R-550,83,66,Bus,Low,Wet,Red,Low,Storm,35.6,46.8,3626,20.1,28.1,40,Good,22,36,1.21,32,35,60,Good,96.3,3187,4.94,No,100,Available,59.6,Leak Detected,434,38,391,238.6,0.92,Solar,Yes,Maintenance,Robbery,Medium,Resolved,No,9,PS-14,Maintenance,Medium Risk,Ambulance,3
61,2026-01-01 15:15:00,13.004438,77.636252,North,Bengaluru,1,1,2026,15,R-559,203,60,Truck,Medium,Under Maintenance,Yellow,Medium,Fog,29.5,86.2,8124,22.3,22.2,80,Moderate,44,72,1.8,56,27,78,Moderate,76.5,1496,2.44,Yes,91,Limited,50,Healthy,641,40,622,239.3,0.94,Grid,Yes,Maintenance,Theft,Medium,Investigating,Yes,33,PS-12,Offline,Medium Risk,Ambulance,3
62,2026-01-01 15:30:00,12.937269,77.657288,North,Bengaluru,1,1,2026,15,R-218,92,66,Bike,Low,Wet,Yellow,Low,Storm,26.8,79.2,5268,17.1,19.6,40,Good,22,36,1.13,67,15,18,Good,60.9,1742,2.09,No,90,Available,80.6,Healthy,366,48,431,231,0.93,Wind,No,Stable,None,Critical,Investigating,Yes,16,PS-14,Offline,Low Risk,Ambulance,0
63,2026-01-01 15:45:00,12.890712,77.544367,East,Bengaluru,1,1,2026,15,R-870,310,55,Car,Medium,Under Maintenance,Green,Medium,Storm,33.2,66.8,3996,13.1,18.8,77,Moderate,42.4,69.3,0.8,72,21,50,Moderate,76.6,4015,4.35,No,81,Limited,77,Leak Detected,774,52,603,233.4,0.93,Solar,No,Stable,Fraud,Medium,Resolved,Yes,37,PS-13,Offline,High Risk,Ambulance,5
64,2026-01-01 16:00:00,12.967867,77.595981,South,Bengaluru,1,1,2026,16,R-668,276,57,Bike,Medium,Wet,Yellow,Medium,Storm,24,55.7,4694,20.5,34.8,69,Moderate,38,62.1,2.11,72,9,34,Moderate,88.2,4940,4.61,No,91,Limited,64.9,Leak Detected,676,25,568,231.3,0.98,Solar,No,Stable,Theft,High,Open,No,15,PS-15,Maintenance,High Risk,None,5
65,2026-01-01 16:15:00,12.908273,77.634018,East,Bengaluru,1,1,2026,16,R-655,341,53,Car,Medium,Under Maintenance,Yellow,Medium,Clear,29.6,89.5,1838,23.4,0,85,Moderate,46.8,76.5,1.54,41,14,14,Moderate,68.8,3655,5.45,Yes,84,Available,86.5,Healthy,598,52,770,237.2,0.96,Wind,Yes,Stable,Cyber Crime,Medium,Open,Yes,27,PS-18,Offline,High Risk,Ambulance,3
66,2026-01-01 16:30:00,12.981638,77.662384,Central,Bengaluru,1,1,2026,16,R-795,440,48,Car,Medium,Dry,Yellow,Medium,Fog,34.9,89.6,8102,21.4,28.4,140,Poor,77,126,0.55,28,27,51,Poor,88.9,4017,3.96,No,90,Limited,62.5,Healthy,914,20,896,230.3,0.93,Hybrid,No,Maintenance,Robbery,High,Investigating,Yes,10,PS-15,Maintenance,High Risk,Fire,1
67,2026-01-01 16:45:00,13.044901,77.641976,West,Bengaluru,1,1,2026,16,R-374,353,53,Bus,Medium,Wet,Yellow,Medium,Storm,29.7,46.5,7983,17.1,14.4,88,Moderate,48.4,79.2,1.6,16,6,22,Moderate,78.2,4564,2.07,Yes,84,Limited,40,Leak Detected,606,23,935,226,0.99,Hybrid,Yes,Maintenance,Theft,High,Open,No,15,PS-2,Offline,High Risk,Fire,2
68,2026-01-01 17:00:00,12.890174,77.586289,South,Bengaluru,1,1,2026,17,R-707,619,40,Bike,High,Under Maintenance,Red,High,Clear,28.2,40.4,3814,25.4,0,154,Very Poor,84.7,138.6,2.18,64,27,26,Very Poor,70.3,2675,3.53,Yes,73,Limited,62.1,Leak Detected,839,39,937,232.8,0.97,Grid,Yes,Stable,None,Critical,Resolved,Yes,14,PS-14,Maintenance,High Risk,None,0
69,2026-01-01 17:15:00,13.033455,77.532402,North,Bengaluru,1,1,2026,17,R-703,840,28,Truck,Very High,Wet,Yellow,High,Rain,26.4,47,3268,21.1,10.7,210,Hazardous,115.5,189,1.44,87,14,13,Hazardous,89.9,3271,2.82,Yes,93,Limited,57.7,Healthy,1112,46,1287,222.3,0.95,Grid,Yes,Maintenance,None,High,Open,No,31,PS-12,Maintenance,High Risk,Ambulance,0
70,2026-01-01 17:30:00,12.89267,77.520805,East,Bengaluru,1,1,2026,17,R-320,790,31,Car,Very High,Dry,Yellow,High,Storm,29.1,71.4,5104,24.2,17.5,197,Very Poor,108.4,177.3,1.06,78,22,29,Very Poor,59.7,3338,2.32,Yes,95,Available,72.2,Leak Detected,1240,55,1372,233.6,0.91,Wind,Yes,Stable,None,Medium,Open,No,12,PS-15,Maintenance,High Risk,Police,0
71,2026-01-01 17:45:00,12.892026,77.531954,North,Bengaluru,1,1,2026,17,R-267,558,43,Truck,High,Wet,Red,High,Rain,29.2,81.1,3123,9.2,6,139,Poor,76.5,125.1,1.78,44,28,25,Poor,85.9,1040,3.34,No,78,Available,55.8,Healthy,962,44,1069,227.2,0.95,Solar,No,Stable,None,High,Open,Yes,19,PS-17,Active,Low Risk,Police,0
72,2026-01-01 18:00:00,12.948236,77.657236,South,Bengaluru,1,1,2026,18,R-978,525,44,Car,High,Under Maintenance,Red,High,Clear,32.4,61,3636,11.2,0,131,Poor,72.1,117.9,2.04,50,13,19,Poor,75.3,1778,4.01,Yes,75,Available,88.3,Healthy,880,19,1013,237.3,0.98,Hybrid,No,Stable,Fraud,Critical,Open,No,17,PS-10,Maintenance,Medium Risk,Ambulance,4
73,2026-01-01 18:15:00,13.007194,77.597449,South,Bengaluru,1,1,2026,18,R-254,588,41,Car,High,Wet,Green,High,Storm,25.3,57.3,7877,22.3,1.4,147,Poor,80.9,132.3,0.94,58,32,49,Poor,50.5,2751,3.68,Yes,74,Limited,45.6,Healthy,1004,41,1028,229.2,0.97,Grid,Yes,Maintenance,Theft,Low,Investigating,Yes,32,PS-5,Active,Medium Risk,Fire,3
74,2026-01-01 18:30:00,12.940889,77.553513,North,Bengaluru,1,1,2026,18,R-307,874,27,Bike,Very High,Under Maintenance,Green,High,Storm,24.2,48.2,4817,12.9,5.7,218,Hazardous,119.9,196.2,0.98,36,19,49,Hazardous,69.6,1782,2.36,No,96,Available,52.9,Leak Detected,1099,20,1251,239.4,0.94,Grid,No,Maintenance,Robbery,Medium,Open,No,33,PS-18,Maintenance,High Risk,Ambulance,1
75,2026-01-01 18:45:00,12.909433,77.519867,South,Bengaluru,1,1,2026,18,R-233,636,39,Bike,High,Wet,Yellow,High,Clear,31.6,86.9,1688,19.6,0,159,Very Poor,87.5,143.1,0.79,19,5,18,Very Poor,55.5,4432,5.24,Yes,98,Limited,47.4,Leak Detected,811,25,1179,228.7,0.97,Wind,Yes,Maintenance,Theft,Critical,Open,No,18,PS-6,Offline,Medium Risk,None,2
76,2026-01-01 19:00:00,12.969823,77.651245,West,Bengaluru,1,1,2026,19,R-162,417,50,Car,Medium,Wet,Yellow,Medium,Rain,23.9,50,8247,24.9,10.7,104,Poor,57.2,93.6,2.19,79,30,12,Poor,97.4,3741,3.92,No,81,Limited,63.3,Healthy,580,35,972,224.4,0.99,Hybrid,Yes,Maintenance,Robbery,High,Investigating,Yes,15,PS-4,Active,High Risk,Ambulance,3
77,2026-01-01 19:15:00,12.982111,77.667226,West,Bengaluru,1,1,2026,19,R-463,673,37,Bike,High,Dry,Green,High,Clear,30.3,80.3,6714,14,0,168,Very Poor,92.4,151.2,1.42,55,35,28,Very Poor,74.8,2342,5.35,No,87,Limited,50.5,Healthy,869,18,1042,232,0.9,Wind,Yes,Maintenance,Theft,Medium,Open,No,16,PS-11,Active,Low Risk,Ambulance,5
78,2026-01-01 19:30:00,13.025437,77.647707,North,Bengaluru,1,1,2026,19,R-482,760,32,Truck,Very High,Under Maintenance,Green,High,Rain,26.7,56.1,8994,8.9,38,190,Very Poor,104.5,171,1.8,72,25,50,Very Poor,54.2,3723,2.89,Yes,82,Limited,84,Leak Detected,975,26,1010,239,0.99,Wind,Yes,Stable,None,High,Investigating,Yes,11,PS-16,Active,Medium Risk,Police,0
79,2026-01-01 19:45:00,12.916862,77.651651,North,Bengaluru,1,1,2026,19,R-941,521,44,Bus,High,Wet,Green,High,Fog,25.7,52.5,1555,13.8,31.7,160,Very Poor,88,144,1.67,16,17,66,Very Poor,83.8,2162,5.54,No,98,Limited,61.1,Leak Detected,722,45,1066,233,0.97,Solar,No,Stable,Robbery,Low,Resolved,Yes,25,PS-9,Active,Low Risk,Fire,2
80,2026-01-01 20:00:00,12.977527,77.6537,North,Bengaluru,1,1,2026,20,R-446,272,57,Truck,Medium,Under Maintenance,Green,Medium,Rain,28,72.7,5975,27.2,7.1,68,Moderate,37.4,61.2,0.49,36,11,62,Moderate,82,2973,4.64,No,77,Available,43,Leak Detected,500,18,706,220.1,0.91,Wind,Yes,Stable,None,Low,Open,Yes,23,PS-3,Offline,Low Risk,Fire,0
81,2026-01-01 20:15:00,13.03318,77.552401,Central,Bengaluru,1,1,2026,20,R-496,283,56,Bike,Medium,Wet,Yellow,Medium,Storm,27.2,62.3,3156,16,11.3,70,Moderate,38.5,63,1.89,82,6,29,Moderate,84.9,1592,2.34,No,95,Limited,98.2,Healthy,716,18,731,236.4,0.94,Wind,Yes,Maintenance,Fraud,High,Open,No,7,PS-17,Maintenance,High Risk,Ambulance,1
82,2026-01-01 20:30:00,13.045546,77.639354,South,Bengaluru,1,1,2026,20,R-143,309,55,Truck,Medium,Dry,Red,Medium,Rain,28.1,89.9,6138,8.7,24.2,77,Moderate,42.4,69.3,0.91,18,7,59,Moderate,74.5,3471,5.43,No,99,Available,87.2,Leak Detected,516,41,635,223,0.96,Grid,Yes,Stable,Theft,High,Investigating,No,31,PS-9,Offline,High Risk,None,5
83,2026-01-01 20:45:00,12.917552,77.574476,Central,Bengaluru,1,1,2026,20,R-723,391,51,Truck,Medium,Dry,Yellow,Medium,Storm,34.5,56.6,2946,6.2,19.5,97,Moderate,53.4,87.3,0.81,57,5,53,Moderate,88.3,3282,3.24,No,97,Available,98.3,Healthy,609,34,867,235.5,0.93,Wind,Yes,Stable,None,Critical,Open,No,36,PS-17,Offline,Low Risk,Ambulance,0
84,2026-01-01 21:00:00,12.954542,77.634883,Central,Bengaluru,1,1,2026,21,R-682,113,65,Car,Low,Dry,Green,Low,Fog,34.3,50,1472,11.2,18.8,58,Moderate,31.9,52.2,2.04,35,13,57,Moderate,88.6,4937,3.59,Yes,91,Available,54.5,Leak Detected,567,43,453,239.2,0.95,Hybrid,No,Stable,Cyber Crime,High,Investigating,Yes,23,PS-1,Offline,Low Risk,Ambulance,5
85,2026-01-01 21:15:00,12.998431,77.553053,West,Bengaluru,1,1,2026,21,R-625,189,61,Car,Low,Under Maintenance,Green,Low,Rain,28.6,46.6,2418,20,1.3,47,Good,25.9,42.3,0.78,49,27,45,Good,67.5,3884,5.41,No,78,Available,68,Leak Detected,638,21,442,230.2,0.97,Hybrid,No,Maintenance,Theft,Low,Resolved,Yes,26,PS-9,Maintenance,Medium Risk,Fire,3
86,2026-01-01 21:30:00,12.913989,77.632476,North,Bengaluru,1,1,2026,21,R-924,415,50,Truck,Medium,Under Maintenance,Yellow,Medium,Fog,31.5,76.1,6369,17.4,12.5,133,Poor,73.2,119.7,2.02,61,17,14,Poor,75.9,2355,3.37,Yes,91,Limited,94.4,Leak Detected,824,34,752,236.8,0.99,Solar,No,Stable,Theft,Critical,Open,No,40,PS-6,Maintenance,Medium Risk,Police,2
87,2026-01-01 21:45:00,12.957276,77.651895,East,Bengaluru,1,1,2026,21,R-366,261,57,Bus,Medium,Wet,Green,Medium,Rain,28.6,83.3,5780,19.5,25.2,65,Moderate,35.8,58.5,1.2,34,21,25,Moderate,91,3926,4.12,No,71,Available,48.2,Healthy,586,41,802,237.9,1,Solar,No,Stable,Robbery,Low,Resolved,No,16,PS-11,Maintenance,Low Risk,Police,4
88,2026-01-01 22:00:00,12.982205,77.53535,North,Bengaluru,1,1,2026,22,R-232,220,59,Truck,Medium,Under Maintenance,Yellow,Medium,Rain,27.6,88.3,4140,5.1,21.8,55,Moderate,30.3,49.5,1.69,11,33,51,Moderate,85.1,2361,2.07,Yes,90,Available,53.6,Leak Detected,529,23,522,227.7,0.96,Solar,Yes,Stable,Theft,High,Resolved,No,38,PS-20,Maintenance,Medium Risk,None,2
89,2026-01-01 22:15:00,13.010018,77.536381,West,Bengaluru,1,1,2026,22,R-119,255,58,Bike,Medium,Dry,Red,Medium,Storm,35.8,50.6,1179,19.7,7.6,63,Moderate,34.7,56.7,1,14,17,42,Moderate,85.9,1198,4.38,Yes,91,Available,79.2,Healthy,429,22,718,228.9,0.91,Hybrid,No,Stable,Robbery,Medium,Investigating,Yes,24,PS-14,Maintenance,Low Risk,Fire,5
90,2026-01-01 22:30:00,13.022904,77.526786,Central,Bengaluru,1,1,2026,22,R-220,390,51,Bus,Medium,Dry,Green,Medium,Rain,29,70.5,7373,11.6,21.4,97,Moderate,53.4,87.3,0.68,62,14,30,Moderate,47.1,4866,5.64,No,80,Available,40.2,Healthy,596,51,982,229.9,0.99,Grid,Yes,Maintenance,Fraud,Medium,Resolved,No,21,PS-15,Active,Low Risk,Ambulance,1
91,2026-01-01 22:45:00,12.958159,77.528544,North,Bengaluru,1,1,2026,22,R-109,228,59,Bike,Medium,Under Maintenance,Red,Medium,Fog,24.4,57.9,4585,28.9,11.5,87,Moderate,47.9,78.3,1.69,57,31,53,Moderate,54.7,4083,3.6,No,78,Limited,81.4,Leak Detected,593,25,535,222.7,0.97,Solar,Yes,Maintenance,Robbery,Critical,Investigating,No,16,PS-20,Offline,Medium Risk,Police,2
92,2026-01-01 23:00:00,13.032015,77.58051,North,Bengaluru,1,1,2026,23,R-367,327,54,Bus,Medium,Dry,Red,Medium,Storm,34.2,66.2,7091,19.4,23,81,Moderate,44.6,72.9,2.16,53,21,76,Moderate,81.5,1580,3.73,Yes,85,Limited,79.8,Leak Detected,553,50,890,221.1,0.96,Solar,No,Maintenance,None,Medium,Open,No,25,PS-8,Offline,Medium Risk,Police,0
93,2026-01-01 23:15:00,12.992931,77.574524,South,Bengaluru,1,1,2026,23,R-180,339,54,Truck,Medium,Wet,Red,Medium,Rain,28.3,82.8,4662,12.9,39.2,84,Moderate,46.2,75.6,1.72,12,8,61,Moderate,66.9,801,5.3,No,98,Available,79.3,Leak Detected,663,38,616,236.3,0.98,Hybrid,No,Maintenance,Cyber Crime,Critical,Open,Yes,19,PS-1,Offline,Medium Risk,Fire,5
94,2026-01-01 23:30:00,12.897324,77.536265,South,Bengaluru,1,1,2026,23,R-941,347,53,Truck,Medium,Dry,Yellow,Medium,Fog,30.6,49.4,8620,26.3,9.4,116,Poor,63.8,104.4,1.87,34,27,53,Poor,50.7,4195,2.19,Yes,94,Limited,67.4,Healthy,752,15,868,234.7,0.96,Wind,No,Stable,None,Medium,Investigating,Yes,11,PS-13,Maintenance,High Risk,Fire,0
95,2026-01-01 23:45:00,13.04672,77.656546,South,Bengaluru,1,1,2026,23,R-380,338,54,Truck,Medium,Wet,Yellow,Medium,Storm,28.3,46.7,4381,20.1,35.6,84,Moderate,46.2,75.6,1.27,80,32,50,Moderate,82.7,2580,2.8,No,91,Limited,95.3,Healthy,820,26,845,230.8,0.96,Grid,No,Maintenance,Fraud,Critical,Investigating,No,32,PS-1,Maintenance,Low Risk,Police,4
96,2026-01-02 00:00:00,12.921984,77.63003,South,Bengaluru,2,1,2026,0,R-393,154,63,Bus,Low,Dry,Green,Low,Clear,31.7,54.8,7173,18.5,0,40,Good,22,36,0.98,67,8,38,Good,84.3,3985,2.95,No,92,Available,95.6,Leak Detected,517,35,686,221.1,0.97,Solar,No,Stable,None,High,Investigating,Yes,17,PS-10,Offline,Low Risk,Police,0
97,2026-01-02 00:15:00,12.909097,77.516501,East,Bengaluru,2,1,2026,0,R-669,175,62,Bus,Low,Dry,Green,Low,Rain,30.2,52.8,3707,16.7,37.6,43,Good,23.7,38.7,0.38,51,24,16,Good,86,3267,3.96,No,72,Limited,71.5,Healthy,591,19,683,223.2,0.95,Wind,Yes,Maintenance,Cyber Crime,Medium,Open,No,26,PS-12,Offline,Low Risk,None,5
98,2026-01-02 00:30:00,12.99703,77.581307,Central,Bengaluru,2,1,2026,0,R-736,412,50,Bike,Medium,Dry,Red,Medium,Clear,34.4,59.1,7522,28.6,0,103,Poor,56.7,92.7,1.03,79,28,46,Poor,46.3,3871,4.06,No,85,Available,57.8,Healthy,726,47,704,239,0.92,Grid,Yes,Stable,None,Medium,Investigating,No,11,PS-7,Maintenance,High Risk,None,0
99,2026-01-02 00:45:00,12.8938,77.624699,North,Bengaluru,2,1,2026,0,R-189,411,50,Car,Medium,Dry,Green,Medium,Clear,33.1,67.9,5710,25.5,0,102,Poor,56.1,91.8,2.03,62,17,67,Poor,78.4,4347,3.27,No,91,Available,72.1,Healthy,860,17,698,227.2,0.95,Hybrid,No,Stable,Theft,High,Resolved,No,30,PS-1,Offline,Low Risk,Ambulance,2
100,2026-01-02 01:00:00,12.937689,77.651916,East,Bengaluru,2,1,2026,1,R-111,280,56,Bike,Medium,Dry,Green,Medium,Fog,22.1,69.8,5400,18.7,4.3,100,Moderate,55,90,0.7,54,11,62,Moderate,93,4998,2.57,Yes,77,Limited,51.7,Healthy,773,51,557,237,0.99,Wind,Yes,Maintenance,Theft,Low,Resolved,Yes,17,PS-19,Offline,Medium Risk,Fire,2
101,2026-01-02 01:15:00,12.935622,77.521169,South,Bengaluru,2,1,2026,1,R-425,423,49,Truck,Medium,Wet,Yellow,Medium,Rain,30.6,55.3,5785,8.8,23.1,105,Poor,57.8,94.5,1.83,64,10,10,Poor,61.6,2614,4.85,No,78,Limited,48.1,Leak Detected,818,44,901,227.2,0.93,Grid,Yes,Stable,None,High,Open,Yes,21,PS-3,Maintenance,Low Risk,Police,0
102,2026-01-02 01:30:00,12.982624,77.633072,South,Bengaluru,2,1,2026,1,R-137,339,54,Bus,Medium,Under Maintenance,Red,Medium,Clear,28.6,78.8,3996,14.8,0,84,Moderate,46.2,75.6,1.99,85,28,47,Moderate,52.1,4905,4.04,No,81,Available,79.8,Healthy,752,23,817,223.2,0.96,Solar,No,Maintenance,Cyber Crime,Low,Open,No,19,PS-3,Offline,Medium Risk,Ambulance,1
103,2026-01-02 01:45:00,13.035236,77.5678,West,Bengaluru,2,1,2026,1,R-565,422,49,Car,Medium,Dry,Red,Medium,Rain,26.5,75.2,5271,20.8,11.7,105,Poor,57.8,94.5,1.71,84,22,32,Poor,65,3900,3.46,Yes,86,Limited,62.6,Healthy,836,40,852,236.3,0.93,Wind,Yes,Stable,Cyber Crime,Critical,Open,Yes,9,PS-17,Maintenance,Medium Risk,Ambulance,2
104,2026-01-02 02:00:00,12.986323,77.640713,South,Bengaluru,2,1,2026,2,R-524,175,62,Bus,Low,Under Maintenance,Green,Low,Rain,28.7,63.9,2726,19.8,26.2,43,Good,23.7,38.7,1.08,41,6,26,Good,75.4,2119,2.54,Yes,98,Available,43.4,Leak Detected,417,48,632,232,0.96,Grid,No,Stable,Robbery,Medium,Resolved,No,35,PS-6,Active,Medium Risk,Ambulance,5
105,2026-01-02 02:15:00,13.00587,77.564827,West,Bengaluru,2,1,2026,2,R-710,173,62,Car,Low,Dry,Yellow,Low,Fog,27.4,45.4,2657,18.1,36.5,73,Moderate,40.2,65.7,1.6,29,24,22,Moderate,54.4,1119,5.51,Yes,72,Limited,79.6,Healthy,670,42,690,228.4,0.99,Wind,Yes,Maintenance,Theft,Critical,Resolved,Yes,32,PS-5,Offline,Medium Risk,Ambulance,1
106,2026-01-02 02:30:00,12.920243,77.623464,North,Bengaluru,2,1,2026,2,R-691,225,59,Car,Medium,Under Maintenance,Green,Medium,Storm,27.3,50.3,7588,12.9,15.1,56,Moderate,30.8,50.4,0.59,84,13,43,Moderate,90.3,4269,4.26,No,91,Limited,85.3,Leak Detected,657,50,722,223.6,0.96,Wind,No,Maintenance,Robbery,High,Investigating,No,13,PS-4,Maintenance,Low Risk,None,2
107,2026-01-02 02:45:00,12.95409,77.56415,Central,Bengaluru,2,1,2026,2,R-728,131,64,Car,Low,Dry,Yellow,Low,Rain,35.5,40.3,1746,25.6,19.4,40,Good,22,36,1.44,21,7,43,Good,56.8,1455,4.44,No,99,Limited,76.8,Leak Detected,586,18,470,232.8,0.94,Solar,No,Stable,Cyber Crime,Low,Investigating,Yes,15,PS-2,Offline,Low Risk,Police,2
108,2026-01-02 03:00:00,12.9465,77.573223,Central,Bengaluru,2,1,2026,3,R-305,124,64,Car,Low,Under Maintenance,Red,Low,Fog,23,44.5,3330,23.2,22.8,61,Moderate,33.6,54.9,1.41,54,35,45,Moderate,57,2393,3.82,No,88,Available,55.7,Leak Detected,533,21,660,221.4,0.93,Grid,No,Maintenance,Fraud,Critical,Resolved,No,20,PS-11,Offline,High Risk,None,5
109,2026-01-02 03:15:00,12.931251,77.571228,South,Bengaluru,2,1,2026,3,R-793,94,66,Bike,Low,Wet,Yellow,Low,Storm,35.4,65.8,1079,22.5,11.3,40,Good,22,36,0.85,61,26,53,Good,49,2262,3.91,No,76,Limited,51,Healthy,499,27,464,234.7,0.99,Solar,Yes,Stable,None,Medium,Investigating,No,14,PS-4,Active,Low Risk,None,0
110,2026-01-02 03:30:00,13.043279,77.645682,East,Bengaluru,2,1,2026,3,R-735,394,51,Bus,Medium,Wet,Red,Medium,Clear,34.2,64.5,7260,27.9,0,98,Moderate,53.9,88.2,0.83,38,29,26,Moderate,47.9,4266,3.91,Yes,86,Limited,63.6,Healthy,778,22,909,229.2,0.97,Grid,Yes,Maintenance,Cyber Crime,Low,Resolved,No,21,PS-6,Maintenance,Medium Risk,Ambulance,3
111,2026-01-02 03:45:00,12.919426,77.577831,West,Bengaluru,2,1,2026,3,R-817,321,54,Bus,Medium,Wet,Yellow,Medium,Fog,25.9,49,2074,29.5,27.8,110,Poor,60.5,99,1.85,44,30,40,Poor,74.4,3920,2.78,Yes,85,Available,50.6,Leak Detected,539,55,835,230.7,0.93,Wind,No,Maintenance,Robbery,Low,Resolved,Yes,15,PS-2,Active,Medium Risk,None,1
112,2026-01-02 04:00:00,12.947754,77.599656,East,Bengaluru,2,1,2026,4,R-452,310,55,Car,Medium,Wet,Green,Medium,Fog,26.9,74,5960,10,23.5,107,Poor,58.9,96.3,1.53,32,29,46,Poor,63.8,4981,3.95,No,98,Available,62.9,Leak Detected,697,55,634,237.4,0.96,Hybrid,No,Maintenance,Robbery,Low,Open,Yes,26,PS-8,Offline,Medium Risk,Fire,3
113,2026-01-02 04:15:00,13.032031,77.634956,East,Bengaluru,2,1,2026,4,R-865,389,51,Truck,Medium,Wet,Green,Medium,Storm,24.6,41.2,6961,10.9,10.8,97,Moderate,53.4,87.3,1.71,20,11,31,Moderate,66,1582,2.26,No,87,Available,41.6,Leak Detected,807,20,692,225.2,0.92,Wind,No,Stable,Robbery,Medium,Investigating,No,33,PS-5,Active,High Risk,Ambulance,1
114,2026-01-02 04:30:00,13.028279,77.584751,Central,Bengaluru,2,1,2026,4,R-378,97,66,Truck,Low,Dry,Red,Low,Fog,29.6,69.5,4740,20.8,25.8,54,Moderate,29.7,48.6,1.37,77,25,78,Moderate,61.4,3644,3.93,Yes,95,Available,66.5,Leak Detected,458,31,426,226.1,0.9,Solar,No,Maintenance,Robbery,Critical,Investigating,Yes,36,PS-16,Offline,Low Risk,None,3
115,2026-01-02 04:45:00,12.977714,77.540171,Central,Bengaluru,2,1,2026,4,R-547,385,51,Truck,Medium,Dry,Green,Medium,Rain,32,72.3,7786,14.5,11.3,96,Moderate,52.8,86.4,1.1,40,21,44,Moderate,60.1,3002,3.65,Yes,75,Available,57.4,Leak Detected,851,43,774,234,0.95,Hybrid,Yes,Stable,None,Low,Investigating,Yes,16,PS-4,Offline,Medium Risk,Ambulance,0
116,2026-01-02 05:00:00,12.92725,77.534109,West,Bengaluru,2,1,2026,5,R-322,446,48,Bus,Medium,Wet,Yellow,Medium,Storm,33,64.9,4042,16.6,31.9,111,Poor,61.1,99.9,0.93,28,6,44,Poor,86.1,1384,4.17,Yes,76,Limited,89,Healthy,658,30,893,235.4,0.94,Grid,Yes,Maintenance,None,Low,Investigating,Yes,35,PS-13,Maintenance,Medium Risk,Fire,0
117,2026-01-02 05:15:00,12.973348,77.55053,East,Bengaluru,2,1,2026,5,R-303,161,62,Bus,Low,Dry,Red,Low,Clear,25,45.6,6184,15.9,0,40,Good,22,36,0.33,45,23,25,Good,66,2791,2.04,Yes,88,Limited,81.3,Healthy,501,20,538,223.2,0.91,Hybrid,Yes,Stable,Cyber Crime,High,Investigating,Yes,39,PS-4,Active,Medium Risk,Ambulance,3
118,2026-01-02 05:30:00,13.00731,77.513416,West,Bengaluru,2,1,2026,5,R-466,365,52,Bike,Medium,Wet,Green,Medium,Fog,28.8,61.9,3414,18.6,20.1,121,Poor,66.6,108.9,1.38,79,16,51,Poor,83.8,3055,5.47,Yes,72,Available,67,Leak Detected,792,38,847,220,0.96,Wind,Yes,Stable,Fraud,High,Investigating,Yes,25,PS-3,Maintenance,High Risk,None,2
119,2026-01-02 05:45:00,12.914661,77.555301,West,Bengaluru,2,1,2026,5,R-756,348,53,Bus,Medium,Dry,Green,Medium,Storm,29.3,43.3,7841,28.4,8,87,Moderate,47.9,78.3,0.36,23,20,34,Moderate,50.2,3983,4.63,No,71,Limited,53.2,Healthy,504,28,933,229.8,0.99,Grid,No,Stable,Cyber Crime,High,Investigating,No,28,PS-2,Maintenance,Medium Risk,Police,1
120,2026-01-02 06:00:00,13.043694,77.525539,South,Bengaluru,2,1,2026,6,R-644,235,59,Truck,Medium,Dry,Green,Medium,Clear,29.4,52.4,6122,28.7,0,58,Moderate,31.9,52.2,1.36,81,18,23,Moderate,85.6,3732,4.7,No,98,Available,50,Healthy,666,40,743,226.8,0.92,Wind,No,Maintenance,Theft,High,Resolved,No,32,PS-11,Maintenance,Low Risk,Ambulance,4
121,2026-01-02 06:15:00,13.043864,77.5816,West,Bengaluru,2,1,2026,6,R-100,361,52,Car,Medium,Wet,Red,Medium,Fog,22.2,46.8,8293,12.5,12.7,120,Poor,66,108,0.72,50,5,45,Poor,93.7,4988,4.23,Yes,73,Available,67.6,Healthy,581,31,798,237.8,0.92,Hybrid,No,Stable,Robbery,Critical,Investigating,Yes,9,PS-11,Offline,Low Risk,None,5
122,2026-01-02 06:30:00,13.006926,77.602205,North,Bengaluru,2,1,2026,6,R-898,128,64,Car,Low,Wet,Yellow,Low,Fog,34.3,61.7,8620,26.7,34.9,62,Moderate,34.1,55.8,0.73,87,34,11,Moderate,78.6,3933,2.22,Yes,80,Available,59.6,Healthy,356,18,722,234.6,0.94,Wind,Yes,Stable,None,Critical,Resolved,No,14,PS-5,Offline,Low Risk,None,0
123,2026-01-02 06:45:00,12.953871,77.523613,Central,Bengaluru,2,1,2026,6,R-544,372,52,Bike,Medium,Dry,Yellow,Medium,Clear,29.8,64.4,6343,19.3,0,93,Moderate,51.2,83.7,1.37,77,12,41,Moderate,48.8,4323,3.29,Yes,73,Limited,65.4,Leak Detected,619,35,798,231.9,0.9,Hybrid,Yes,Maintenance,Cyber Crime,Critical,Investigating,Yes,33,PS-2,Active,Low Risk,Fire,2
124,2026-01-02 07:00:00,12.928888,77.60936,South,Bengaluru,2,1,2026,7,R-989,123,64,Bus,Low,Dry,Yellow,Low,Clear,31.7,45.6,4686,16.8,0,40,Good,22,36,0.93,78,11,36,Good,74,2918,4.2,Yes,92,Available,62.6,Healthy,403,25,403,225.7,0.98,Hybrid,Yes,Maintenance,None,Low,Open,No,22,PS-12,Active,Low Risk,Fire,0
125,2026-01-02 07:15:00,13.046767,77.591366,North,Bengaluru,2,1,2026,7,R-423,412,50,Truck,Medium,Under Maintenance,Red,Medium,Storm,23.2,49.9,8919,16.4,37.1,103,Poor,56.7,92.7,0.34,41,34,77,Poor,61.2,4813,3.57,Yes,70,Limited,81.1,Leak Detected,882,34,782,239.9,1,Hybrid,Yes,Maintenance,Theft,Critical,Open,No,19,PS-5,Offline,Medium Risk,Ambulance,1
126,2026-01-02 07:30:00,12.928458,77.53444,East,Bengaluru,2,1,2026,7,R-719,275,57,Bus,Medium,Wet,Red,Medium,Rain,23.8,72.6,5759,18.5,32.2,68,Moderate,37.4,61.2,1.94,49,27,77,Moderate,93.2,4323,5.98,Yes,90,Available,59,Healthy,519,35,599,234.5,0.98,Wind,No,Maintenance,Fraud,Critical,Investigating,No,14,PS-7,Active,Low Risk,Ambulance,1
127,2026-01-02 07:45:00,12.980727,77.546946,South,Bengaluru,2,1,2026,7,R-336,393,51,Car,Medium,Wet,Green,Medium,Fog,31.6,63.8,5115,26.2,19.3,128,Poor,70.4,115.2,1.53,33,32,59,Poor,71,1926,2.66,Yes,71,Limited,85.9,Healthy,681,41,756,234.8,1,Solar,Yes,Stable,Cyber Crime,Critical,Investigating,No,25,PS-15,Active,Medium Risk,None,1
128,2026-01-02 08:00:00,12.953064,77.660262,Central,Bengaluru,2,1,2026,8,R-708,711,35,Car,Very High,Under Maintenance,Green,High,Storm,28.3,81.4,1347,26.9,10.6,177,Very Poor,97.4,159.3,1.32,15,22,59,Very Poor,72.4,1203,2.76,No,82,Limited,86.4,Leak Detected,1097,25,1177,225.9,0.99,Solar,No,Maintenance,Robbery,Low,Investigating,Yes,16,PS-19,Maintenance,High Risk,Ambulance,4
129,2026-01-02 08:15:00,12.893986,77.582589,South,Bengaluru,2,1,2026,8,R-565,611,40,Car,High,Wet,Yellow,High,Fog,31.7,85.4,7524,9.1,29.6,182,Very Poor,100.1,163.8,0.47,67,25,56,Very Poor,49.5,3946,4.91,Yes,82,Limited,42.6,Healthy,932,51,1198,237.3,0.92,Solar,Yes,Stable,Fraud,Critical,Resolved,No,33,PS-10,Maintenance,Low Risk,Police,2
130,2026-01-02 08:30:00,12.98961,77.550498,West,Bengaluru,2,1,2026,8,R-609,891,26,Truck,Very High,Under Maintenance,Green,High,Rain,30.5,64.7,2776,19.7,19.6,222,Hazardous,122.1,199.8,1.08,20,24,10,Hazardous,58,3078,4.48,Yes,71,Available,48.9,Leak Detected,1059,24,1157,233.3,0.98,Hybrid,No,Stable,None,Low,Open,No,16,PS-6,Maintenance,Medium Risk,Ambulance,0
131,2026-01-02 08:45:00,12.94763,77.515734,East,Bengaluru,2,1,2026,8,R-430,894,26,Bus,Very High,Wet,Green,High,Storm,32.6,82.2,1531,12.3,6.2,223,Hazardous,122.7,200.7,1.62,45,15,77,Hazardous,66.9,2519,4.78,Yes,73,Available,69,Leak Detected,1262,53,1306,225.2,0.96,Hybrid,Yes,Maintenance,Cyber Crime,Critical,Resolved,Yes,19,PS-10,Active,Low Risk,Police,1
132,2026-01-02 09:00:00,13.01793,77.669838,West,Bengaluru,2,1,2026,9,R-146,638,39,Bus,High,Wet,Red,High,Clear,33.3,50.6,6247,10,0,159,Very Poor,87.5,143.1,0.84,18,14,48,Very Poor,71.9,3453,5.07,Yes,91,Limited,60.5,Healthy,877,27,1057,236.7,0.99,Wind,No,Stable,Theft,Medium,Resolved,Yes,34,PS-18,Offline,Medium Risk,None,1
133,2026-01-02 09:15:00,13.005994,77.56048,Central,Bengaluru,2,1,2026,9,R-119,827,29,Bike,Very High,Under Maintenance,Red,High,Fog,26.6,85.8,7519,13.8,38.8,236,Hazardous,129.8,212.4,0.83,13,15,58,Hazardous,78.2,2159,4.28,No,75,Available,91.9,Leak Detected,1138,17,1216,228.3,0.95,Solar,No,Maintenance,Cyber Crime,High,Open,No,16,PS-4,Offline,Low Risk,Ambulance,1
134,2026-01-02 09:30:00,13.034793,77.534652,East,Bengaluru,2,1,2026,9,R-595,627,39,Bus,High,Wet,Green,High,Clear,32.8,44.9,8684,17.9,0,156,Very Poor,85.8,140.4,2.19,36,28,14,Very Poor,69.3,1748,2.02,Yes,91,Available,60,Healthy,829,48,1214,234.9,0.9,Hybrid,Yes,Maintenance,Fraud,Medium,Open,No,22,PS-18,Offline,Medium Risk,Police,3
135,2026-01-02 09:45:00,12.908314,77.663328,Central,Bengaluru,2,1,2026,9,R-626,476,47,Car,High,Dry,Red,High,Rain,26.9,55.9,2159,28.6,32.4,119,Poor,65.5,107.1,1.39,31,7,49,Poor,77.5,3574,4.16,Yes,74,Available,68.2,Healthy,680,39,753,221.7,0.94,Wind,No,Maintenance,Robbery,High,Open,Yes,34,PS-19,Active,Low Risk,None,1
136,2026-01-02 10:00:00,12.965287,77.661592,South,Bengaluru,2,1,2026,10,R-981,633,39,Bus,High,Wet,Yellow,High,Fog,24.6,85.9,3706,24.7,35.4,188,Very Poor,103.4,169.2,1.16,13,7,70,Very Poor,51,4721,3.84,Yes,79,Limited,76.3,Healthy,1043,21,1090,236.4,0.98,Hybrid,Yes,Maintenance,Fraud,Critical,Resolved,No,20,PS-20,Active,High Risk,Ambulance,4
137,2026-01-02 10:15:00,12.923318,77.62105,West,Bengaluru,2,1,2026,10,R-903,596,41,Truck,High,Under Maintenance,Yellow,High,Clear,29.6,51.8,6428,21.7,0,149,Poor,82,134.1,1.7,83,31,72,Poor,51.1,4592,3.3,Yes,96,Limited,50.6,Leak Detected,781,53,901,233.7,0.96,Wind,No,Maintenance,Robbery,Low,Open,Yes,13,PS-19,Maintenance,Low Risk,Ambulance,2
138,2026-01-02 10:30:00,12.988492,77.581546,South,Bengaluru,2,1,2026,10,R-797,631,39,Bus,High,Wet,Red,High,Fog,33.1,74,8524,28.6,18,187,Very Poor,102.9,168.3,2.17,54,7,11,Very Poor,77.4,4981,3.62,Yes,97,Limited,43.7,Healthy,781,50,1064,222.2,0.93,Grid,Yes,Maintenance,Fraud,Critical,Investigating,No,29,PS-13,Offline,Medium Risk,Ambulance,2
139,2026-01-02 10:45:00,12.978867,77.644932,East,Bengaluru,2,1,2026,10,R-960,643,38,Truck,High,Dry,Yellow,High,Rain,36,73.5,2100,5.3,26.3,160,Very Poor,88,144,0.57,72,26,65,Very Poor,96.7,1912,2.34,No,97,Limited,93.6,Leak Detected,1112,26,1125,230.2,0.96,Wind,No,Maintenance,Theft,Medium,Open,No,5,PS-19,Offline,High Risk,Ambulance,5
140,2026-01-02 11:00:00,12.982216,77.515354,North,Bengaluru,2,1,2026,11,R-681,217,60,Truck,Medium,Under Maintenance,Yellow,Medium,Storm,23.6,64.1,6656,7,29.5,54,Moderate,29.7,48.6,1.3,45,19,76,Moderate,49.1,1524,2.98,Yes,91,Limited,76.8,Leak Detected,640,15,707,229.1,0.99,Hybrid,No,Maintenance,Cyber Crime,High,Resolved,Yes,7,PS-20,Maintenance,Medium Risk,Fire,1
141,2026-01-02 11:15:00,12.917053,77.518259,East,Bengaluru,2,1,2026,11,R-928,402,50,Car,Medium,Wet,Yellow,Medium,Storm,23.2,65.3,7975,24.6,10.8,100,Moderate,55,90,1.47,45,32,42,Moderate,45.8,1713,4.42,Yes,91,Limited,62.2,Healthy,685,30,900,223.6,0.95,Grid,No,Stable,Cyber Crime,Medium,Investigating,Yes,36,PS-14,Offline,Low Risk,None,2
142,2026-01-02 11:30:00,12.992762,77.630877,North,Bengaluru,2,1,2026,11,R-153,187,61,Bike,Low,Wet,Yellow,Low,Fog,28.7,63.8,8768,23.8,21.8,76,Moderate,41.8,68.4,1.02,59,20,43,Moderate,52.7,4361,2.05,No,82,Limited,97.7,Healthy,386,49,763,227.1,0.98,Hybrid,No,Maintenance,None,High,Open,No,30,PS-15,Maintenance,High Risk,Ambulance,0
143,2026-01-02 11:45:00,12.943985,77.620445,South,Bengaluru,2,1,2026,11,R-420,424,49,Car,Medium,Under Maintenance,Green,Medium,Rain,33.6,40.6,1800,18.1,27.7,106,Poor,58.3,95.4,0.97,46,13,34,Poor,46.8,1553,2.23,Yes,100,Available,82.5,Healthy,618,53,740,227.5,0.98,Solar,Yes,Stable,Cyber Crime,High,Resolved,No,9,PS-15,Offline,Medium Risk,Fire,3
144,2026-01-02 12:00:00,13.014337,77.571248,East,Bengaluru,2,1,2026,12,R-161,162,62,Bus,Low,Wet,Green,Low,Clear,28.2,64.6,8606,10,0,40,Good,22,36,1.05,72,8,28,Good,73.7,4332,2.87,Yes,99,Limited,82.9,Healthy,329,19,448,231.4,0.93,Wind,Yes,Maintenance,Robbery,Medium,Investigating,Yes,7,PS-13,Offline,Low Risk,Fire,4
145,2026-01-02 12:15:00,13.003217,77.633359,West,Bengaluru,2,1,2026,12,R-546,374,52,Truck,Medium,Under Maintenance,Green,Medium,Clear,29.6,40.2,8816,22.2,0,93,Moderate,51.2,83.7,1.78,25,23,78,Moderate,94.6,3740,3.33,No,82,Available,77.9,Healthy,711,49,798,221.6,0.95,Hybrid,Yes,Stable,Cyber Crime,Low,Resolved,Yes,24,PS-13,Active,High Risk,Fire,4
146,2026-01-02 12:30:00,12.912391,77.540895,Central,Bengaluru,2,1,2026,12,R-344,123,64,Truck,Low,Wet,Green,Low,Storm,33.1,72.2,5093,18.3,33.5,40,Good,22,36,1.15,12,6,53,Good,48,1150,3.62,Yes,95,Limited,96.4,Healthy,569,29,409,220.7,0.91,Grid,No,Stable,Theft,Medium,Investigating,Yes,5,PS-6,Maintenance,Low Risk,Fire,1
147,2026-01-02 12:45:00,12.900233,77.640795,North,Bengaluru,2,1,2026,12,R-609,313,55,Bike,Medium,Dry,Green,Medium,Rain,28,80.6,7045,22,13.6,78,Moderate,42.9,70.2,2.15,83,22,27,Moderate,62,2546,5.06,Yes,80,Available,47.2,Healthy,675,25,752,231.1,0.94,Grid,Yes,Stable,Cyber Crime,Critical,Open,Yes,36,PS-3,Active,Low Risk,Ambulance,1
148,2026-01-02 13:00:00,13.000961,77.636759,West,Bengaluru,2,1,2026,13,R-808,441,48,Bike,Medium,Dry,Green,Medium,Fog,31,66.2,4375,11,7.8,140,Poor,77,126,1.61,86,10,73,Poor,77.4,1521,4.51,No,81,Limited,40.3,Healthy,689,22,962,239.5,0.96,Solar,No,Stable,Fraud,High,Open,Yes,12,PS-5,Maintenance,Medium Risk,None,2
149,2026-01-02 13:15:00,12.993178,77.55561,West,Bengaluru,2,1,2026,13,R-357,161,62,Bus,Low,Under Maintenance,Yellow,Low,Clear,22.6,77,8576,18.4,0,40,Good,22,36,0.6,13,20,75,Good,51.2,2727,4.89,No,83,Available,84.8,Leak Detected,428,22,577,224.6,0.92,Wind,Yes,Maintenance,None,Medium,Open,No,36,PS-2,Offline,Low Risk,Ambulance,0
150,2026-01-02 13:30:00,12.951973,77.531825,South,Bengaluru,2,1,2026,13,R-747,392,51,Bus,Medium,Wet,Green,Medium,Storm,26.7,41.6,5658,6.5,6.3,98,Moderate,53.9,88.2,1.92,68,18,31,Moderate,85.3,2601,5.55,Yes,95,Available,74.7,Healthy,586,41,909,229.8,1,Wind,No,Maintenance,Theft,Low,Investigating,No,20,PS-8,Offline,Medium Risk,Ambulance,5
151,2026-01-02 13:45:00,13.046829,77.516409,West,Bengaluru,2,1,2026,13,R-851,156,63,Car,Low,Wet,Red,Low,Clear,27.5,80.5,6706,25.5,0,40,Good,22,36,1.16,40,7,11,Good,81.7,4131,5.8,Yes,81,Limited,54.3,Healthy,314,45,748,226.1,0.97,Grid,No,Maintenance,Fraud,Medium,Investigating,No,16,PS-12,Maintenance,Medium Risk,Police,1
152,2026-01-02 14:00:00,12.895234,77.578144,East,Bengaluru,2,1,2026,14,R-814,277,57,Bike,Medium,Under Maintenance,Green,Medium,Fog,30.7,56.8,8636,6.4,37.9,99,Moderate,54.5,89.1,1.58,16,8,59,Moderate,64.4,1134,3.46,Yes,90,Available,73.6,Healthy,497,36,649,230.8,0.96,Solar,Yes,Maintenance,Cyber Crime,High,Resolved,No,22,PS-2,Active,Medium Risk,Fire,4
153,2026-01-02 14:15:00,13.003572,77.618529,Central,Bengaluru,2,1,2026,14,R-399,328,54,Truck,Medium,Under Maintenance,Yellow,Medium,Clear,33.2,87.3,7625,29.5,0,82,Moderate,45.1,73.8,1.98,34,33,68,Moderate,49.6,4000,5.59,No,100,Available,46.6,Leak Detected,535,24,832,223,0.92,Grid,No,Maintenance,Fraud,Medium,Resolved,No,31,PS-15,Maintenance,High Risk,Police,3
154,2026-01-02 14:30:00,13.029487,77.547172,Central,Bengaluru,2,1,2026,14,R-760,176,62,Bus,Low,Wet,Red,Low,Clear,26.8,72.3,3673,17.2,0,44,Good,24.2,39.6,1.57,77,31,80,Good,68.6,3291,4.27,No,75,Limited,53.6,Leak Detected,473,18,501,227.1,0.95,Solar,Yes,Maintenance,None,Medium,Open,Yes,15,PS-8,Active,Low Risk,Fire,0
155,2026-01-02 14:45:00,12.931665,77.539519,Central,Bengaluru,2,1,2026,14,R-824,374,52,Car,Medium,Under Maintenance,Yellow,Medium,Rain,35.7,47.4,4673,18.5,7.3,93,Moderate,51.2,83.7,0.87,13,17,73,Moderate,85.7,4552,5.71,Yes,70,Limited,78.8,Leak Detected,766,33,917,233.3,0.98,Wind,No,Stable,Fraud,Critical,Open,Yes,40,PS-4,Offline,Low Risk,None,5
156,2026-01-02 15:00:00,12.904797,77.518805,South,Bengaluru,2,1,2026,15,R-697,192,61,Bike,Low,Wet,Green,Low,Storm,22.3,66.9,4649,21.9,38.3,48,Good,26.4,43.2,2.15,60,11,72,Good,61.8,4990,5.77,No,82,Available,83,Leak Detected,531,39,632,220.2,0.93,Hybrid,No,Stable,Robbery,Medium,Investigating,No,31,PS-15,Offline,Low Risk,None,4
157,2026-01-02 15:15:00,12.923245,77.585938,Central,Bengaluru,2,1,2026,15,R-443,151,63,Car,Low,Under Maintenance,Yellow,Low,Clear,23.2,60.5,8490,11.8,0,40,Good,22,36,0.63,69,27,27,Good,55.6,3927,3.16,No,71,Limited,90.1,Leak Detected,553,50,638,224.5,0.98,Solar,No,Maintenance,Theft,Critical,Open,No,31,PS-6,Offline,High Risk,Ambulance,1
158,2026-01-02 15:30:00,13.049093,77.520676,East,Bengaluru,2,1,2026,15,R-695,141,63,Truck,Low,Under Maintenance,Yellow,Low,Fog,34.2,71.4,4899,29.4,32.9,65,Moderate,35.8,58.5,1.01,83,5,43,Moderate,53.6,1279,2.58,No,98,Available,61.4,Healthy,430,38,605,232.7,1,Grid,No,Maintenance,Fraud,Low,Investigating,Yes,16,PS-4,Maintenance,Low Risk,Fire,3
159,2026-01-02 15:45:00,12.999671,77.620135,North,Bengaluru,2,1,2026,15,R-647,430,49,Bus,Medium,Dry,Green,Medium,Fog,23.9,54.1,7379,17.1,14.3,137,Poor,75.4,123.3,2.03,23,11,29,Poor,71.7,2343,5.18,Yes,83,Limited,95,Healthy,647,16,925,227,0.97,Solar,No,Maintenance,Robbery,Medium,Investigating,No,6,PS-4,Active,Low Risk,Ambulance,2
160,2026-01-02 16:00:00,12.910835,77.522577,North,Bengaluru,2,1,2026,16,R-179,237,59,Car,Medium,Wet,Yellow,Medium,Rain,22.6,45.4,7496,21.5,24.1,59,Moderate,32.5,53.1,1.19,42,6,18,Moderate,61,884,5.02,Yes,99,Available,75.3,Healthy,481,37,501,221.8,0.98,Hybrid,No,Maintenance,Theft,Medium,Investigating,Yes,37,PS-19,Active,Low Risk,Police,5
161,2026-01-02 16:15:00,12.917484,77.630643,North,Bengaluru,2,1,2026,16,R-842,191,61,Car,Low,Dry,Red,Low,Rain,33.9,63.7,6719,19.7,18.1,47,Good,25.9,42.3,2.12,33,31,55,Good,97,4274,2.86,Yes,83,Available,85.7,Leak Detected,404,44,497,230.4,0.95,Hybrid,No,Stable,Robbery,Low,Resolved,No,12,PS-13,Offline,Medium Risk,Fire,4
162,2026-01-02 16:30:00,13.047594,77.578474,North,Bengaluru,2,1,2026,16,R-961,195,61,Truck,Low,Under Maintenance,Yellow,Low,Storm,24.5,89.9,5027,21.8,16.5,48,Good,26.4,43.2,1.29,20,8,28,Good,65.9,1633,4.97,Yes,72,Limited,98.5,Leak Detected,447,53,651,222.5,0.98,Wind,No,Maintenance,Robbery,Critical,Resolved,No,30,PS-16,Maintenance,Medium Risk,Ambulance,4
163,2026-01-02 16:45:00,12.968295,77.546931,South,Bengaluru,2,1,2026,16,R-130,135,64,Car,Low,Under Maintenance,Green,Low,Clear,33.6,64.9,1219,29.3,0,40,Good,22,36,1.03,51,9,48,Good,78,1589,5.04,No,95,Limited,52.1,Leak Detected,536,47,518,230.8,0.98,Grid,Yes,Maintenance,Robbery,Low,Resolved,No,25,PS-13,Offline,Medium Risk,Police,1
164,2026-01-02 17:00:00,12.968637,77.531518,West,Bengaluru,2,1,2026,17,R-599,490,46,Car,High,Under Maintenance,Red,High,Fog,28.9,67.7,5418,19.3,19.6,152,Very Poor,83.6,136.8,1.92,74,6,60,Very Poor,59,3894,4.47,No,94,Limited,59.2,Healthy,942,17,805,236.7,0.93,Grid,No,Maintenance,Theft,Low,Resolved,No,27,PS-14,Offline,Low Risk,Ambulance,2
165,2026-01-02 17:15:00,12.903591,77.620079,East,Bengaluru,2,1,2026,17,R-217,520,44,Bus,High,Dry,Green,High,Fog,29.5,41.9,6388,26.6,23.2,160,Very Poor,88,144,2.01,44,5,70,Very Poor,76.2,3392,3.51,No,80,Available,88.5,Healthy,1015,28,942,229.9,0.98,Hybrid,Yes,Maintenance,Cyber Crime,High,Resolved,Yes,36,PS-3,Maintenance,Low Risk,Fire,3
166,2026-01-02 17:30:00,12.954324,77.546142,North,Bengaluru,2,1,2026,17,R-834,424,49,Car,Medium,Under Maintenance,Yellow,Medium,Fog,25.8,68.3,5350,16.9,9.2,136,Poor,74.8,122.4,1.81,48,21,48,Poor,67.9,3366,2.8,No,78,Limited,80.3,Healthy,583,55,938,237.3,0.96,Solar,No,Maintenance,Cyber Crime,Critical,Investigating,Yes,38,PS-7,Offline,Medium Risk,Ambulance,2
167,2026-01-02 17:45:00,12.955642,77.64763,North,Bengaluru,2,1,2026,17,R-749,477,47,Bike,High,Wet,Yellow,High,Fog,33.5,72.3,3100,22.2,10.2,149,Poor,82,134.1,0.75,29,11,13,Poor,58,3343,3.86,No,83,Available,52.1,Leak Detected,696,16,859,235.8,0.93,Solar,Yes,Maintenance,Fraud,Low,Open,Yes,25,PS-20,Offline,Low Risk,None,3
168,2026-01-02 18:00:00,13.040906,77.625878,South,Bengaluru,2,1,2026,18,R-341,743,33,Car,Very High,Under Maintenance,Red,High,Clear,29,46,6441,25.7,0,185,Very Poor,101.8,166.5,2.1,77,13,73,Very Poor,91.9,2750,4.4,No,80,Limited,88.4,Healthy,1109,28,1066,222.1,0.92,Hybrid,No,Maintenance,Fraud,High,Investigating,Yes,36,PS-18,Offline,High Risk,Police,3
169,2026-01-02 18:15:00,12.999238,77.66413,South,Bengaluru,2,1,2026,18,R-471,679,37,Truck,High,Under Maintenance,Yellow,High,Storm,33.5,41.1,8920,27.6,2.4,169,Very Poor,93,152.1,1.7,16,27,40,Very Poor,58.4,3951,3.24,No,98,Available,72.1,Healthy,1055,39,933,238.2,0.94,Hybrid,No,Stable,Fraud,Medium,Resolved,Yes,15,PS-15,Maintenance,Medium Risk,None,1
170,2026-01-02 18:30:00,12.965375,77.576074,East,Bengaluru,2,1,2026,18,R-834,540,43,Truck,High,Dry,Green,High,Clear,31.8,65.3,3882,15.5,0,135,Poor,74.2,121.5,1.69,80,28,51,Poor,69,1024,5.05,Yes,90,Limited,87.5,Healthy,691,40,892,232.6,0.93,Grid,Yes,Stable,Fraud,Medium,Investigating,Yes,31,PS-11,Offline,Medium Risk,Ambulance,3
171,2026-01-02 18:45:00,12.921786,77.576319,South,Bengaluru,2,1,2026,18,R-502,488,46,Truck,High,Under Maintenance,Green,High,Fog,22.3,41.1,5575,21.2,25.4,152,Very Poor,83.6,136.8,2.02,69,11,43,Very Poor,82.2,2182,2.2,No,89,Limited,49,Leak Detected,725,51,798,220.3,0.95,Wind,No,Stable,Robbery,Medium,Investigating,Yes,17,PS-9,Offline,High Risk,None,4
172,2026-01-02 19:00:00,12.986013,77.669233,East,Bengaluru,2,1,2026,19,R-844,466,47,Bike,High,Wet,Green,High,Storm,27.7,47.3,3377,29.4,10.2,116,Poor,63.8,104.4,1.16,41,16,68,Poor,49.5,4641,2.53,No,92,Limited,81.2,Leak Detected,832,53,847,221.5,0.96,Grid,No,Stable,Theft,Critical,Resolved,Yes,5,PS-9,Maintenance,High Risk,None,3
173,2026-01-02 19:15:00,12.911158,77.652756,North,Bengaluru,2,1,2026,19,R-694,900,25,Bike,Very High,Wet,Green,High,Storm,29.1,86.5,8191,16.7,4.5,225,Hazardous,123.8,202.5,1.65,65,9,43,Hazardous,51.2,1161,5.91,No,97,Limited,84.9,Leak Detected,1194,31,1463,236.6,0.99,Hybrid,No,Stable,Robbery,High,Investigating,No,14,PS-18,Maintenance,High Risk,None,1
174,2026-01-02 19:30:00,12.926778,77.515738,East,Bengaluru,2,1,2026,19,R-267,496,46,Truck,High,Wet,Green,High,Rain,35.9,86.4,1334,16,39.6,124,Poor,68.2,111.6,1.37,68,20,24,Poor,89.8,2012,2.49,Yes,76,Limited,50.8,Healthy,906,32,1034,237.8,0.96,Grid,Yes,Maintenance,None,Low,Open,No,11,PS-11,Active,Medium Risk,Police,0
175,2026-01-02 19:45:00,13.038664,77.526971,East,Bengaluru,2,1,2026,19,R-257,601,40,Car,High,Dry,Yellow,High,Fog,33.6,73,4719,20.7,11.5,180,Very Poor,99,162,1.55,52,6,67,Very Poor,62.2,1859,2.85,Yes,95,Limited,59.4,Healthy,787,50,1159,227.6,0.94,Solar,Yes,Maintenance,Cyber Crime,Low,Open,Yes,15,PS-13,Offline,Medium Risk,Ambulance,1
176,2026-01-02 20:00:00,13.007742,77.657472,Central,Bengaluru,2,1,2026,20,R-234,232,59,Bus,Medium,Under Maintenance,Green,Medium,Storm,33.6,65.6,5010,16.1,16.1,58,Moderate,31.9,52.2,0.81,86,18,21,Moderate,85.1,3816,4.46,No,90,Limited,45.6,Leak Detected,619,29,813,233.7,0.92,Wind,Yes,Maintenance,Fraud,Critical,Resolved,Yes,35,PS-10,Active,Low Risk,Fire,2
177,2026-01-02 20:15:00,12.980966,77.598159,North,Bengaluru,2,1,2026,20,R-625,347,53,Car,Medium,Under Maintenance,Yellow,Medium,Storm,27.8,63.2,6900,19.2,10.9,86,Moderate,47.3,77.4,0.78,20,29,74,Moderate,45.9,4591,2.72,Yes,96,Limited,42.7,Leak Detected,649,35,897,234.5,0.98,Wind,No,Maintenance,Robbery,Medium,Open,Yes,10,PS-20,Offline,High Risk,Police,4
178,2026-01-02 20:30:00,12.953189,77.512129,West,Bengaluru,2,1,2026,20,R-571,353,53,Truck,Medium,Under Maintenance,Red,Medium,Clear,30.4,64.3,6066,25.3,0,88,Moderate,48.4,79.2,1.47,60,30,48,Moderate,49.6,1906,2.06,Yes,96,Available,81.8,Healthy,516,28,849,233,0.96,Wind,Yes,Stable,None,High,Resolved,Yes,35,PS-14,Active,Low Risk,Ambulance,0
179,2026-01-02 20:45:00,12.965438,77.647567,Central,Bengaluru,2,1,2026,20,R-348,158,63,Bike,Low,Wet,Red,Low,Storm,33.6,59.6,3734,5.2,25.6,40,Good,22,36,1.65,63,32,73,Good,84.1,3182,2.15,No,85,Limited,53.9,Healthy,578,16,624,231.5,0.96,Hybrid,No,Maintenance,Fraud,Low,Resolved,No,33,PS-14,Active,Low Risk,Fire,2
180,2026-01-02 21:00:00,12.927136,77.545152,East,Bengaluru,2,1,2026,21,R-716,320,54,Truck,Medium,Dry,Yellow,Medium,Fog,32.1,59.5,4414,25.8,27.3,110,Poor,60.5,99,1.7,70,30,30,Poor,78,3113,4.76,Yes,91,Limited,47.7,Healthy,550,53,821,222,0.94,Wind,No,Stable,Fraud,Medium,Investigating,Yes,6,PS-12,Offline,Medium Risk,Ambulance,2
181,2026-01-02 21:15:00,12.944038,77.528235,South,Bengaluru,2,1,2026,21,R-223,337,54,Bike,Medium,Wet,Yellow,Medium,Clear,35.9,79.2,7302,6.2,0,84,Moderate,46.2,75.6,1.97,44,33,29,Moderate,90.2,1653,4.83,No,95,Limited,97.8,Healthy,541,54,899,235.6,0.99,Grid,Yes,Stable,None,Low,Open,No,15,PS-10,Maintenance,Medium Risk,None,0
182,2026-01-02 21:30:00,12.943537,77.532044,South,Bengaluru,2,1,2026,21,R-549,130,64,Truck,Low,Dry,Green,Low,Rain,33.7,63.7,3349,17.6,4.3,40,Good,22,36,1.01,63,16,41,Good,53,4254,5.15,Yes,95,Limited,64.8,Leak Detected,514,48,729,227.2,0.9,Solar,Yes,Stable,Robbery,Low,Resolved,No,30,PS-6,Offline,Low Risk,None,1
183,2026-01-02 21:45:00,12.89925,77.611057,Central,Bengaluru,2,1,2026,21,R-402,418,50,Truck,Medium,Wet,Red,Medium,Rain,31.8,83.7,6910,23.6,36.5,104,Poor,57.2,93.6,0.32,45,33,77,Poor,77.4,2003,4.8,No,90,Available,93.3,Leak Detected,744,40,769,237.6,0.91,Hybrid,No,Stable,Cyber Crime,High,Open,Yes,37,PS-18,Offline,High Risk,Fire,2
184,2026-01-02 22:00:00,12.984801,77.548614,East,Bengaluru,2,1,2026,22,R-843,91,66,Truck,Low,Under Maintenance,Green,Low,Clear,32.2,82.1,3127,20.7,0,40,Good,22,36,0.97,16,29,25,Good,68.8,842,3.81,Yes,95,Available,61,Leak Detected,582,51,685,222.8,0.94,Solar,Yes,Maintenance,Cyber Crime,Medium,Resolved,No,11,PS-5,Maintenance,Medium Risk,None,1
185,2026-01-02 22:15:00,13.032161,77.5862,West,Bengaluru,2,1,2026,22,R-179,127,64,Bus,Low,Under Maintenance,Red,Low,Clear,27.6,67.9,7380,14.9,0,40,Good,22,36,0.8,73,25,64,Good,97.8,4810,4.93,No,96,Available,48.7,Healthy,525,44,443,239.4,0.95,Grid,Yes,Maintenance,Fraud,Critical,Open,Yes,40,PS-12,Active,High Risk,None,1
186,2026-01-02 22:30:00,12.936334,77.593644,North,Bengaluru,2,1,2026,22,R-480,141,63,Bus,Low,Wet,Yellow,Low,Fog,26.1,41.4,2170,8.6,24,65,Moderate,35.8,58.5,0.39,49,33,46,Moderate,56.4,4804,2.01,No,72,Available,65.1,Leak Detected,580,43,563,235.6,0.95,Solar,Yes,Maintenance,Cyber Crime,Critical,Investigating,No,14,PS-11,Active,High Risk,None,4
187,2026-01-02 22:45:00,12.976559,77.663293,West,Bengaluru,2,1,2026,22,R-853,199,61,Bus,Low,Under Maintenance,Green,Low,Storm,34.1,75.4,5685,20.8,31.1,49,Good,27,44.1,0.89,25,25,20,Good,55.2,1233,5.83,Yes,94,Limited,70.2,Healthy,410,49,541,239.2,0.93,Solar,Yes,Maintenance,Robbery,Low,Investigating,No,30,PS-19,Active,Medium Risk,Police,3
188,2026-01-02 23:00:00,12.893849,77.594464,West,Bengaluru,2,1,2026,23,R-363,303,55,Car,Medium,Dry,Green,Medium,Rain,29.6,54.3,2496,11.4,4.5,75,Moderate,41.2,67.5,0.88,62,26,31,Moderate,48.1,3464,2.73,Yes,79,Limited,45.9,Healthy,664,35,685,227.5,0.98,Grid,Yes,Stable,Fraud,Medium,Investigating,Yes,36,PS-17,Maintenance,Medium Risk,Police,3
189,2026-01-02 23:15:00,12.978499,77.520473,North,Bengaluru,2,1,2026,23,R-517,111,65,Bike,Low,Dry,Yellow,Low,Fog,29.8,69.3,1831,11.2,22.6,57,Moderate,31.4,51.3,1.79,48,23,62,Moderate,68.6,4899,2.81,Yes,81,Available,86.9,Leak Detected,545,43,382,220,0.95,Hybrid,Yes,Stable,Fraud,Low,Resolved,No,21,PS-13,Offline,High Risk,Ambulance,5
190,2026-01-02 23:30:00,12.915827,77.595454,North,Bengaluru,2,1,2026,23,R-407,341,53,Car,Medium,Wet,Red,Medium,Fog,23.7,47,5558,30,35.3,115,Poor,63.3,103.5,0.7,74,35,50,Poor,91.8,3606,4.54,No,78,Available,79.7,Leak Detected,665,28,826,239.2,0.93,Solar,Yes,Maintenance,None,Low,Open,Yes,31,PS-18,Maintenance,High Risk,None,0
191,2026-01-02 23:45:00,12.976184,77.652812,West,Bengaluru,2,1,2026,23,R-788,281,56,Car,Medium,Wet,Yellow,Medium,Clear,33.6,57.9,2451,26,0,70,Moderate,38.5,63,1.84,11,8,69,Moderate,64.6,2380,3.78,Yes,93,Available,85.5,Leak Detected,529,20,845,232.5,0.98,Solar,Yes,Maintenance,None,High,Open,No,36,PS-20,Active,Low Risk,Ambulance,0
192,2026-01-03 00:00:00,13.029187,77.601056,West,Bengaluru,3,1,2026,0,R-274,406,50,Bike,Medium,Under Maintenance,Red,Medium,Storm,29.9,74.1,5629,9.4,23.9,101,Poor,55.6,90.9,1.72,26,13,39,Poor,91.7,3047,2.77,Yes,92,Limited,80.8,Leak Detected,557,42,984,233.5,0.97,Hybrid,No,Maintenance,None,High,Open,No,36,PS-12,Maintenance,Low Risk,Ambulance,0
193,2026-01-03 00:15:00,12.975186,77.560599,West,Bengaluru,3,1,2026,0,R-299,104,65,Bus,Low,Dry,Red,Low,Fog,33.3,89.5,2848,29.5,17.5,56,Moderate,30.8,50.4,0.44,41,11,31,Moderate,62.4,1314,4.5,Yes,70,Limited,65.9,Healthy,557,55,525,236.8,0.92,Wind,Yes,Maintenance,Fraud,Low,Resolved,Yes,9,PS-20,Maintenance,Medium Risk,Police,4
194,2026-01-03 00:30:00,13.045924,77.656674,West,Bengaluru,3,1,2026,0,R-420,376,52,Car,Medium,Dry,Green,Medium,Clear,34.9,62.1,3469,20.3,0,94,Moderate,51.7,84.6,1.12,23,26,17,Moderate,74.6,3215,5.4,No,73,Limited,54,Healthy,758,39,863,235.9,0.99,Grid,No,Stable,None,Critical,Investigating,No,17,PS-4,Active,Low Risk,Police,0
195,2026-01-03 00:45:00,12.910157,77.591424,East,Bengaluru,3,1,2026,0,R-531,383,51,Truck,Medium,Under Maintenance,Red,Medium,Rain,28.2,52.2,7529,6.1,6,95,Moderate,52.3,85.5,1.41,75,35,55,Moderate,61.5,1992,2.59,No,89,Limited,57.5,Healthy,798,52,969,233.6,0.91,Grid,No,Maintenance,Cyber Crime,Medium,Open,Yes,9,PS-11,Active,High Risk,None,4
196,2026-01-03 01:00:00,12.980576,77.563706,East,Bengaluru,3,1,2026,1,R-528,387,51,Bus,Medium,Dry,Green,Medium,Fog,28.4,79.5,1345,17.4,36.9,126,Poor,69.3,113.4,1.51,39,19,37,Poor,57.7,3515,5.23,No,76,Limited,51.1,Healthy,722,15,674,227.2,0.96,Solar,No,Maintenance,Cyber Crime,Medium,Investigating,No,7,PS-1,Active,Low Risk,Fire,2
197,2026-01-03 01:15:00,12.944371,77.598721,South,Bengaluru,3,1,2026,1,R-300,192,61,Car,Low,Dry,Yellow,Low,Fog,34.7,41,6549,8.4,26.5,78,Moderate,42.9,70.2,1.98,53,34,36,Moderate,61.2,2767,3.48,No,91,Available,96.5,Leak Detected,375,22,515,237.7,0.91,Solar,Yes,Maintenance,Theft,High,Resolved,No,20,PS-2,Maintenance,High Risk,Ambulance,5
198,2026-01-03 01:30:00,12.929547,77.610713,East,Bengaluru,3,1,2026,1,R-993,230,59,Bike,Medium,Under Maintenance,Red,Medium,Rain,34.4,50.5,1666,24.6,31.8,57,Moderate,31.4,51.3,1.47,31,21,59,Moderate,84.8,4971,3.5,No,75,Limited,82.7,Leak Detected,633,45,617,231.6,0.96,Grid,Yes,Stable,Robbery,Medium,Resolved,Yes,30,PS-7,Offline,Medium Risk,None,5
199,2026-01-03 01:45:00,12.978088,77.531493,North,Bengaluru,3,1,2026,1,R-402,160,62,Truck,Low,Under Maintenance,Yellow,Low,Fog,25.2,42.1,5196,20.5,17.6,70,Moderate,38.5,63,1.19,62,16,73,Moderate,61.8,3932,2.1,No,77,Limited,78.7,Leak Detected,352,33,666,230.3,0.96,Hybrid,Yes,Stable,Robbery,Low,Open,No,7,PS-18,Active,Medium Risk,Ambulance,3
200,2026-01-03 02:00:00,12.920503,77.606645,South,Bengaluru,3,1,2026,2,R-975,208,60,Bus,Medium,Dry,Yellow,Medium,Fog,25.9,57.3,4308,28.6,33.1,82,Moderate,45.1,73.8,1.74,11,20,75,Moderate,97.4,2022,5.46,Yes,77,Available,68.5,Leak Detected,594,36,501,226.3,0.92,Wind,Yes,Maintenance,Robbery,Critical,Investigating,Yes,28,PS-5,Maintenance,Low Risk,Fire,1
201,2026-01-03 02:15:00,12.926079,77.578115,West,Bengaluru,3,1,2026,2,R-881,335,54,Bus,Medium,Wet,Red,Medium,Fog,22.3,79.3,8554,8.5,39.1,113,Poor,62.2,101.7,2.19,82,25,60,Poor,96.9,2472,5.79,Yes,87,Limited,51.3,Healthy,653,51,816,232.8,0.93,Solar,Yes,Stable,Robbery,Low,Investigating,No,6,PS-6,Active,Low Risk,None,3
202,2026-01-03 02:30:00,12.995531,77.521197,North,Bengaluru,3,1,2026,2,R-477,185,61,Car,Low,Dry,Yellow,Low,Rain,34,60.5,2286,29.7,6,46,Good,25.3,41.4,1.09,18,17,36,Good,51.9,2484,3.24,No,75,Limited,75.2,Leak Detected,476,27,438,239.8,0.94,Wind,Yes,Maintenance,Robbery,Critical,Resolved,No,7,PS-3,Offline,High Risk,None,3
203,2026-01-03 02:45:00,12.988084,77.639598,South,Bengaluru,3,1,2026,2,R-525,438,49,Bike,Medium,Dry,Red,Medium,Fog,32.3,62.9,8461,21.5,28.2,139,Poor,76.5,125.1,0.48,15,12,30,Poor,59.5,3191,4.67,Yes,92,Available,94.5,Leak Detected,871,22,876,221.5,0.91,Hybrid,No,Maintenance,Fraud,Medium,Resolved,Yes,37,PS-2,Offline,Low Risk,Police,4
204,2026-01-03 03:00:00,13.026924,77.573468,North,Bengaluru,3,1,2026,3,R-356,275,57,Car,Medium,Under Maintenance,Green,Medium,Fog,26.6,77.4,4971,16.5,4.2,98,Moderate,53.9,88.2,1.55,66,9,70,Moderate,88.5,2121,2.68,Yes,89,Available,50.6,Healthy,698,40,611,221.6,0.98,Hybrid,Yes,Maintenance,Fraud,High,Open,Yes,7,PS-18,Active,Medium Risk,Police,5
205,2026-01-03 03:15:00,13.000455,77.581038,Central,Bengaluru,3,1,2026,3,R-104,408,50,Car,Medium,Wet,Green,Medium,Clear,35,58.7,2954,10,0,102,Poor,56.1,91.8,0.33,13,5,53,Poor,88.5,1317,2.88,Yes,95,Available,83.4,Healthy,770,47,713,236.3,0.93,Solar,Yes,Maintenance,Fraud,Critical,Open,Yes,18,PS-4,Offline,Medium Risk,Ambulance,1
206,2026-01-03 03:30:00,12.95227,77.583404,North,Bengaluru,3,1,2026,3,R-773,285,56,Bus,Medium,Under Maintenance,Red,Medium,Fog,27.2,43.4,2790,15.3,30.9,101,Poor,55.6,90.9,1.25,23,27,78,Poor,86.9,2204,3.01,Yes,89,Limited,98.9,Leak Detected,782,23,705,223.5,0.98,Hybrid,No,Stable,None,High,Open,No,29,PS-17,Maintenance,High Risk,Ambulance,0
207,2026-01-03 03:45:00,12.893394,77.631431,North,Bengaluru,3,1,2026,3,R-416,337,54,Bike,Medium,Under Maintenance,Yellow,Medium,Clear,32.6,71,1490,8.4,0,84,Moderate,46.2,75.6,1.25,35,9,58,Moderate,55.8,1110,2.95,No,93,Limited,48.1,Leak Detected,816,17,853,235.8,0.94,Hybrid,Yes,Stable,Theft,High,Resolved,Yes,18,PS-18,Active,High Risk,Ambulance,2
208,2026-01-03 04:00:00,12.941462,77.580778,North,Bengaluru,3,1,2026,4,R-166,391,51,Truck,Medium,Dry,Green,Medium,Storm,22.7,89.6,8686,10.1,4.6,97,Moderate,53.4,87.3,1.43,36,12,74,Moderate,49.1,4626,3.25,Yes,77,Limited,50.6,Healthy,696,33,936,229,0.96,Hybrid,No,Stable,Cyber Crime,High,Resolved,No,15,PS-16,Offline,Medium Risk,None,2
209,2026-01-03 04:15:00,12.958384,77.523317,East,Bengaluru,3,1,2026,4,R-709,326,54,Bike,Medium,Under Maintenance,Red,Medium,Clear,24.5,59,3505,16.3,0,81,Moderate,44.6,72.9,1.01,87,20,19,Moderate,62.7,4644,2.78,Yes,70,Available,91.7,Leak Detected,727,40,788,238.8,1,Hybrid,No,Maintenance,Fraud,High,Investigating,Yes,31,PS-2,Active,Medium Risk,Ambulance,2
210,2026-01-03 04:30:00,12.971537,77.588179,East,Bengaluru,3,1,2026,4,R-813,303,55,Car,Medium,Under Maintenance,Yellow,Medium,Fog,35,76.8,2985,16.9,36.9,105,Poor,57.8,94.5,0.99,13,27,28,Poor,58.9,4531,5.78,Yes,78,Available,76.1,Healthy,459,22,600,232.9,0.99,Wind,Yes,Stable,Robbery,Critical,Open,No,21,PS-10,Maintenance,High Risk,None,5
211,2026-01-03 04:45:00,12.907484,77.601618,East,Bengaluru,3,1,2026,4,R-933,237,59,Bike,Medium,Wet,Red,Medium,Storm,24.9,77.4,6726,12.7,39.5,59,Moderate,32.5,53.1,1.85,10,8,18,Moderate,86,4222,4.1,No,93,Limited,50.2,Leak Detected,482,23,588,229.7,0.95,Grid,No,Stable,None,Medium,Open,Yes,16,PS-7,Offline,Medium Risk,None,0
212,2026-01-03 05:00:00,12.90277,77.523713,North,Bengaluru,3,1,2026,5,R-383,400,50,Car,Medium,Wet,Green,Medium,Clear,30.2,63.9,6511,24,0,100,Moderate,55,90,0.32,44,29,10,Moderate,80.3,1142,2.39,Yes,82,Limited,95.9,Leak Detected,722,53,869,226.7,0.97,Hybrid,No,Stable,Theft,High,Investigating,No,29,PS-20,Active,Medium Risk,Fire,1
213,2026-01-03 05:15:00,13.006035,77.652075,South,Bengaluru,3,1,2026,5,R-126,81,66,Car,Low,Under Maintenance,Yellow,Low,Storm,35.3,77.6,3036,14.2,25.1,40,Good,22,36,1.55,70,21,62,Good,80,825,5.94,No,70,Limited,92.4,Leak Detected,578,43,450,232.1,0.94,Grid,No,Maintenance,Fraud,Critical,Investigating,Yes,29,PS-10,Maintenance,Low Risk,Ambulance,5
214,2026-01-03 05:30:00,12.969668,77.523934,Central,Bengaluru,3,1,2026,5,R-995,372,52,Truck,Medium,Dry,Yellow,Medium,Clear,35.4,64.1,5429,11,0,93,Moderate,51.2,83.7,0.7,21,8,65,Moderate,97.6,1039,2.64,No,98,Limited,86,Healthy,653,45,965,222.5,0.91,Wind,Yes,Maintenance,Theft,Medium,Investigating,Yes,26,PS-13,Maintenance,High Risk,None,5
215,2026-01-03 05:45:00,12.931455,77.556556,North,Bengaluru,3,1,2026,5,R-191,303,55,Bus,Medium,Under Maintenance,Red,Medium,Rain,35.1,77.2,1951,19.3,6,75,Moderate,41.2,67.5,0.9,58,23,10,Moderate,61.5,2355,5.39,No,80,Limited,87.9,Healthy,719,53,855,224.4,0.94,Wind,No,Stable,Theft,High,Open,No,34,PS-5,Maintenance,Medium Risk,Ambulance,1
216,2026-01-03 06:00:00,12.97038,77.620176,East,Bengaluru,3,1,2026,6,R-968,386,51,Truck,Medium,Under Maintenance,Green,Medium,Fog,28.9,75.2,4085,6.5,32.6,126,Poor,69.3,113.4,0.59,36,32,38,Poor,82.1,1230,5.69,Yes,97,Limited,83.6,Leak Detected,873,25,647,231,0.93,Wind,No,Maintenance,Robbery,Critical,Open,No,23,PS-7,Maintenance,High Risk,None,1
217,2026-01-03 06:15:00,13.028537,77.51866,East,Bengaluru,3,1,2026,6,R-568,147,63,Bike,Low,Under Maintenance,Green,Low,Fog,28.2,64.1,8350,8.6,9.5,66,Moderate,36.3,59.4,1.72,11,16,23,Moderate,81,2009,3.51,No,91,Available,95.6,Healthy,479,45,488,238.9,0.91,Hybrid,No,Stable,Cyber Crime,Critical,Open,Yes,12,PS-8,Offline,Medium Risk,Fire,5
218,2026-01-03 06:30:00,13.014437,77.648383,West,Bengaluru,3,1,2026,6,R-381,168,62,Truck,Low,Wet,Green,Low,Storm,23.7,44.1,5007,21,36.4,42,Good,23.1,37.8,0.73,85,23,71,Good,59.5,1574,5.18,Yes,82,Limited,100,Leak Detected,470,51,482,222,0.91,Solar,No,Stable,None,Critical,Investigating,No,9,PS-17,Maintenance,High Risk,Police,0
219,2026-01-03 06:45:00,13.027921,77.621235,North,Bengaluru,3,1,2026,6,R-668,186,61,Truck,Low,Wet,Green,Low,Clear,22.5,68.8,6346,9,0,46,Good,25.3,41.4,1.37,14,7,25,Good,71.8,3778,5.87,Yes,83,Available,54.9,Healthy,601,33,773,230.7,0.91,Wind,No,Maintenance,Theft,Medium,Investigating,Yes,7,PS-8,Active,Low Risk,Ambulance,3
220,2026-01-03 07:00:00,12.978331,77.604685,East,Bengaluru,3,1,2026,7,R-231,190,61,Truck,Low,Dry,Red,Low,Rain,25.6,59.1,8402,9.1,18.8,47,Good,25.9,42.3,2.1,64,35,28,Good,73.4,1378,4.52,No,90,Available,82.9,Healthy,554,24,601,239.8,0.94,Grid,Yes,Stable,Cyber Crime,High,Open,Yes,40,PS-14,Active,Medium Risk,Police,3
221,2026-01-03 07:15:00,13.029017,77.546122,North,Bengaluru,3,1,2026,7,R-200,250,58,Truck,Medium,Dry,Yellow,Medium,Fog,35.3,79.1,2011,9.4,29.4,92,Moderate,50.6,82.8,0.88,72,8,77,Moderate,63.5,3110,4.21,Yes,98,Available,50.2,Leak Detected,492,37,847,239.4,0.95,Wind,No,Stable,Theft,High,Open,Yes,13,PS-5,Offline,High Risk,Fire,1
222,2026-01-03 07:30:00,12.998514,77.576919,West,Bengaluru,3,1,2026,7,R-287,407,50,Truck,Medium,Wet,Yellow,Medium,Fog,29,53.8,4504,18,29,131,Poor,72.1,117.9,2.06,39,14,21,Poor,95.2,4130,5.08,Yes,90,Available,44.6,Healthy,604,25,951,221.1,0.97,Wind,Yes,Maintenance,Theft,Medium,Resolved,No,37,PS-18,Maintenance,Low Risk,None,1
223,2026-01-03 07:45:00,13.004266,77.622415,East,Bengaluru,3,1,2026,7,R-350,395,51,Car,Medium,Under Maintenance,Yellow,Medium,Rain,35.5,73.7,8224,24.1,36.2,98,Moderate,53.9,88.2,0.63,56,31,27,Moderate,72.2,1217,3.69,No,75,Limited,98.2,Leak Detected,892,30,921,237,0.99,Hybrid,No,Maintenance,None,High,Resolved,Yes,5,PS-19,Offline,Low Risk,Fire,0
224,2026-01-03 08:00:00,13.032799,77.645736,North,Bengaluru,3,1,2026,8,R-464,875,27,Car,Very High,Under Maintenance,Yellow,High,Clear,26.6,57.7,1042,13.7,0,218,Hazardous,119.9,196.2,1.67,61,16,11,Hazardous,50.4,4830,2.79,Yes,83,Available,94.8,Healthy,1104,31,1240,229.4,0.94,Hybrid,No,Stable,Fraud,High,Open,No,33,PS-6,Active,Medium Risk,None,1
225,2026-01-03 08:15:00,12.920331,77.516441,West,Bengaluru,3,1,2026,8,R-531,583,41,Bus,High,Dry,Green,High,Rain,31.3,87.4,8861,21.6,11.4,145,Poor,79.8,130.5,1.1,80,20,26,Poor,62.2,4075,4.01,No,74,Available,97.5,Healthy,797,24,1009,230,0.98,Solar,Yes,Maintenance,None,Critical,Investigating,Yes,32,PS-16,Offline,Medium Risk,None,0
226,2026-01-03 08:30:00,12.988818,77.62668,South,Bengaluru,3,1,2026,8,R-355,442,48,Bus,Medium,Dry,Yellow,Medium,Storm,35.9,52.4,7722,15.7,19.5,110,Poor,60.5,99,1.79,23,27,74,Poor,77.4,2345,5.97,Yes,77,Available,47.9,Healthy,732,27,766,228.5,0.96,Grid,Yes,Maintenance,Theft,Critical,Investigating,No,19,PS-8,Offline,Medium Risk,None,1
227,2026-01-03 08:45:00,12.938686,77.553079,East,Bengaluru,3,1,2026,8,R-459,661,37,Truck,High,Dry,Yellow,High,Storm,34.5,49.1,1004,6.3,30,165,Very Poor,90.8,148.5,0.7,70,13,22,Very Poor,67.8,2866,5.79,No,80,Limited,46.7,Healthy,1160,50,977,226.6,0.97,Hybrid,No,Stable,None,High,Open,No,10,PS-4,Active,High Risk,Police,0
228,2026-01-03 09:00:00,13.002746,77.65808,North,Bengaluru,3,1,2026,9,R-659,421,49,Bus,Medium,Wet,Red,Medium,Rain,28.6,78,5370,23,2.7,105,Poor,57.8,94.5,0.66,80,27,42,Poor,92.3,3645,5.58,No,90,Available,94.7,Healthy,818,41,939,238.6,0.95,Grid,Yes,Maintenance,Theft,Medium,Resolved,Yes,8,PS-7,Maintenance,Medium Risk,None,5
229,2026-01-03 09:15:00,12.960039,77.591485,Central,Bengaluru,3,1,2026,9,R-898,845,28,Truck,Very High,Wet,Red,High,Clear,25.8,49.2,2310,19.3,0,211,Hazardous,116.1,189.9,1.43,11,33,75,Hazardous,69.1,2920,3.21,Yes,79,Limited,73.1,Healthy,1109,17,1368,224.8,0.9,Solar,No,Stable,Theft,High,Open,Yes,18,PS-18,Active,Low Risk,Fire,5
230,2026-01-03 09:30:00,12.903319,77.622874,Central,Bengaluru,3,1,2026,9,R-370,897,26,Bike,Very High,Wet,Red,High,Fog,26.1,89.3,6127,25.4,33.1,254,Hazardous,139.7,228.6,0.72,45,10,42,Hazardous,96.5,1671,4.89,No,100,Limited,92.2,Healthy,1273,29,1313,225.4,0.96,Wind,Yes,Maintenance,Robbery,Medium,Investigating,No,28,PS-5,Offline,Low Risk,None,2
231,2026-01-03 09:45:00,12.920218,77.588483,South,Bengaluru,3,1,2026,9,R-763,635,39,Bus,High,Dry,Yellow,High,Rain,24.3,48.9,4229,22.2,8.3,158,Very Poor,86.9,142.2,0.57,64,12,68,Very Poor,93.2,4097,2.4,Yes,93,Available,76.2,Leak Detected,981,16,941,236.5,0.98,Grid,Yes,Stable,Theft,Low,Resolved,Yes,5,PS-1,Active,High Risk,Fire,1
232,2026-01-03 10:00:00,13.011547,77.652782,South,Bengaluru,3,1,2026,10,R-414,503,45,Bus,High,Wet,Green,High,Rain,25.4,67.2,3191,20.7,5.8,125,Poor,68.8,112.5,1.87,23,22,47,Poor,50.4,4202,2.57,Yes,70,Available,65.6,Healthy,833,33,868,238.4,0.97,Grid,No,Stable,Fraud,Low,Open,Yes,23,PS-12,Active,High Risk,Fire,1
233,2026-01-03 10:15:00,12.986721,77.538491,Central,Bengaluru,3,1,2026,10,R-442,584,41,Bike,High,Under Maintenance,Yellow,High,Clear,24.1,73.4,3470,20.6,0,146,Poor,80.3,131.4,0.85,23,13,73,Poor,80.1,2974,5.24,Yes,95,Available,91.7,Healthy,1069,24,997,223,0.94,Wind,Yes,Stable,None,Critical,Investigating,No,14,PS-3,Offline,Low Risk,Ambulance,0
234,2026-01-03 10:30:00,12.941091,77.577813,West,Bengaluru,3,1,2026,10,R-716,792,31,Bus,Very High,Dry,Red,High,Storm,34.9,59.2,5500,17.4,21.8,198,Very Poor,108.9,178.2,1.31,39,17,20,Very Poor,75.8,4255,4.11,Yes,92,Available,54.1,Healthy,1046,16,1227,231.2,1,Grid,Yes,Maintenance,Robbery,High,Open,No,34,PS-5,Maintenance,Medium Risk,Ambulance,2
235,2026-01-03 10:45:00,13.009519,77.528758,South,Bengaluru,3,1,2026,10,R-486,823,29,Car,Very High,Under Maintenance,Yellow,High,Rain,27.2,75.1,6429,19.5,19.6,205,Hazardous,112.8,184.5,1.43,30,5,28,Hazardous,64.4,1447,2.98,Yes,88,Limited,49,Healthy,1213,23,1343,234,0.93,Wind,No,Maintenance,None,Low,Resolved,Yes,14,PS-2,Maintenance,Low Risk,Ambulance,0
236,2026-01-03 11:00:00,12.953423,77.577779,West,Bengaluru,3,1,2026,11,R-667,337,54,Bus,Medium,Under Maintenance,Red,Medium,Rain,26.3,51.4,8630,8.9,39,84,Moderate,46.2,75.6,1.29,26,28,37,Moderate,66.2,1258,2.88,Yes,96,Available,89,Leak Detected,731,35,921,232.8,0.98,Solar,Yes,Maintenance,None,Critical,Open,No,11,PS-4,Active,Medium Risk,Fire,0
237,2026-01-03 11:15:00,12.916042,77.527034,South,Bengaluru,3,1,2026,11,R-711,94,66,Car,Low,Wet,Green,Low,Rain,29.7,71.9,1265,11,4.3,40,Good,22,36,1.38,15,23,71,Good,47.4,3377,2.37,No,70,Limited,85.1,Leak Detected,500,27,505,235,0.97,Solar,Yes,Maintenance,Robbery,Critical,Investigating,Yes,37,PS-5,Active,High Risk,None,4
238,2026-01-03 11:30:00,12.915796,77.61918,North,Bengaluru,3,1,2026,11,R-740,380,51,Car,Medium,Under Maintenance,Green,Medium,Clear,34.4,80.4,6359,8.5,0,95,Moderate,52.3,85.5,1.67,74,21,76,Moderate,94.3,3596,3.79,Yes,80,Limited,61.6,Leak Detected,550,39,752,224.2,0.96,Grid,Yes,Maintenance,Robbery,Low,Open,Yes,24,PS-18,Active,Medium Risk,Police,4
239,2026-01-03 11:45:00,12.915836,77.554819,East,Bengaluru,3,1,2026,11,R-461,240,58,Car,Medium,Dry,Green,Medium,Rain,31.9,63,4876,29.5,30.8,60,Moderate,33,54,1.14,27,35,25,Moderate,96.5,4799,2.16,No,82,Limited,91.4,Healthy,615,38,752,236.9,1,Hybrid,Yes,Maintenance,Robbery,Critical,Resolved,Yes,8,PS-8,Maintenance,High Risk,Police,2
240,2026-01-03 12:00:00,12.915313,77.573885,North,Bengaluru,3,1,2026,12,R-328,133,64,Truck,Low,Wet,Red,Low,Fog,23.3,63.3,6263,18.4,32.9,63,Moderate,34.7,56.7,0.51,33,28,23,Moderate,93.6,4051,5.07,Yes,82,Limited,43.9,Leak Detected,592,46,491,234,0.95,Hybrid,No,Stable,Fraud,Medium,Resolved,Yes,18,PS-11,Maintenance,Low Risk,None,1
241,2026-01-03 12:15:00,12.924147,77.543839,North,Bengaluru,3,1,2026,12,R-876,265,57,Truck,Medium,Wet,Yellow,Medium,Storm,30.9,44.2,1567,11.8,4.2,66,Moderate,36.3,59.4,1.96,67,32,63,Moderate,72.8,2925,2.74,Yes,72,Limited,60.5,Leak Detected,499,27,693,238.8,0.95,Solar,No,Maintenance,Fraud,Critical,Open,Yes,9,PS-19,Maintenance,Low Risk,Fire,3
242,2026-01-03 12:30:00,13.039411,77.589911,East,Bengaluru,3,1,2026,12,R-216,87,66,Truck,Low,Wet,Red,Low,Rain,32.1,89.4,8727,25.8,5.9,40,Good,22,36,1.15,84,8,14,Good,56.6,2337,3.68,Yes,89,Limited,53,Healthy,334,51,344,227.4,0.94,Hybrid,No,Stable,Fraud,Critical,Investigating,No,31,PS-14,Offline,Medium Risk,None,5
243,2026-01-03 12:45:00,12.963412,77.569699,Central,Bengaluru,3,1,2026,12,R-709,251,58,Bike,Medium,Under Maintenance,Yellow,Medium,Clear,27.3,82.3,6640,22,0,62,Moderate,34.1,55.8,1.5,89,35,22,Moderate,97.8,1650,2.36,Yes,89,Limited,46.2,Healthy,725,43,758,231.6,0.9,Hybrid,No,Stable,Theft,Medium,Resolved,No,12,PS-7,Offline,Low Risk,Fire,4
244,2026-01-03 13:00:00,13.040339,77.635151,Central,Bengaluru,3,1,2026,13,R-390,291,56,Bus,Medium,Under Maintenance,Yellow,Medium,Storm,26.3,85.1,8449,15.4,10.4,72,Moderate,39.6,64.8,2.01,63,6,11,Moderate,46.4,3867,5.36,No,80,Available,97.5,Leak Detected,564,50,741,223.9,0.96,Grid,No,Stable,None,Critical,Investigating,Yes,30,PS-11,Maintenance,Low Risk,None,0
245,2026-01-03 13:15:00,12.970681,77.611031,West,Bengaluru,3,1,2026,13,R-963,198,61,Bus,Low,Under Maintenance,Green,Low,Clear,35.3,50.2,1764,5.6,0,49,Good,27,44.1,0.32,85,9,13,Good,77.8,1445,4.29,Yes,93,Available,99,Leak Detected,443,30,782,238,0.93,Solar,No,Maintenance,Theft,Low,Resolved,Yes,14,PS-1,Maintenance,High Risk,Police,1
246,2026-01-03 13:30:00,12.912694,77.551919,South,Bengaluru,3,1,2026,13,R-195,315,55,Car,Medium,Wet,Yellow,Medium,Clear,34.8,50.4,1824,17.3,0,78,Moderate,42.9,70.2,0.34,19,20,19,Moderate,56.1,4239,3.5,No,90,Limited,88.5,Healthy,617,15,656,233.2,0.96,Grid,Yes,Maintenance,None,High,Resolved,Yes,15,PS-17,Maintenance,Medium Risk,Police,0
247,2026-01-03 13:45:00,12.893686,77.591879,South,Bengaluru,3,1,2026,13,R-321,178,62,Bus,Low,Dry,Green,Low,Clear,22.4,46.9,1683,23.2,0,44,Good,24.2,39.6,2.09,44,13,71,Good,55.6,1553,3.39,No,84,Limited,66.2,Leak Detected,426,31,516,224,0.98,Hybrid,No,Stable,Cyber Crime,High,Open,Yes,36,PS-14,Offline,Medium Risk,Fire,3
248,2026-01-03 14:00:00,12.951287,77.541955,East,Bengaluru,3,1,2026,14,R-482,398,51,Car,Medium,Wet,Green,Medium,Clear,34.5,87.9,3073,19.7,0,99,Moderate,54.5,89.1,0.86,77,16,60,Moderate,46.6,2273,5.24,No,95,Available,61.5,Healthy,658,38,838,222.9,0.93,Grid,No,Stable,Cyber Crime,High,Open,No,25,PS-8,Maintenance,Low Risk,None,3
249,2026-01-03 14:15:00,12.924794,77.599753,Central,Bengaluru,3,1,2026,14,R-926,388,51,Car,Medium,Under Maintenance,Red,Medium,Rain,27.9,77.8,3603,25.3,8.7,97,Moderate,53.4,87.3,0.39,73,20,15,Moderate,97.5,4250,2.48,No,75,Limited,75.5,Healthy,833,16,783,220.4,0.98,Grid,No,Maintenance,Cyber Crime,Medium,Resolved,Yes,39,PS-17,Active,Medium Risk,Police,1
250,2026-01-03 14:30:00,13.005721,77.553948,East,Bengaluru,3,1,2026,14,R-509,320,54,Car,Medium,Under Maintenance,Yellow,Medium,Clear,28.9,42.4,3444,22.4,0,80,Moderate,44,72,1.16,25,31,57,Moderate,94.7,1641,2.12,Yes,96,Available,48.3,Leak Detected,693,29,657,221.8,0.97,Hybrid,Yes,Stable,Fraud,High,Open,Yes,8,PS-10,Active,Medium Risk,Fire,5
251,2026-01-03 14:45:00,13.037977,77.603353,North,Bengaluru,3,1,2026,14,R-229,274,57,Bus,Medium,Dry,Red,Medium,Fog,34.4,88.3,4385,20.9,27.1,98,Moderate,53.9,88.2,1.29,40,23,71,Moderate,80,3098,3.29,No,77,Available,55.8,Leak Detected,466,37,809,236.7,0.92,Solar,Yes,Stable,Theft,Critical,Open,Yes,5,PS-7,Offline,Medium Risk,Ambulance,4
252,2026-01-03 15:00:00,13.020239,77.631856,Central,Bengaluru,3,1,2026,15,R-979,133,64,Bus,Low,Wet,Red,Low,Fog,28.4,47.7,5132,7.6,6.1,63,Moderate,34.7,56.7,2.04,59,19,75,Moderate,55.8,4078,2.75,No,83,Available,81.2,Healthy,358,44,437,234.9,0.92,Wind,Yes,Maintenance,Theft,Low,Resolved,No,27,PS-9,Active,High Risk,Police,3
253,2026-01-03 15:15:00,12.953508,77.578936,East,Bengaluru,3,1,2026,15,R-154,300,55,Truck,Medium,Wet,Yellow,Medium,Rain,23.4,72.4,6996,28.2,8.6,75,Moderate,41.2,67.5,0.66,32,24,45,Moderate,73.1,4843,4.07,Yes,91,Available,78.8,Healthy,562,22,577,237.9,0.96,Solar,Yes,Stable,Theft,High,Open,No,30,PS-13,Active,Low Risk,Fire,4
254,2026-01-03 15:30:00,12.945621,77.556079,Central,Bengaluru,3,1,2026,15,R-394,185,61,Car,Low,Dry,Green,Low,Rain,29,75,4905,23.5,34.2,46,Good,25.3,41.4,1.61,31,15,18,Good,53.8,3521,5.6,Yes,100,Available,80,Leak Detected,506,16,525,239.5,0.99,Solar,Yes,Maintenance,Theft,Critical,Investigating,Yes,36,PS-8,Offline,Low Risk,Police,1
255,2026-01-03 15:45:00,12.974043,77.536769,South,Bengaluru,3,1,2026,15,R-893,370,52,Car,Medium,Dry,Yellow,Medium,Fog,33.3,56.8,5019,23.4,39.6,122,Poor,67.1,109.8,0.79,72,13,56,Poor,69.3,3688,3.2,No,98,Limited,46.8,Healthy,595,41,732,233.2,0.91,Wind,Yes,Stable,Theft,Critical,Resolved,Yes,10,PS-7,Offline,High Risk,Police,3
256,2026-01-03 16:00:00,12.917992,77.655652,East,Bengaluru,3,1,2026,16,R-439,400,50,Truck,Medium,Under Maintenance,Yellow,Medium,Storm,35.2,53.8,2561,6,21.3,100,Moderate,55,90,0.95,88,8,65,Moderate,87.2,3642,3.15,Yes,85,Available,68,Healthy,817,33,969,231.2,0.92,Wind,No,Stable,Cyber Crime,High,Open,No,7,PS-7,Offline,High Risk,Police,1
257,2026-01-03 16:15:00,12.958852,77.615641,North,Bengaluru,3,1,2026,16,R-151,330,54,Bus,Medium,Dry,Yellow,Medium,Fog,34.3,79.3,5112,21.6,31,112,Poor,61.6,100.8,0.59,21,27,44,Poor,52.6,2411,3.73,Yes,79,Available,41.9,Leak Detected,607,55,777,228.5,1,Grid,No,Maintenance,None,High,Open,No,25,PS-19,Active,High Risk,Ambulance,0
258,2026-01-03 16:30:00,12.978685,77.55817,North,Bengaluru,3,1,2026,16,R-404,208,60,Truck,Medium,Under Maintenance,Green,Medium,Rain,27.3,83.8,4579,7.4,21.5,52,Moderate,28.6,46.8,1.62,74,34,55,Moderate,69.8,4303,3.87,No,84,Available,94.8,Healthy,573,20,529,232.3,0.93,Solar,No,Stable,Fraud,High,Open,No,13,PS-13,Maintenance,Low Risk,None,5
259,2026-01-03 16:45:00,12.898751,77.642783,North,Bengaluru,3,1,2026,16,R-441,315,55,Car,Medium,Wet,Red,Medium,Clear,28.7,56.6,1498,8,0,78,Moderate,42.9,70.2,1.41,75,28,16,Moderate,82.2,1980,4.25,No,74,Available,93.7,Healthy,619,55,724,234.4,0.99,Wind,Yes,Stable,None,Low,Open,Yes,12,PS-17,Active,Low Risk,Ambulance,0
260,2026-01-03 17:00:00,13.023236,77.581011,North,Bengaluru,3,1,2026,17,R-224,453,48,Bus,High,Wet,Yellow,High,Storm,35.8,81,7895,26.2,11.2,113,Poor,62.2,101.7,1.46,66,32,25,Poor,67.9,977,2.74,Yes,75,Available,68.6,Leak Detected,751,21,1004,229.9,0.97,Wind,No,Stable,None,Critical,Resolved,No,14,PS-1,Offline,Medium Risk,Police,0
261,2026-01-03 17:15:00,12.982886,77.515453,Central,Bengaluru,3,1,2026,17,R-555,688,36,Car,High,Wet,Green,High,Storm,28.6,76.2,3268,5.2,7.2,172,Very Poor,94.6,154.8,1.25,74,11,54,Very Poor,92.8,3999,4.05,Yes,90,Available,61.1,Leak Detected,1073,23,1080,235.7,0.97,Wind,Yes,Maintenance,None,Critical,Resolved,Yes,37,PS-17,Offline,Low Risk,Fire,0
262,2026-01-03 17:30:00,12.988796,77.574604,North,Bengaluru,3,1,2026,17,R-130,701,35,Bike,Very High,Dry,Green,High,Fog,31.3,65,6565,16.9,30.6,205,Hazardous,112.8,184.5,2.16,40,8,32,Hazardous,83.6,3946,5.02,No,99,Available,43.7,Leak Detected,909,17,988,228.8,0.94,Grid,Yes,Maintenance,Cyber Crime,Low,Investigating,No,29,PS-5,Maintenance,High Risk,Ambulance,2
263,2026-01-03 17:45:00,12.998616,77.546079,South,Bengaluru,3,1,2026,17,R-544,529,44,Bike,High,Dry,Red,High,Storm,22.3,88,1788,10.1,32.6,132,Poor,72.6,118.8,2,56,29,62,Poor,75.1,1389,3.36,No,76,Available,74.2,Leak Detected,935,37,961,232.4,0.96,Solar,Yes,Maintenance,Fraud,Critical,Investigating,No,9,PS-19,Active,Low Risk,Fire,1
264,2026-01-03 18:00:00,12.898237,77.596486,North,Bengaluru,3,1,2026,18,R-329,460,47,Bus,High,Wet,Yellow,High,Storm,31.8,43.4,8139,8.9,12.2,115,Poor,63.3,103.5,1.32,40,32,76,Poor,94.4,4896,3.25,Yes,87,Available,75,Leak Detected,944,16,726,226.8,0.93,Hybrid,Yes,Stable,Theft,Medium,Investigating,No,8,PS-8,Offline,Low Risk,Police,3
265,2026-01-03 18:15:00,13.008286,77.658698,Central,Bengaluru,3,1,2026,18,R-590,436,49,Bike,Medium,Wet,Red,Medium,Storm,22.6,41.8,5158,10.6,14.7,109,Poor,60,98.1,1.21,39,5,17,Poor,46.4,2407,4.14,No,91,Available,73.1,Healthy,784,39,750,228.6,0.94,Solar,Yes,Maintenance,Cyber Crime,Low,Investigating,No,27,PS-7,Offline,Medium Risk,Police,2
266,2026-01-03 18:30:00,12.891608,77.57609,Central,Bengaluru,3,1,2026,18,R-681,518,45,Car,High,Dry,Red,High,Clear,25.5,42.8,1464,8.2,0,129,Poor,71,116.1,0.64,15,15,54,Poor,76.9,2800,5.99,Yes,89,Limited,68.7,Healthy,1004,19,807,225,0.95,Wind,No,Stable,Cyber Crime,Critical,Investigating,No,28,PS-18,Offline,High Risk,Ambulance,5
267,2026-01-03 18:45:00,13.001643,77.590551,North,Bengaluru,3,1,2026,18,R-454,857,28,Truck,Very High,Under Maintenance,Red,High,Fog,28.8,43.9,8471,8.4,39.1,244,Hazardous,134.2,219.6,0.74,80,11,25,Hazardous,64.7,1962,2.14,Yes,92,Limited,79,Leak Detected,1065,16,1362,236.7,0.93,Wind,No,Stable,Robbery,Low,Resolved,No,36,PS-1,Offline,Medium Risk,None,1
268,2026-01-03 19:00:00,12.919508,77.578974,North,Bengaluru,3,1,2026,19,R-776,514,45,Bus,High,Dry,Red,High,Rain,32.7,86.9,8455,20.2,35.8,128,Poor,70.4,115.2,2.05,43,30,37,Poor,85.1,3593,4.9,No,97,Limited,87,Healthy,719,50,962,239,0.99,Hybrid,No,Maintenance,Fraud,High,Open,No,34,PS-8,Active,Low Risk,Fire,3
269,2026-01-03 19:15:00,12.937332,77.601373,North,Bengaluru,3,1,2026,19,R-730,443,48,Bus,Medium,Wet,Yellow,Medium,Rain,31.2,79.1,7637,24.3,1.5,110,Poor,60.5,99,0.88,51,31,43,Poor,89.9,4435,3.85,No,70,Limited,42.2,Leak Detected,838,55,977,224.4,0.91,Grid,No,Maintenance,Cyber Crime,Low,Resolved,Yes,21,PS-9,Offline,Medium Risk,Ambulance,2
270,2026-01-03 19:30:00,13.029398,77.614957,South,Bengaluru,3,1,2026,19,R-217,722,34,Car,Very High,Dry,Red,High,Rain,29.1,62,3599,6,29,180,Very Poor,99,162,0.42,43,13,12,Very Poor,81,3694,4.16,Yes,89,Available,61,Healthy,1131,43,1029,230.2,0.92,Hybrid,No,Maintenance,Theft,Low,Investigating,No,23,PS-5,Active,Medium Risk,Fire,3
271,2026-01-03 19:45:00,12.96531,77.66576,Central,Bengaluru,3,1,2026,19,R-131,899,26,Bike,Very High,Wet,Green,High,Storm,26.1,47.5,5843,5.6,24.8,224,Hazardous,123.2,201.6,1.84,75,27,75,Hazardous,86.5,3618,5.76,No,96,Available,79.4,Healthy,1244,20,1188,239.2,1,Wind,Yes,Stable,Robbery,Critical,Investigating,No,25,PS-9,Active,High Risk,Fire,2
272,2026-01-03 20:00:00,12.926943,77.560371,North,Bengaluru,3,1,2026,20,R-809,248,58,Bike,Medium,Wet,Red,Medium,Rain,35.4,60.5,1652,13.8,20.7,62,Moderate,34.1,55.8,2.04,71,24,39,Moderate,68.8,4231,2.92,Yes,99,Available,86.6,Leak Detected,743,52,838,222.8,0.93,Hybrid,No,Maintenance,Robbery,Low,Open,No,31,PS-17,Active,High Risk,None,2
273,2026-01-03 20:15:00,12.916683,77.57698,Central,Bengaluru,3,1,2026,20,R-828,172,62,Truck,Low,Under Maintenance,Green,Low,Storm,23.8,41.7,4534,5.6,7.5,43,Good,23.7,38.7,0.44,75,32,77,Good,93.7,4259,3.42,No,92,Available,82.7,Healthy,494,36,724,232.2,0.91,Grid,Yes,Maintenance,None,Critical,Resolved,No,32,PS-10,Offline,High Risk,Ambulance,0
274,2026-01-03 20:30:00,13.033296,77.604969,East,Bengaluru,3,1,2026,20,R-790,173,62,Truck,Low,Wet,Yellow,Low,Clear,28.1,65.4,5817,12,0,43,Good,23.7,38.7,1.77,39,14,73,Good,63.1,4963,5.38,No,79,Limited,63,Healthy,396,17,530,228.6,0.93,Hybrid,Yes,Maintenance,Theft,High,Open,Yes,23,PS-9,Offline,Medium Risk,Ambulance,2
275,2026-01-03 20:45:00,13.010555,77.657923,East,Bengaluru,3,1,2026,20,R-244,227,59,Car,Medium,Dry,Red,Medium,Fog,33.7,77.7,1224,20,2.6,86,Moderate,47.3,77.4,1.99,78,30,34,Moderate,45.4,1011,3.48,No,100,Limited,83.9,Healthy,609,33,533,234.3,0.99,Grid,No,Maintenance,Cyber Crime,Critical,Resolved,Yes,13,PS-9,Maintenance,High Risk,Police,3
276,2026-01-03 21:00:00,12.942339,77.59113,East,Bengaluru,3,1,2026,21,R-564,120,64,Car,Low,Under Maintenance,Red,Low,Rain,26.4,86.2,4550,7.5,28.5,40,Good,22,36,1.29,34,31,14,Good,95.3,865,2.98,No,97,Available,80.4,Leak Detected,510,24,618,236.3,0.97,Hybrid,Yes,Stable,None,Low,Investigating,Yes,5,PS-14,Active,Medium Risk,Ambulance,0
277,2026-01-03 21:15:00,12.956905,77.552092,West,Bengaluru,3,1,2026,21,R-746,443,48,Bike,Medium,Under Maintenance,Yellow,Medium,Rain,28.8,72.8,2475,26.9,33.8,110,Poor,60.5,99,1.96,72,20,60,Poor,76.7,4740,3.18,Yes,73,Limited,65.2,Leak Detected,759,30,1032,228.5,0.92,Hybrid,Yes,Maintenance,None,Critical,Investigating,Yes,35,PS-16,Maintenance,Medium Risk,Ambulance,0
278,2026-01-03 21:30:00,12.971198,77.65237,West,Bengaluru,3,1,2026,21,R-162,94,66,Bus,Low,Wet,Red,Low,Fog,26.4,59.6,4620,15.6,11.2,53,Moderate,29.2,47.7,0.4,72,28,38,Moderate,63,1173,3.23,No,77,Available,72.2,Healthy,558,54,512,222.6,0.95,Grid,No,Stable,Robbery,High,Resolved,Yes,8,PS-17,Active,Medium Risk,Ambulance,2
279,2026-01-03 21:45:00,12.93643,77.535825,East,Bengaluru,3,1,2026,21,R-439,354,53,Truck,Medium,Dry,Red,Medium,Storm,32.3,87,1295,26.1,30.4,88,Moderate,48.4,79.2,1.3,74,17,72,Moderate,47.2,3119,3.21,Yes,90,Available,42,Healthy,697,40,671,236.4,0.99,Grid,Yes,Stable,Theft,Critical,Open,Yes,39,PS-20,Active,Low Risk,None,2
280,2026-01-03 22:00:00,12.958024,77.628957,East,Bengaluru,3,1,2026,22,R-380,390,51,Truck,Medium,Dry,Green,Medium,Fog,25.7,72.8,4861,14.4,17.8,127,Poor,69.9,114.3,0.72,62,22,45,Poor,70.6,4950,2.98,Yes,85,Limited,97.1,Healthy,771,29,935,239.5,0.94,Solar,No,Maintenance,Robbery,Critical,Investigating,Yes,24,PS-11,Active,High Risk,Police,1
281,2026-01-03 22:15:00,13.028372,77.58837,South,Bengaluru,3,1,2026,22,R-185,367,52,Bike,Medium,Wet,Red,Medium,Rain,33.7,66.2,7878,19.2,10.1,91,Moderate,50.1,81.9,1.76,42,18,49,Moderate,84.2,2033,2.15,No,97,Available,56.1,Healthy,804,46,896,230,1,Solar,No,Maintenance,Theft,Critical,Investigating,Yes,11,PS-14,Maintenance,Low Risk,None,2
282,2026-01-03 22:30:00,13.009704,77.536592,West,Bengaluru,3,1,2026,22,R-990,86,66,Car,Low,Dry,Yellow,Low,Rain,28.9,71.3,5297,17.2,30.2,40,Good,22,36,1.34,61,5,47,Good,51.2,3210,4.88,No,86,Limited,76.9,Leak Detected,524,25,408,225.8,0.97,Hybrid,No,Maintenance,Cyber Crime,Critical,Open,No,13,PS-6,Maintenance,High Risk,None,1
283,2026-01-03 22:45:00,12.914056,77.520728,North,Bengaluru,3,1,2026,22,R-419,242,58,Bike,Medium,Dry,Red,Medium,Storm,23.3,62.9,1775,6.5,19.3,60,Moderate,33,54,0.6,54,25,38,Moderate,63.3,915,5.71,No,79,Limited,75.1,Leak Detected,580,54,698,238.7,0.96,Solar,Yes,Stable,Theft,Low,Investigating,Yes,22,PS-6,Offline,High Risk,Police,2
284,2026-01-03 23:00:00,12.982105,77.646544,Central,Bengaluru,3,1,2026,23,R-383,347,53,Truck,Medium,Dry,Green,Medium,Storm,22,51.6,2773,7.3,32.3,86,Moderate,47.3,77.4,0.58,31,20,10,Moderate,62.1,1227,2.55,No,83,Limited,59.6,Healthy,620,50,798,227.5,0.94,Wind,No,Maintenance,Robbery,High,Investigating,Yes,18,PS-6,Maintenance,Medium Risk,Ambulance,4
285,2026-01-03 23:15:00,13.001216,77.550086,North,Bengaluru,3,1,2026,23,R-671,366,52,Truck,Medium,Under Maintenance,Yellow,Medium,Storm,24.5,83.3,8007,16.7,27.1,91,Moderate,50.1,81.9,1.68,37,24,34,Moderate,65.3,2266,5.73,Yes,76,Limited,61.7,Healthy,518,52,774,226.6,0.99,Hybrid,Yes,Maintenance,Fraud,Low,Investigating,No,35,PS-13,Active,High Risk,Fire,3
286,2026-01-03 23:30:00,13.021732,77.64811,West,Bengaluru,3,1,2026,23,R-722,400,50,Truck,Medium,Wet,Green,Medium,Clear,28.6,83.7,7148,18.6,0,100,Moderate,55,90,0.5,57,5,29,Moderate,82.4,2249,5.48,Yes,72,Limited,90,Healthy,578,43,976,234.2,0.93,Hybrid,Yes,Stable,Cyber Crime,High,Investigating,No,15,PS-19,Maintenance,Medium Risk,Police,4
287,2026-01-03 23:45:00,12.92087,77.631807,South,Bengaluru,3,1,2026,23,R-846,293,56,Bus,Medium,Dry,Green,Medium,Clear,28.2,53.8,2627,22.2,0,73,Moderate,40.2,65.7,1.08,10,14,45,Moderate,74.7,1764,3.37,Yes,88,Limited,45.3,Healthy,536,20,638,226.4,0.96,Grid,Yes,Stable,None,Medium,Investigating,No,34,PS-3,Maintenance,Low Risk,Fire,0
288,2026-01-04 00:00:00,12.939678,77.57069,East,Bengaluru,4,1,2026,0,R-282,428,49,Bus,Medium,Dry,Red,Medium,Rain,26.4,51.3,2542,11.8,8.8,107,Poor,58.9,96.3,2.16,43,27,66,Poor,59,4813,3.42,No,81,Limited,89.8,Healthy,596,52,875,223.1,0.96,Wind,No,Maintenance,Theft,Medium,Resolved,No,10,PS-17,Active,Medium Risk,Ambulance,4
289,2026-01-04 00:15:00,12.972725,77.610978,West,Bengaluru,4,1,2026,0,R-243,213,60,Truck,Medium,Under Maintenance,Yellow,Medium,Clear,27.2,58.9,5820,27.5,0,53,Moderate,29.2,47.7,0.91,23,25,55,Moderate,91.1,864,2.64,No,80,Limited,78.9,Healthy,458,37,619,223.3,0.95,Grid,No,Maintenance,None,Critical,Investigating,No,35,PS-8,Offline,High Risk,Fire,0
290,2026-01-04 00:30:00,12.998569,77.558028,South,Bengaluru,4,1,2026,0,R-881,387,51,Car,Medium,Wet,Yellow,Medium,Fog,32.8,87.7,4282,19.8,7.4,126,Poor,69.3,113.4,0.62,48,33,77,Poor,55.5,1943,2.52,No,95,Available,98.2,Leak Detected,609,37,871,227.9,0.95,Solar,Yes,Stable,Fraud,High,Resolved,Yes,16,PS-8,Active,Medium Risk,Police,2
291,2026-01-04 00:45:00,12.966375,77.565154,West,Bengaluru,4,1,2026,0,R-663,158,63,Truck,Low,Under Maintenance,Green,Low,Fog,34.8,73.4,7810,16.6,10.5,69,Moderate,38,62.1,2.04,59,9,50,Moderate,85.4,1893,3.6,No,98,Limited,89.2,Leak Detected,613,40,681,221.4,0.95,Grid,Yes,Stable,None,Medium,Resolved,No,26,PS-17,Active,High Risk,None,0
292,2026-01-04 01:00:00,12.969992,77.51708,East,Bengaluru,4,1,2026,1,R-545,119,65,Car,Low,Wet,Yellow,Low,Rain,31.2,61.3,3334,12.8,27.3,40,Good,22,36,1.21,43,35,63,Good,54.5,4062,4.73,Yes,84,Available,60.8,Healthy,604,40,375,223.2,0.91,Wind,No,Stable,Theft,Critical,Investigating,No,32,PS-2,Offline,Medium Risk,Fire,1
293,2026-01-04 01:15:00,12.949652,77.585768,East,Bengaluru,4,1,2026,1,R-964,389,51,Bus,Medium,Dry,Green,Medium,Storm,35.7,66.6,4141,26.8,4.1,97,Moderate,53.4,87.3,0.31,85,13,35,Moderate,72.3,4527,3.74,No,79,Available,47.3,Leak Detected,774,38,664,237.8,0.97,Hybrid,No,Maintenance,Cyber Crime,High,Open,No,16,PS-10,Offline,Medium Risk,Police,4
294,2026-01-04 01:30:00,12.985325,77.567159,North,Bengaluru,4,1,2026,1,R-644,246,58,Truck,Medium,Dry,Green,Medium,Fog,23.2,44.7,6953,8.6,20.2,91,Moderate,50.1,81.9,2,54,19,41,Moderate,93.7,4555,2.16,No,81,Available,48.8,Healthy,591,47,536,226.8,0.96,Hybrid,No,Maintenance,None,Low,Open,No,10,PS-14,Active,Low Risk,Fire,0
295,2026-01-04 01:45:00,12.949878,77.585667,West,Bengaluru,4,1,2026,1,R-381,235,59,Bike,Medium,Wet,Red,Medium,Rain,31.4,70.2,8452,9.5,12.1,58,Moderate,31.9,52.2,0.31,36,5,63,Moderate,79.8,3050,3.07,No,73,Available,53.5,Leak Detected,498,19,798,225.8,0.97,Wind,No,Maintenance,None,Critical,Resolved,Yes,26,PS-11,Offline,Medium Risk,None,0
296,2026-01-04 02:00:00,12.923702,77.621636,West,Bengaluru,4,1,2026,2,R-361,157,63,Truck,Low,Dry,Red,Low,Storm,33.9,88.4,6172,17.2,39.4,40,Good,22,36,0.46,77,16,48,Good,60.5,3383,3.81,No,70,Available,77.5,Healthy,626,37,696,228.6,1,Grid,No,Maintenance,Fraud,Medium,Resolved,Yes,29,PS-20,Active,Low Risk,None,2
297,2026-01-04 02:15:00,12.936296,77.648383,West,Bengaluru,4,1,2026,2,R-663,188,61,Truck,Low,Wet,Green,Low,Clear,27.9,70,3616,24.3,0,47,Good,25.9,42.3,1.5,50,21,78,Good,73.2,2644,5.44,No,94,Limited,57.2,Leak Detected,418,26,642,225.8,0.95,Hybrid,No,Stable,Cyber Crime,Low,Resolved,No,31,PS-14,Active,High Risk,Police,5
298,2026-01-04 02:30:00,12.989187,77.669826,Central,Bengaluru,4,1,2026,2,R-684,194,61,Truck,Low,Dry,Yellow,Low,Rain,30.5,48.3,6124,16.8,4.5,48,Good,26.4,43.2,1,86,33,59,Good,74.3,2381,5.4,Yes,84,Limited,83.4,Healthy,433,45,546,226.5,0.93,Grid,Yes,Maintenance,Cyber Crime,Critical,Open,No,20,PS-6,Offline,High Risk,Police,5
299,2026-01-04 02:45:00,12.963954,77.663996,North,Bengaluru,4,1,2026,2,R-866,249,58,Car,Medium,Under Maintenance,Red,Medium,Rain,27.7,66,4851,26.6,3.7,62,Moderate,34.1,55.8,1.09,43,33,78,Moderate,51.4,994,3.75,Yes,79,Limited,89.7,Healthy,585,40,760,232.6,0.94,Grid,Yes,Stable,Theft,High,Investigating,Yes,15,PS-12,Offline,High Risk,Fire,2
300,2026-01-04 03:00:00,12.932321,77.562804,North,Bengaluru,4,1,2026,3,R-569,204,60,Truck,Medium,Dry,Yellow,Medium,Storm,26.8,74.5,3708,24.7,28.3,51,Moderate,28.1,45.9,1.38,86,6,27,Moderate,52.8,3162,2.1,No,88,Limited,82.8,Leak Detected,435,51,778,226.1,0.97,Hybrid,Yes,Stable,Theft,Medium,Investigating,No,29,PS-9,Maintenance,Low Risk,Police,2
301,2026-01-04 03:15:00,12.983478,77.551507,Central,Bengaluru,4,1,2026,3,R-863,378,52,Truck,Medium,Wet,Red,Medium,Fog,34.6,88.6,6274,8.9,34.3,124,Poor,68.2,111.6,0.9,57,17,72,Poor,79.4,4748,2.7,No,70,Available,60.5,Leak Detected,633,29,704,225.6,0.98,Grid,Yes,Maintenance,Theft,Critical,Resolved,Yes,38,PS-8,Maintenance,Low Risk,Fire,1
302,2026-01-04 03:30:00,12.971187,77.553436,Central,Bengaluru,4,1,2026,3,R-966,284,56,Car,Medium,Dry,Yellow,Medium,Clear,29.9,52.4,3097,24.9,0,71,Moderate,39.1,63.9,0.65,41,12,68,Moderate,54.4,2977,4.21,Yes,93,Available,84,Healthy,501,48,689,221.2,0.92,Wind,No,Stable,Robbery,Low,Resolved,Yes,17,PS-16,Active,Medium Risk,Police,4
303,2026-01-04 03:45:00,12.9843,77.605727,East,Bengaluru,4,1,2026,3,R-682,181,61,Car,Low,Under Maintenance,Yellow,Low,Clear,34.1,45.6,8262,16.1,0,45,Good,24.8,40.5,1.52,85,30,68,Good,97.6,2862,5.02,No,85,Available,59.7,Leak Detected,594,33,761,226,0.99,Solar,No,Maintenance,Cyber Crime,High,Investigating,No,12,PS-6,Offline,Low Risk,Fire,5
304,2026-01-04 04:00:00,12.918607,77.63167,East,Bengaluru,4,1,2026,4,R-196,320,54,Truck,Medium,Wet,Red,Medium,Storm,31.6,81.1,2585,24.5,30.8,80,Moderate,44,72,0.71,74,14,50,Moderate,85.6,4665,2.41,No,99,Available,74.3,Healthy,635,25,668,235.3,0.98,Solar,Yes,Maintenance,Theft,Critical,Investigating,No,22,PS-8,Offline,Medium Risk,Fire,3
305,2026-01-04 04:15:00,13.006274,77.642677,East,Bengaluru,4,1,2026,4,R-560,154,63,Bus,Low,Wet,Red,Low,Fog,27.5,60.9,7244,28.5,3.2,68,Moderate,37.4,61.2,1.08,27,19,45,Moderate,46,2456,2.83,No,79,Limited,41.4,Leak Detected,499,35,689,231.2,0.92,Solar,No,Maintenance,Robbery,Low,Open,Yes,15,PS-11,Maintenance,Medium Risk,None,1
306,2026-01-04 04:30:00,12.929975,77.667909,Central,Bengaluru,4,1,2026,4,R-484,417,50,Car,Medium,Dry,Green,Medium,Storm,31,53.8,4026,16,12.1,104,Poor,57.2,93.6,1.2,19,15,62,Poor,88.7,2032,4.36,Yes,87,Available,66.3,Leak Detected,860,49,1005,225.2,0.95,Hybrid,Yes,Stable,Fraud,Low,Investigating,No,28,PS-15,Maintenance,Low Risk,Ambulance,3
307,2026-01-04 04:45:00,12.947953,77.541838,East,Bengaluru,4,1,2026,4,R-361,319,55,Car,Medium,Dry,Green,Medium,Rain,31,61.4,7603,17.2,2.9,79,Moderate,43.5,71.1,1.3,75,16,12,Moderate,75,1062,5.84,No,95,Limited,57,Leak Detected,793,19,607,231.3,1,Grid,Yes,Stable,Fraud,Critical,Investigating,Yes,9,PS-14,Offline,Medium Risk,None,2
308,2026-01-04 05:00:00,12.919068,77.602036,West,Bengaluru,4,1,2026,5,R-640,413,50,Truck,Medium,Dry,Yellow,Medium,Fog,30,40.3,7784,14.7,1.3,133,Poor,73.2,119.7,0.91,29,13,38,Poor,76,3475,4.13,Yes,94,Limited,93.6,Healthy,659,24,768,226.2,0.91,Grid,Yes,Maintenance,None,Low,Resolved,No,19,PS-7,Active,Medium Risk,Ambulance,0
309,2026-01-04 05:15:00,13.039808,77.544758,East,Bengaluru,4,1,2026,5,R-127,297,56,Bike,Medium,Wet,Green,Medium,Fog,33.7,58.8,4636,26.7,34.3,104,Poor,57.2,93.6,0.7,16,19,66,Poor,66.2,2484,5.08,Yes,72,Available,70.4,Healthy,530,28,608,238.8,0.97,Hybrid,No,Maintenance,Theft,Medium,Open,Yes,37,PS-12,Offline,Medium Risk,Police,4
310,2026-01-04 05:30:00,13.018546,77.574049,North,Bengaluru,4,1,2026,5,R-463,88,66,Bus,Low,Wet,Green,Low,Clear,28.1,82.4,3463,10.7,0,40,Good,22,36,1.63,59,33,70,Good,45.8,3050,4.92,No,71,Available,90.8,Healthy,527,15,403,230.4,0.91,Wind,Yes,Stable,Fraud,Medium,Investigating,No,28,PS-20,Offline,Low Risk,None,2
311,2026-01-04 05:45:00,12.948411,77.657993,South,Bengaluru,4,1,2026,5,R-130,169,62,Truck,Low,Dry,Yellow,Low,Rain,27.7,58.7,7892,11.6,13.5,42,Good,23.1,37.8,1.79,52,5,70,Good,46.8,1982,5.65,Yes,87,Limited,85.8,Healthy,399,21,426,227,0.92,Wind,Yes,Stable,Theft,Critical,Resolved,No,39,PS-15,Active,High Risk,Police,3
312,2026-01-04 06:00:00,12.910512,77.61502,East,Bengaluru,4,1,2026,6,R-728,323,54,Car,Medium,Wet,Yellow,Medium,Storm,32.5,82.6,2607,8.1,21.1,80,Moderate,44,72,1.83,28,12,20,Moderate,84.4,4108,3.13,Yes,77,Available,55,Leak Detected,641,44,915,231.8,0.95,Hybrid,Yes,Maintenance,Robbery,Critical,Resolved,Yes,7,PS-13,Maintenance,Low Risk,Ambulance,2
313,2026-01-04 06:15:00,13.023661,77.548053,West,Bengaluru,4,1,2026,6,R-430,87,66,Car,Low,Under Maintenance,Yellow,Low,Rain,28.8,57.2,6150,26.7,38.9,40,Good,22,36,1.07,37,19,43,Good,73.9,1765,4.98,No,80,Available,55.3,Leak Detected,518,44,676,221.9,0.99,Hybrid,Yes,Maintenance,None,Critical,Investigating,Yes,39,PS-5,Active,Low Risk,None,0
314,2026-01-04 06:30:00,13.004031,77.530208,East,Bengaluru,4,1,2026,6,R-414,136,64,Truck,Low,Wet,Red,Low,Clear,35.8,44.1,8102,29.3,0,40,Good,22,36,0.65,75,11,28,Good,89.5,2617,5.1,Yes,93,Limited,71.5,Healthy,574,48,654,220.9,0.95,Solar,Yes,Maintenance,Cyber Crime,Medium,Open,Yes,19,PS-5,Maintenance,High Risk,None,2
315,2026-01-04 06:45:00,12.937439,77.654153,West,Bengaluru,4,1,2026,6,R-587,222,59,Truck,Medium,Wet,Green,Medium,Clear,32.1,55,1613,11.3,0,55,Moderate,30.3,49.5,1.36,49,11,18,Moderate,48.1,4161,2.56,No,96,Available,85.9,Healthy,572,25,802,228.4,0.96,Solar,No,Stable,Fraud,Medium,Resolved,Yes,30,PS-4,Maintenance,High Risk,Ambulance,2
316,2026-01-04 07:00:00,13.011694,77.511723,North,Bengaluru,4,1,2026,7,R-633,307,55,Bus,Medium,Under Maintenance,Green,Medium,Rain,32.8,69.9,2902,21.5,12.7,76,Moderate,41.8,68.4,0.54,88,19,29,Moderate,48.7,3596,5.5,Yes,82,Limited,46.8,Leak Detected,675,52,643,237.5,0.97,Wind,No,Stable,Robbery,Low,Open,No,20,PS-16,Maintenance,Medium Risk,None,1
317,2026-01-04 07:15:00,13.024772,77.627191,East,Bengaluru,4,1,2026,7,R-755,406,50,Bus,Medium,Wet,Red,Medium,Clear,33.7,89.2,1680,5.3,0,101,Poor,55.6,90.9,1.65,72,12,73,Poor,56.7,4353,4.66,Yes,94,Limited,73.6,Leak Detected,866,48,997,227.7,0.96,Grid,Yes,Stable,Robbery,Medium,Resolved,No,30,PS-2,Offline,High Risk,None,4
318,2026-01-04 07:30:00,13.020106,77.610499,West,Bengaluru,4,1,2026,7,R-785,373,52,Car,Medium,Dry,Red,Medium,Clear,24.5,71.5,3694,7.5,0,93,Moderate,51.2,83.7,2.05,13,28,68,Moderate,90,2876,3.43,No,81,Available,56.6,Healthy,689,44,948,225.3,0.98,Solar,No,Maintenance,Fraud,High,Open,No,10,PS-11,Offline,High Risk,Ambulance,3
319,2026-01-04 07:45:00,12.992312,77.560068,West,Bengaluru,4,1,2026,7,R-754,236,59,Bike,Medium,Wet,Green,Medium,Clear,25.7,75.4,3872,13.4,0,59,Moderate,32.5,53.1,1.13,56,29,30,Moderate,95.8,3444,2.06,Yes,88,Limited,94.5,Leak Detected,672,49,577,228,0.97,Solar,Yes,Stable,None,Critical,Resolved,Yes,26,PS-18,Offline,Medium Risk,Ambulance,0
320,2026-01-04 08:00:00,13.025202,77.627805,East,Bengaluru,4,1,2026,8,R-728,871,27,Car,Very High,Wet,Green,High,Storm,28.2,42,5489,8.9,39.7,217,Hazardous,119.4,195.3,0.35,38,31,38,Hazardous,58,2650,3.76,Yes,74,Available,57.8,Healthy,1334,45,1345,228.3,0.96,Solar,No,Stable,None,Critical,Investigating,No,21,PS-12,Offline,Medium Risk,Fire,0
321,2026-01-04 08:15:00,12.976459,77.522326,South,Bengaluru,4,1,2026,8,R-429,586,41,Bike,High,Under Maintenance,Red,High,Rain,23.8,89.1,7424,29.6,28.6,146,Poor,80.3,131.4,1.32,23,30,39,Poor,83.2,2634,3.86,Yes,84,Limited,69.8,Leak Detected,769,25,847,231.2,0.96,Grid,No,Maintenance,Robbery,Medium,Open,No,9,PS-9,Maintenance,Medium Risk,Police,5
322,2026-01-04 08:30:00,13.047793,77.544433,West,Bengaluru,4,1,2026,8,R-417,651,38,Bus,High,Wet,Green,High,Storm,30,83.8,8751,15.2,30.9,162,Very Poor,89.1,145.8,2.16,85,15,10,Very Poor,96.5,1233,4.85,No,88,Available,86.5,Healthy,1115,19,1172,228.3,0.92,Solar,Yes,Stable,Theft,Medium,Open,No,12,PS-11,Active,Low Risk,None,5
323,2026-01-04 08:45:00,12.951007,77.585905,East,Bengaluru,4,1,2026,8,R-287,758,33,Car,Very High,Wet,Yellow,High,Storm,24.5,61.5,3064,17.5,8.2,189,Very Poor,104,170.1,1.06,39,16,20,Very Poor,63,1570,4.1,Yes,98,Available,98.9,Healthy,1257,38,1056,223.4,1,Grid,Yes,Maintenance,Fraud,Critical,Resolved,Yes,28,PS-3,Active,Low Risk,None,2
324,2026-01-04 09:00:00,12.905515,77.619309,South,Bengaluru,4,1,2026,9,R-714,674,37,Bus,High,Under Maintenance,Green,High,Rain,34.5,75.3,8206,24.3,20.8,168,Very Poor,92.4,151.2,1.85,66,5,14,Very Poor,94.6,1785,5.23,No,99,Limited,46.5,Healthy,1126,48,1009,238,0.95,Solar,No,Maintenance,Robbery,Critical,Resolved,Yes,40,PS-3,Offline,Low Risk,Fire,2
325,2026-01-04 09:15:00,13.017049,77.516654,North,Bengaluru,4,1,2026,9,R-591,522,44,Car,High,Under Maintenance,Green,High,Storm,31.3,56,5319,19.1,28.4,130,Poor,71.5,117,1.29,79,25,35,Poor,60,1909,3.79,Yes,79,Limited,64.3,Leak Detected,714,46,784,229.8,0.93,Wind,No,Maintenance,Theft,Critical,Resolved,Yes,38,PS-2,Active,Low Risk,Fire,5
326,2026-01-04 09:30:00,13.008281,77.595487,North,Bengaluru,4,1,2026,9,R-410,782,31,Truck,Very High,Dry,Yellow,High,Rain,35.5,42.6,7761,22.1,17.9,195,Very Poor,107.3,175.5,1.27,32,21,57,Very Poor,81.1,1166,5.64,Yes,84,Available,93.5,Leak Detected,969,28,1285,224.1,0.96,Grid,Yes,Maintenance,Robbery,Medium,Investigating,Yes,23,PS-1,Active,High Risk,Fire,2
327,2026-01-04 09:45:00,13.036813,77.574313,South,Bengaluru,4,1,2026,9,R-245,599,41,Bike,High,Under Maintenance,Red,High,Rain,25.6,86.1,6573,19.3,34.7,149,Poor,82,134.1,1.49,36,35,44,Poor,66.7,883,3.66,No,82,Limited,90.6,Healthy,998,31,1156,220.2,0.97,Grid,No,Stable,Robbery,Medium,Open,Yes,12,PS-6,Offline,Low Risk,Ambulance,5
328,2026-01-04 10:00:00,13.042851,77.624404,West,Bengaluru,4,1,2026,10,R-391,567,42,Bus,High,Wet,Red,High,Rain,25.7,78,4235,25.6,35.5,141,Poor,77.6,126.9,2.11,81,32,73,Poor,55.6,1092,3.88,Yes,73,Available,42.3,Leak Detected,811,20,851,224.8,0.96,Wind,Yes,Maintenance,Robbery,Low,Investigating,Yes,18,PS-11,Active,High Risk,Police,2
329,2026-01-04 10:15:00,12.946019,77.542104,North,Bengaluru,4,1,2026,10,R-500,574,42,Truck,High,Dry,Yellow,High,Fog,29.1,51.3,6138,9.9,26.7,173,Very Poor,95.2,155.7,1.13,66,7,41,Very Poor,76.9,3157,4.23,Yes,87,Limited,43.4,Healthy,933,48,1097,220.3,0.97,Hybrid,No,Stable,Theft,Medium,Open,Yes,5,PS-13,Active,High Risk,Police,4
330,2026-01-04 10:30:00,13.011948,77.515631,Central,Bengaluru,4,1,2026,10,R-175,793,31,Car,Very High,Under Maintenance,Yellow,High,Clear,35.1,72.2,3313,22.1,0,198,Very Poor,108.9,178.2,1.03,40,26,72,Very Poor,77.5,3627,5.92,No,85,Available,67.3,Leak Detected,1057,24,1189,232.7,0.92,Wind,No,Stable,Theft,High,Investigating,Yes,32,PS-10,Active,Low Risk,None,4
331,2026-01-04 10:45:00,12.910004,77.61024,South,Bengaluru,4,1,2026,10,R-515,763,32,Truck,Very High,Wet,Yellow,High,Rain,32.3,62.2,4182,16.6,14.2,190,Very Poor,104.5,171,1.56,27,28,77,Very Poor,55.9,2577,4.85,Yes,100,Limited,94,Leak Detected,1104,34,1122,227.9,0.95,Wind,No,Maintenance,Fraud,Low,Open,Yes,26,PS-18,Active,High Risk,None,5
332,2026-01-04 11:00:00,12.893814,77.543033,Central,Bengaluru,4,1,2026,11,R-783,301,55,Bike,Medium,Wet,Red,Medium,Rain,31.5,78.5,6253,15,31.5,75,Moderate,41.2,67.5,0.68,62,15,69,Moderate,58,1869,5.05,No,80,Available,80.6,Healthy,494,16,555,238.4,0.99,Hybrid,Yes,Maintenance,Fraud,High,Open,Yes,18,PS-10,Active,Medium Risk,Fire,5
333,2026-01-04 11:15:00,13.002577,77.556359,North,Bengaluru,4,1,2026,11,R-921,308,55,Bike,Medium,Dry,Green,Medium,Storm,27.8,66.6,6065,15.2,22.9,77,Moderate,42.4,69.3,1.49,45,27,41,Moderate,96.7,2001,5.64,Yes,94,Available,48.1,Leak Detected,700,39,802,223.4,0.9,Hybrid,No,Stable,Robbery,Critical,Open,No,27,PS-11,Active,Medium Risk,Police,2
334,2026-01-04 11:30:00,13.036682,77.527755,South,Bengaluru,4,1,2026,11,R-749,149,63,Bus,Low,Wet,Red,Low,Fog,33.1,79.3,3905,20.1,32.2,67,Moderate,36.9,60.3,0.33,85,18,31,Moderate,64.4,2870,2.77,No,86,Available,69.4,Healthy,325,30,555,225.3,1,Hybrid,Yes,Maintenance,Fraud,Critical,Investigating,Yes,26,PS-18,Active,Low Risk,Police,5
335,2026-01-04 11:45:00,12.921943,77.585219,West,Bengaluru,4,1,2026,11,R-136,89,66,Bus,Low,Under Maintenance,Yellow,Low,Fog,26.7,80.2,7992,29.8,17.6,52,Moderate,28.6,46.8,1.64,26,35,54,Moderate,83.1,2380,3.96,No,72,Limited,95.1,Healthy,580,35,599,237.9,0.9,Solar,Yes,Stable,Fraud,Low,Open,No,9,PS-5,Maintenance,Low Risk,Police,1
336,2026-01-04 12:00:00,13.029226,77.608794,South,Bengaluru,4,1,2026,12,R-696,84,66,Truck,Low,Under Maintenance,Yellow,Low,Clear,33,45.3,1999,6.4,0,40,Good,22,36,0.56,20,10,21,Good,83.1,1550,2.02,Yes,76,Available,83,Leak Detected,398,55,605,223.9,0.98,Wind,Yes,Maintenance,Robbery,High,Investigating,Yes,33,PS-6,Maintenance,Low Risk,Police,2
337,2026-01-04 12:15:00,13.030508,77.602069,South,Bengaluru,4,1,2026,12,R-816,181,61,Car,Low,Under Maintenance,Green,Low,Fog,24.6,82.4,7195,29.8,7.3,75,Moderate,41.2,67.5,1.51,85,14,62,Moderate,71.9,3138,2.87,No,96,Limited,84.1,Healthy,666,31,575,235.1,0.91,Grid,No,Maintenance,Theft,Low,Investigating,No,10,PS-15,Active,High Risk,Police,3
338,2026-01-04 12:30:00,12.998511,77.520541,East,Bengaluru,4,1,2026,12,R-844,381,51,Bus,Medium,Wet,Yellow,Medium,Fog,32.4,64,5093,12.5,20.1,125,Poor,68.8,112.5,1.34,34,12,31,Poor,47.3,3690,3.64,No,80,Limited,67.8,Leak Detected,762,24,703,234.8,0.94,Grid,Yes,Maintenance,Cyber Crime,Critical,Investigating,Yes,30,PS-12,Active,Medium Risk,Ambulance,2
339,2026-01-04 12:45:00,12.905175,77.572607,South,Bengaluru,4,1,2026,12,R-377,383,51,Bus,Medium,Dry,Green,Medium,Rain,29,47.9,7797,28.9,22.4,95,Moderate,52.3,85.5,0.73,72,24,73,Moderate,67.9,2109,3.95,Yes,81,Available,44,Leak Detected,777,53,781,222.8,0.95,Wind,Yes,Maintenance,Theft,Critical,Open,No,15,PS-11,Maintenance,Medium Risk,None,5
340,2026-01-04 13:00:00,12.935104,77.625961,South,Bengaluru,4,1,2026,13,R-478,142,63,Truck,Low,Dry,Green,Low,Rain,28.3,60.9,2715,28.6,27.8,40,Good,22,36,2.03,50,25,70,Good,86.7,3591,4.31,No,92,Available,94.1,Leak Detected,615,51,509,234.2,0.96,Solar,No,Maintenance,Cyber Crime,Low,Resolved,Yes,29,PS-5,Maintenance,Medium Risk,Police,5
341,2026-01-04 13:15:00,13.034069,77.661543,East,Bengaluru,4,1,2026,13,R-168,331,54,Truck,Medium,Wet,Green,Medium,Storm,33.1,53.8,2172,14.1,31.3,82,Moderate,45.1,73.8,1.2,38,25,10,Moderate,62.3,4753,4.25,No,100,Limited,69.1,Leak Detected,790,49,683,236.5,0.96,Grid,No,Stable,Cyber Crime,Medium,Investigating,No,20,PS-13,Offline,High Risk,Police,3
342,2026-01-04 13:30:00,12.937377,77.514611,West,Bengaluru,4,1,2026,13,R-180,213,60,Bus,Medium,Wet,Green,Medium,Rain,28.3,59.1,2285,19.8,30.6,53,Moderate,29.2,47.7,0.5,45,19,45,Moderate,55.5,4513,3.14,Yes,80,Available,47.4,Leak Detected,645,45,651,222.8,0.98,Wind,Yes,Maintenance,Theft,High,Resolved,Yes,25,PS-20,Active,High Risk,Fire,3
343,2026-01-04 13:45:00,12.898937,77.624763,South,Bengaluru,4,1,2026,13,R-608,369,52,Car,Medium,Dry,Green,Medium,Clear,24.1,66.1,8701,22.8,0,92,Moderate,50.6,82.8,0.47,56,16,53,Moderate,49.3,3614,5,No,82,Available,71.5,Leak Detected,598,50,664,236.3,0.94,Grid,No,Stable,Cyber Crime,Medium,Open,Yes,8,PS-8,Offline,Low Risk,Police,2
344,2026-01-04 14:00:00,12.970093,77.561672,West,Bengaluru,4,1,2026,14,R-119,199,61,Bus,Low,Wet,Green,Low,Rain,31.4,74.9,5505,6.7,8.8,49,Good,27,44.1,0.37,39,23,72,Good,45.4,1460,4.33,No,86,Available,63.8,Healthy,623,15,770,234.9,0.93,Hybrid,No,Stable,Theft,Medium,Investigating,No,26,PS-7,Offline,Medium Risk,None,1
345,2026-01-04 14:15:00,12.894611,77.606539,Central,Bengaluru,4,1,2026,14,R-888,413,50,Truck,Medium,Dry,Green,Medium,Fog,23.6,59.4,1874,23.6,35.1,133,Poor,73.2,119.7,0.68,82,28,48,Poor,89.1,2555,5.55,No,81,Limited,43.3,Healthy,853,31,774,230.2,0.93,Solar,Yes,Maintenance,Fraud,Medium,Resolved,No,25,PS-15,Offline,High Risk,Ambulance,4
346,2026-01-04 14:30:00,12.902428,77.527162,North,Bengaluru,4,1,2026,14,R-973,325,54,Car,Medium,Under Maintenance,Green,Medium,Fog,34,87.3,8619,5,18.4,111,Poor,61.1,99.9,1.68,30,8,16,Poor,64.5,2362,5.88,No,72,Limited,65,Healthy,627,17,636,226,0.93,Solar,Yes,Stable,Theft,Critical,Open,Yes,12,PS-3,Maintenance,Low Risk,None,5
347,2026-01-04 14:45:00,12.893609,77.600117,North,Bengaluru,4,1,2026,14,R-848,435,49,Bike,Medium,Dry,Green,Medium,Fog,27.6,58.9,1304,17.4,33.4,138,Poor,75.9,124.2,1.08,11,23,15,Poor,79.8,3100,4.84,No,76,Limited,41.5,Leak Detected,681,30,914,236.2,1,Grid,No,Maintenance,Robbery,Medium,Investigating,Yes,23,PS-12,Active,High Risk,Fire,4
348,2026-01-04 15:00:00,12.995376,77.569404,Central,Bengaluru,4,1,2026,15,R-653,321,54,Bike,Medium,Wet,Red,Medium,Rain,31,60.4,5753,15,19.2,80,Moderate,44,72,0.96,47,9,73,Moderate,80.8,4140,3.44,No,72,Limited,93.1,Leak Detected,654,44,801,235.1,0.99,Solar,Yes,Maintenance,Robbery,Medium,Investigating,No,39,PS-6,Maintenance,Low Risk,Ambulance,4
349,2026-01-04 15:15:00,13.048481,77.597039,Central,Bengaluru,4,1,2026,15,R-206,121,64,Car,Low,Wet,Red,Low,Storm,31.3,48.2,2857,22.1,31.7,40,Good,22,36,1.23,51,28,57,Good,74.1,4035,4.09,No,77,Limited,85,Healthy,386,55,700,229.1,0.98,Solar,Yes,Stable,None,Critical,Open,Yes,24,PS-8,Offline,Medium Risk,Ambulance,0
350,2026-01-04 15:30:00,12.893761,77.514976,North,Bengaluru,4,1,2026,15,R-312,357,53,Bike,Medium,Under Maintenance,Green,Medium,Clear,22.9,62.6,1974,15.5,0,89,Moderate,49,80.1,0.98,61,5,48,Moderate,63.2,3871,2.83,No,89,Limited,78.1,Healthy,854,46,623,230,0.94,Hybrid,No,Maintenance,Theft,Low,Resolved,No,36,PS-1,Offline,Low Risk,None,1
351,2026-01-04 15:45:00,12.904728,77.549262,North,Bengaluru,4,1,2026,15,R-565,323,54,Truck,Medium,Under Maintenance,Yellow,Medium,Fog,25.4,89.2,1281,13.1,22.6,110,Poor,60.5,99,1.64,67,11,62,Poor,50,1851,4.37,Yes,99,Limited,44.1,Healthy,710,32,862,227.8,0.99,Grid,No,Stable,Cyber Crime,Critical,Open,No,23,PS-6,Active,Medium Risk,Fire,4
352,2026-01-04 16:00:00,12.92186,77.5878,North,Bengaluru,4,1,2026,16,R-496,136,64,Bike,Low,Wet,Green,Low,Rain,26.2,51.2,8090,22.1,34,40,Good,22,36,0.73,66,30,24,Good,50.4,1940,2.53,Yes,84,Limited,62,Leak Detected,296,48,574,232.7,0.91,Wind,Yes,Maintenance,None,Critical,Investigating,No,9,PS-3,Active,Medium Risk,Fire,0
353,2026-01-04 16:15:00,13.037084,77.655059,South,Bengaluru,4,1,2026,16,R-223,323,54,Car,Medium,Dry,Green,Medium,Storm,30,73.2,4654,21.5,22.3,80,Moderate,44,72,1.36,71,7,33,Moderate,75.9,1749,4.24,Yes,76,Available,58,Leak Detected,478,38,603,230.2,0.9,Hybrid,Yes,Maintenance,Cyber Crime,Medium,Resolved,Yes,35,PS-7,Active,High Risk,None,4
354,2026-01-04 16:30:00,12.917587,77.598485,Central,Bengaluru,4,1,2026,16,R-979,325,54,Car,Medium,Dry,Red,Medium,Rain,23.8,65.5,8054,24,19.6,81,Moderate,44.6,72.9,2.18,19,23,31,Moderate,58.1,4187,5.36,No,100,Available,89.7,Leak Detected,505,42,596,237.4,0.98,Grid,Yes,Maintenance,None,Critical,Resolved,Yes,13,PS-16,Maintenance,High Risk,None,0
355,2026-01-04 16:45:00,12.985837,77.55602,North,Bengaluru,4,1,2026,16,R-543,410,50,Car,Medium,Wet,Green,Medium,Rain,29.9,75.2,7365,8.6,26,102,Poor,56.1,91.8,1,60,13,69,Poor,79.5,3597,3.21,No,99,Limited,91.3,Leak Detected,821,46,857,235.1,0.98,Solar,No,Maintenance,Theft,Low,Investigating,No,26,PS-18,Maintenance,High Risk,Police,3
356,2026-01-04 17:00:00,13.02996,77.605109,South,Bengaluru,4,1,2026,17,R-420,722,34,Bus,Very High,Dry,Red,High,Fog,24.7,88.6,2571,25.6,21.2,210,Hazardous,115.5,189,1.08,43,24,64,Hazardous,80.5,2342,5.07,Yes,95,Limited,51.4,Leak Detected,1149,50,1136,224.1,0.95,Solar,Yes,Maintenance,Robbery,Medium,Open,No,16,PS-16,Offline,Low Risk,None,4
357,2026-01-04 17:15:00,12.963453,77.564624,East,Bengaluru,4,1,2026,17,R-720,767,32,Car,Very High,Wet,Green,High,Fog,35.5,80.7,4220,5.1,8.4,221,Hazardous,121.6,198.9,2.07,73,19,80,Hazardous,75.9,3069,4.04,No,76,Limited,43.1,Leak Detected,1238,46,1321,222.2,0.94,Hybrid,Yes,Stable,Cyber Crime,Medium,Open,No,8,PS-2,Active,Medium Risk,Police,5
358,2026-01-04 17:30:00,13.015419,77.65812,West,Bengaluru,4,1,2026,17,R-309,674,37,Car,High,Under Maintenance,Red,High,Fog,22.8,45.6,6114,23,12.1,198,Very Poor,108.9,178.2,0.76,38,24,44,Very Poor,94.2,3696,5.36,Yes,70,Limited,85.7,Healthy,1020,28,1201,232.3,1,Grid,No,Maintenance,Theft,Low,Open,Yes,31,PS-8,Active,Medium Risk,Ambulance,2
359,2026-01-04 17:45:00,12.907182,77.548203,East,Bengaluru,4,1,2026,17,R-545,869,27,Truck,Very High,Wet,Green,High,Rain,25.3,82.4,4346,22.8,18.3,217,Hazardous,119.4,195.3,1.7,59,32,58,Hazardous,46.2,3025,2.82,No,83,Limited,59.3,Leak Detected,1278,54,1317,236.8,0.96,Hybrid,Yes,Stable,Robbery,Critical,Open,No,18,PS-7,Offline,Medium Risk,None,3
360,2026-01-04 18:00:00,12.950711,77.650437,North,Bengaluru,4,1,2026,18,R-802,527,44,Bike,High,Under Maintenance,Red,High,Fog,22.9,75.7,1179,14.7,14.5,161,Very Poor,88.6,144.9,1.02,72,18,67,Very Poor,93.2,1532,3.75,No,77,Limited,62,Leak Detected,922,25,863,224.4,0.96,Solar,Yes,Maintenance,Theft,High,Open,Yes,10,PS-6,Active,High Risk,Police,3
361,2026-01-04 18:15:00,12.913845,77.532661,West,Bengaluru,4,1,2026,18,R-385,440,48,Bike,Medium,Dry,Yellow,Medium,Fog,26.4,66,2899,26.8,25.2,140,Poor,77,126,1.39,32,14,80,Poor,69.9,4267,5.58,Yes,70,Available,76.2,Healthy,624,21,827,236.3,0.92,Grid,No,Maintenance,Fraud,Medium,Open,Yes,20,PS-1,Offline,Low Risk,Fire,5
362,2026-01-04 18:30:00,12.970722,77.519096,South,Bengaluru,4,1,2026,18,R-271,816,30,Car,Very High,Wet,Green,High,Clear,33.9,52.1,5988,25.9,0,204,Hazardous,112.2,183.6,1.39,45,19,41,Hazardous,69.1,1700,4.85,Yes,90,Available,44,Leak Detected,1035,15,1213,229.2,0.98,Wind,No,Maintenance,Cyber Crime,High,Investigating,No,21,PS-17,Offline,Low Risk,None,2
363,2026-01-04 18:45:00,12.901747,77.669154,East,Bengaluru,4,1,2026,18,R-218,812,30,Truck,Very High,Wet,Yellow,High,Clear,26.2,41.2,4991,10,0,203,Hazardous,111.7,182.7,0.33,65,29,28,Hazardous,68.8,1945,4.6,No,82,Available,48.5,Healthy,1186,31,1311,228,0.97,Hybrid,Yes,Maintenance,Theft,Medium,Resolved,Yes,20,PS-5,Maintenance,Low Risk,Fire,3
364,2026-01-04 19:00:00,13.035503,77.651927,West,Bengaluru,4,1,2026,19,R-179,427,49,Bus,Medium,Wet,Red,Medium,Fog,29.7,42,8115,26.2,3.6,136,Poor,74.8,122.4,0.93,49,34,74,Poor,53.8,1629,2.58,No,71,Available,70.6,Leak Detected,589,43,883,226.7,0.96,Hybrid,No,Maintenance,Fraud,High,Open,Yes,33,PS-16,Offline,High Risk,Police,5
365,2026-01-04 19:15:00,13.039272,77.570468,West,Bengaluru,4,1,2026,19,R-849,773,32,Bus,Very High,Dry,Green,High,Clear,32.7,49.8,6053,14.6,0,193,Very Poor,106.2,173.7,1.05,15,6,48,Very Poor,45.6,1889,2.78,Yes,83,Available,65.6,Leak Detected,1030,15,1056,223.3,0.9,Wind,Yes,Stable,Theft,Critical,Open,No,12,PS-3,Maintenance,Medium Risk,Fire,5
366,2026-01-04 19:30:00,13.042907,77.551293,Central,Bengaluru,4,1,2026,19,R-661,772,32,Bus,Very High,Under Maintenance,Red,High,Fog,26.6,47.8,6586,25.9,24,223,Hazardous,122.7,200.7,1.6,86,29,41,Hazardous,57,982,3.74,No,80,Limited,69.9,Leak Detected,948,52,1175,236,0.93,Solar,Yes,Stable,Fraud,Medium,Resolved,Yes,11,PS-18,Maintenance,Medium Risk,None,4
367,2026-01-04 19:45:00,12.902981,77.535991,West,Bengaluru,4,1,2026,19,R-778,614,40,Car,High,Wet,Green,High,Fog,28.1,80.8,2261,15.4,39.2,183,Very Poor,100.7,164.7,0.93,57,8,49,Very Poor,57.5,4829,5.71,No,88,Available,64.3,Healthy,910,30,1176,236.1,0.93,Hybrid,No,Stable,Robbery,Low,Open,Yes,5,PS-5,Maintenance,Medium Risk,None,1
368,2026-01-04 20:00:00,12.890334,77.538412,South,Bengaluru,4,1,2026,20,R-398,437,49,Bus,Medium,Under Maintenance,Red,Medium,Rain,34.9,75,6456,19.3,2.6,109,Poor,60,98.1,2,52,8,14,Poor,97.8,1474,5.95,Yes,96,Available,87.4,Leak Detected,838,21,823,231.9,0.96,Grid,No,Stable,None,Low,Resolved,No,15,PS-17,Active,Medium Risk,Ambulance,0
369,2026-01-04 20:15:00,12.952943,77.564185,South,Bengaluru,4,1,2026,20,R-811,432,49,Truck,Medium,Wet,Yellow,Medium,Fog,35.3,55.3,6353,22.6,16.6,138,Poor,75.9,124.2,1.83,40,30,49,Poor,80.3,2524,2.96,Yes,92,Available,42.2,Healthy,882,22,757,222.2,0.94,Solar,Yes,Maintenance,None,High,Investigating,No,20,PS-16,Offline,Medium Risk,Police,0
370,2026-01-04 20:30:00,13.033294,77.614989,East,Bengaluru,4,1,2026,20,R-260,409,50,Truck,Medium,Dry,Yellow,Medium,Fog,22.9,41.6,7988,25.1,16.2,132,Poor,72.6,118.8,1.84,69,26,60,Poor,86.5,3450,3.8,No,93,Limited,79.5,Healthy,562,25,787,228.3,0.95,Hybrid,Yes,Stable,Theft,Medium,Open,No,22,PS-7,Maintenance,Low Risk,None,1
371,2026-01-04 20:45:00,13.018033,77.569684,North,Bengaluru,4,1,2026,20,R-207,84,66,Truck,Low,Under Maintenance,Green,Low,Fog,25,56.6,6395,26.4,30,51,Moderate,28.1,45.9,0.82,60,33,77,Moderate,97.7,2411,3.74,Yes,84,Limited,72.3,Leak Detected,256,33,504,220.4,0.96,Grid,No,Maintenance,Robbery,Critical,Investigating,Yes,25,PS-19,Active,Medium Risk,Fire,3
372,2026-01-04 21:00:00,12.996949,77.60273,West,Bengaluru,4,1,2026,21,R-371,413,50,Car,Medium,Under Maintenance,Green,Medium,Clear,22.6,87.6,4680,11,0,103,Poor,56.7,92.7,0.3,16,35,19,Poor,87.5,3041,4.14,No,70,Limited,86.1,Healthy,817,52,772,230.7,0.96,Grid,Yes,Maintenance,Theft,High,Open,Yes,5,PS-14,Active,Medium Risk,Ambulance,4
373,2026-01-04 21:15:00,13.038973,77.626963,South,Bengaluru,4,1,2026,21,R-773,90,66,Bus,Low,Under Maintenance,Yellow,Low,Clear,27.8,85.3,2671,23.2,0,40,Good,22,36,0.99,46,14,79,Good,81.7,1361,2.3,Yes,97,Available,91.2,Healthy,362,19,478,239.3,0.91,Wind,No,Stable,Theft,Critical,Investigating,Yes,35,PS-20,Offline,Low Risk,Fire,1
374,2026-01-04 21:30:00,13.019056,77.597249,East,Bengaluru,4,1,2026,21,R-842,260,57,Car,Medium,Under Maintenance,Green,Medium,Rain,35.9,48.1,3802,9,32.8,65,Moderate,35.8,58.5,1.32,71,34,54,Moderate,46.6,3988,5.17,No,73,Limited,52.7,Healthy,727,55,757,235.5,0.97,Grid,Yes,Maintenance,Fraud,Critical,Resolved,No,28,PS-7,Active,Low Risk,None,2
375,2026-01-04 21:45:00,13.048026,77.659427,East,Bengaluru,4,1,2026,21,R-525,81,66,Car,Low,Wet,Yellow,Low,Fog,23.2,82.2,5871,18,30.9,50,Good,27.5,45,1.43,70,20,80,Good,97.8,3591,2.48,Yes,95,Limited,54.8,Leak Detected,381,17,385,221.1,0.93,Solar,No,Maintenance,None,Medium,Resolved,No,31,PS-3,Maintenance,Medium Risk,Police,0
376,2026-01-04 22:00:00,12.955099,77.514184,East,Bengaluru,4,1,2026,22,R-435,335,54,Bike,Medium,Under Maintenance,Green,Medium,Fog,34.2,86.6,5939,20,4.9,113,Poor,62.2,101.7,0.52,43,29,52,Poor,61.9,1813,2.73,Yes,88,Available,53.9,Leak Detected,644,50,862,238.3,0.91,Hybrid,No,Stable,Robbery,Critical,Open,No,31,PS-3,Maintenance,Medium Risk,Fire,1
377,2026-01-04 22:15:00,13.041837,77.604129,North,Bengaluru,4,1,2026,22,R-588,150,63,Car,Low,Wet,Yellow,Low,Clear,27.7,45.3,2300,19.8,0,40,Good,22,36,1.37,41,7,52,Good,53.9,1650,4.52,Yes,85,Available,83.7,Healthy,386,47,522,239.8,0.9,Hybrid,Yes,Maintenance,None,Medium,Open,No,18,PS-20,Maintenance,Medium Risk,Ambulance,0
378,2026-01-04 22:30:00,12.911794,77.665795,West,Bengaluru,4,1,2026,22,R-692,350,53,Bus,Medium,Wet,Green,Medium,Fog,30.6,84.5,6790,15.5,26.3,117,Poor,64.4,105.3,1.25,24,17,34,Poor,84.6,1850,4.31,Yes,100,Available,47.9,Healthy,618,30,623,234.6,0.97,Solar,Yes,Maintenance,Robbery,Low,Investigating,Yes,18,PS-4,Maintenance,Low Risk,None,1
379,2026-01-04 22:45:00,12.913101,77.62589,North,Bengaluru,4,1,2026,22,R-989,254,58,Bus,Medium,Wet,Yellow,Medium,Rain,27.3,65.9,3253,16.1,8.9,63,Moderate,34.7,56.7,1.51,36,17,55,Moderate,55,2788,3.96,No,83,Available,55.1,Leak Detected,641,25,535,235.6,0.98,Wind,No,Stable,Fraud,Critical,Open,No,14,PS-10,Offline,Low Risk,None,1
380,2026-01-04 23:00:00,12.962709,77.558511,South,Bengaluru,4,1,2026,23,R-560,322,54,Bike,Medium,Under Maintenance,Yellow,Medium,Clear,33.8,88.2,3208,9,0,80,Moderate,44,72,0.72,27,5,40,Moderate,79.2,3950,2.88,Yes,73,Limited,83.3,Leak Detected,522,32,909,230.3,0.93,Wind,Yes,Stable,Cyber Crime,Low,Open,No,21,PS-8,Maintenance,High Risk,Ambulance,4
381,2026-01-04 23:15:00,13.043379,77.56238,Central,Bengaluru,4,1,2026,23,R-529,350,53,Bus,Medium,Dry,Yellow,Medium,Clear,24.7,45.4,3509,23,0,87,Moderate,47.9,78.3,1.11,44,23,35,Moderate,78.3,3723,2.38,No,89,Available,93.4,Leak Detected,523,36,782,229.4,0.92,Hybrid,No,Stable,Theft,Critical,Investigating,Yes,9,PS-4,Maintenance,Low Risk,Ambulance,4
382,2026-01-04 23:30:00,12.955978,77.669353,North,Bengaluru,4,1,2026,23,R-205,102,65,Truck,Low,Under Maintenance,Green,Low,Rain,25.1,50.7,4038,7.4,11,40,Good,22,36,2.04,62,8,45,Good,79.1,4485,5.57,Yes,80,Available,76.7,Healthy,380,53,626,234.9,0.99,Solar,Yes,Maintenance,Fraud,High,Investigating,Yes,5,PS-16,Active,Medium Risk,Fire,1
383,2026-01-04 23:45:00,12.934427,77.578337,East,Bengaluru,4,1,2026,23,R-465,125,64,Truck,Low,Under Maintenance,Red,Low,Rain,24.3,76.9,6138,19.3,27,40,Good,22,36,0.67,30,12,15,Good,83.8,2404,5.31,Yes,74,Limited,67.7,Leak Detected,390,54,443,220.6,0.97,Solar,No,Maintenance,Cyber Crime,Critical,Open,Yes,15,PS-16,Offline,Low Risk,Ambulance,3
384,2026-01-05 00:00:00,12.907364,77.632307,South,Bengaluru,5,1,2026,0,R-174,97,66,Bike,Low,Wet,Green,Low,Rain,28.1,75,2361,11.7,21.3,40,Good,22,36,1.35,77,35,52,Good,92,2089,5.32,Yes,100,Limited,65.5,Leak Detected,389,35,480,232.1,0.99,Grid,Yes,Maintenance,Fraud,High,Resolved,No,10,PS-19,Active,High Risk,Ambulance,1
385,2026-01-05 00:15:00,12.966691,77.655493,Central,Bengaluru,5,1,2026,0,R-829,197,61,Bike,Low,Dry,Red,Low,Clear,24.5,83.8,7544,8.2,0,49,Good,27,44.1,2.03,75,32,79,Good,91.9,2778,4.16,Yes,80,Available,55.6,Leak Detected,628,23,538,220.9,0.95,Solar,Yes,Stable,Cyber Crime,Low,Investigating,Yes,33,PS-3,Offline,High Risk,Police,3
386,2026-01-05 00:30:00,13.04884,77.564029,North,Bengaluru,5,1,2026,0,R-883,315,55,Car,Medium,Dry,Red,Medium,Rain,31.7,83.1,6923,5.8,13.6,78,Moderate,42.9,70.2,1.74,84,7,20,Moderate,81.5,4738,5.81,Yes,84,Limited,43.4,Healthy,541,37,725,227.6,0.91,Hybrid,No,Maintenance,Robbery,Medium,Open,Yes,39,PS-16,Offline,Medium Risk,Police,2
387,2026-01-05 00:45:00,12.989465,77.516794,West,Bengaluru,5,1,2026,0,R-580,169,62,Car,Low,Under Maintenance,Yellow,Low,Fog,28.5,42.2,1400,5.1,11.2,72,Moderate,39.6,64.8,0.77,54,25,53,Moderate,49.7,3053,4.12,No,82,Available,54.1,Healthy,456,47,535,239.8,0.94,Grid,No,Maintenance,Cyber Crime,Medium,Investigating,No,7,PS-18,Maintenance,Low Risk,None,1
388,2026-01-05 01:00:00,12.955629,77.646964,Central,Bengaluru,5,1,2026,1,R-571,288,56,Bus,Medium,Dry,Red,Medium,Rain,32.9,87.7,8013,28.1,8.2,72,Moderate,39.6,64.8,0.42,44,30,16,Moderate,94.2,4008,3.01,Yes,98,Available,55.7,Leak Detected,767,26,818,239,0.95,Solar,Yes,Maintenance,Theft,Medium,Investigating,Yes,30,PS-9,Active,Low Risk,Police,2
389,2026-01-05 01:15:00,12.998464,77.626158,Central,Bengaluru,5,1,2026,1,R-685,436,49,Bus,Medium,Wet,Yellow,Medium,Storm,24.2,52.1,4438,23.9,6.1,109,Poor,60,98.1,1.67,77,18,37,Poor,50.5,2863,2.33,Yes,96,Limited,57.5,Leak Detected,666,37,877,235.2,0.99,Grid,Yes,Maintenance,Cyber Crime,Medium,Investigating,No,26,PS-18,Maintenance,Low Risk,Fire,2
390,2026-01-05 01:30:00,12.950363,77.575791,East,Bengaluru,5,1,2026,1,R-983,91,66,Bus,Low,Under Maintenance,Red,Low,Clear,35.4,66.5,8506,28,0,40,Good,22,36,1.77,23,16,40,Good,74.5,4903,4.07,No,80,Available,67.9,Healthy,585,36,360,225.8,0.96,Hybrid,Yes,Stable,Fraud,Medium,Open,No,17,PS-17,Offline,High Risk,Fire,1
391,2026-01-05 01:45:00,13.018952,77.524409,Central,Bengaluru,5,1,2026,1,R-565,282,56,Truck,Medium,Under Maintenance,Green,Medium,Rain,29.6,70.3,2627,11,4.6,70,Moderate,38.5,63,1.59,73,11,27,Moderate,66.5,3446,6,Yes,98,Limited,91.3,Healthy,474,54,790,229.9,1,Wind,Yes,Maintenance,Theft,Critical,Investigating,Yes,5,PS-6,Active,Low Risk,Police,5
392,2026-01-05 02:00:00,12.907922,77.530465,Central,Bengaluru,5,1,2026,2,R-636,134,64,Car,Low,Dry,Red,Low,Fog,27.3,63.6,6757,17.4,29.4,63,Moderate,34.7,56.7,1.86,86,8,63,Moderate,93.6,2550,3.57,No,74,Available,44.6,Healthy,347,48,711,235.4,0.93,Hybrid,Yes,Stable,Fraud,Critical,Investigating,No,26,PS-1,Maintenance,Low Risk,None,2
393,2026-01-05 02:15:00,12.987051,77.590936,North,Bengaluru,5,1,2026,2,R-345,167,62,Truck,Low,Wet,Yellow,Low,Rain,26.7,43.8,3090,28.3,28.1,41,Good,22.6,36.9,1.93,47,9,76,Good,73.4,1151,5.32,Yes,94,Limited,54.3,Leak Detected,536,42,440,230.4,0.91,Solar,No,Stable,Theft,Low,Open,Yes,38,PS-7,Offline,Medium Risk,None,5
394,2026-01-05 02:30:00,12.914639,77.582901,East,Bengaluru,5,1,2026,2,R-863,125,64,Bike,Low,Dry,Green,Low,Clear,32.7,52.7,3789,13.9,0,40,Good,22,36,1.85,75,22,33,Good,68.1,1691,3.94,No,83,Available,77.3,Leak Detected,423,17,434,224.8,0.99,Grid,No,Stable,Fraud,High,Resolved,Yes,35,PS-18,Maintenance,High Risk,Ambulance,4
395,2026-01-05 02:45:00,12.993222,77.608321,North,Bengaluru,5,1,2026,2,R-154,103,65,Car,Low,Under Maintenance,Yellow,Low,Rain,28.3,74.7,5961,25.6,20.8,40,Good,22,36,2.19,84,27,18,Good,87.6,3140,4.3,Yes,92,Limited,99.5,Healthy,459,53,646,232.5,0.96,Wind,No,Maintenance,Theft,Low,Investigating,No,14,PS-18,Offline,High Risk,None,5
396,2026-01-05 03:00:00,12.980454,77.557105,Central,Bengaluru,5,1,2026,3,R-417,207,60,Bike,Medium,Dry,Green,Medium,Rain,23.5,82,7611,25.5,12.5,51,Moderate,28.1,45.9,0.57,65,17,17,Moderate,66.6,988,5.96,No,74,Limited,78.4,Leak Detected,570,16,785,228.8,0.97,Hybrid,Yes,Stable,Robbery,High,Investigating,No,20,PS-17,Active,High Risk,Police,3
397,2026-01-05 03:15:00,13.031965,77.528849,South,Bengaluru,5,1,2026,3,R-811,81,66,Truck,Low,Wet,Green,Low,Fog,29.7,82.4,2206,15.2,30.8,50,Good,27.5,45,1.33,28,18,44,Good,50,3932,4.29,No,83,Available,95.4,Healthy,238,50,577,236.2,0.91,Solar,Yes,Maintenance,Fraud,High,Open,No,17,PS-9,Offline,High Risk,Ambulance,2
398,2026-01-05 03:30:00,12.933504,77.653839,North,Bengaluru,5,1,2026,3,R-952,380,51,Bike,Medium,Wet,Green,Medium,Fog,22,73.4,5209,15.9,16.2,125,Poor,68.8,112.5,1.98,18,6,24,Poor,89.2,3971,4.02,Yes,72,Available,88.9,Leak Detected,543,18,663,227.5,0.91,Hybrid,Yes,Maintenance,Cyber Crime,Low,Investigating,No,8,PS-15,Offline,Low Risk,Ambulance,5
399,2026-01-05 03:45:00,12.898048,77.568938,East,Bengaluru,5,1,2026,3,R-376,306,55,Car,Medium,Wet,Yellow,Medium,Storm,28.2,54.1,2329,6.5,37.8,76,Moderate,41.8,68.4,1.98,61,29,62,Moderate,80.6,1923,3.38,Yes,93,Limited,83.5,Leak Detected,652,18,638,231.3,0.99,Grid,No,Stable,Theft,Critical,Investigating,No,9,PS-7,Active,Low Risk,None,2
400,2026-01-05 04:00:00,12.947261,77.658898,South,Bengaluru,5,1,2026,4,R-453,125,64,Truck,Low,Dry,Yellow,Low,Rain,29.6,44,1087,10.1,39.8,40,Good,22,36,2.02,23,7,30,Good,45,1722,2.88,No,77,Limited,47.9,Leak Detected,554,51,551,227.5,0.92,Wind,Yes,Maintenance,Robbery,High,Resolved,Yes,15,PS-19,Offline,Low Risk,Ambulance,4
401,2026-01-05 04:15:00,12.958986,77.555562,North,Bengaluru,5,1,2026,4,R-342,230,59,Truck,Medium,Dry,Red,Medium,Clear,25.5,45.1,4853,18.4,0,57,Moderate,31.4,51.3,2.06,69,28,73,Moderate,80.4,2195,5.66,Yes,70,Available,78.3,Leak Detected,681,49,573,222,0.92,Wind,Yes,Maintenance,None,Critical,Investigating,No,19,PS-14,Active,High Risk,Ambulance,0
402,2026-01-05 04:30:00,12.999045,77.560951,North,Bengaluru,5,1,2026,4,R-446,138,64,Bike,Low,Under Maintenance,Yellow,Low,Rain,35.4,41.1,7435,22.6,22.2,40,Good,22,36,1.51,61,26,25,Good,69,1300,3.61,No,77,Limited,71.1,Healthy,295,38,389,227.5,0.91,Solar,Yes,Stable,Cyber Crime,High,Resolved,Yes,10,PS-13,Maintenance,High Risk,Fire,1
403,2026-01-05 04:45:00,12.99988,77.57479,South,Bengaluru,5,1,2026,4,R-850,251,58,Car,Medium,Under Maintenance,Red,Medium,Storm,32.8,48.7,5674,8.5,23.1,62,Moderate,34.1,55.8,2.14,86,35,15,Moderate,74.5,2999,2.94,No,95,Available,97.2,Healthy,420,36,518,239,0.97,Solar,No,Maintenance,None,High,Investigating,Yes,24,PS-20,Offline,High Risk,Police,0
404,2026-01-05 05:00:00,12.945485,77.610171,Central,Bengaluru,5,1,2026,5,R-568,411,50,Car,Medium,Under Maintenance,Red,Medium,Clear,28.2,57.8,2466,10.9,0,102,Poor,56.1,91.8,1.33,67,17,71,Poor,55.4,2329,2.1,No,78,Limited,86.8,Healthy,882,44,914,232.2,0.95,Solar,No,Maintenance,Robbery,Medium,Open,No,38,PS-19,Active,Medium Risk,Police,5
405,2026-01-05 05:15:00,12.992968,77.619174,South,Bengaluru,5,1,2026,5,R-477,242,58,Car,Medium,Under Maintenance,Yellow,Medium,Clear,34.4,73.2,8108,14,0,60,Moderate,33,54,2.19,58,28,52,Moderate,81.3,1113,2.12,Yes,75,Limited,94,Healthy,567,38,629,225,0.99,Wind,No,Maintenance,Fraud,Medium,Open,No,23,PS-6,Maintenance,Low Risk,Ambulance,5
406,2026-01-05 05:30:00,13.022849,77.545552,South,Bengaluru,5,1,2026,5,R-659,374,52,Car,Medium,Wet,Yellow,Medium,Fog,24.3,44,6574,27.9,8.3,123,Poor,67.7,110.7,1.75,71,10,53,Poor,65.6,2207,3.61,Yes,97,Available,60.6,Leak Detected,576,29,882,222.1,0.97,Hybrid,No,Stable,Fraud,Critical,Investigating,No,29,PS-18,Offline,Low Risk,Fire,4
407,2026-01-05 05:45:00,12.925873,77.541066,Central,Bengaluru,5,1,2026,5,R-222,428,49,Car,Medium,Dry,Yellow,Medium,Fog,30.4,48.2,2631,18,28.5,137,Poor,75.4,123.3,1.41,44,30,14,Poor,49.6,3783,2.84,No,72,Limited,57.6,Healthy,745,35,781,222.1,0.97,Hybrid,Yes,Maintenance,Robbery,Critical,Investigating,Yes,20,PS-14,Offline,Medium Risk,Police,1
408,2026-01-05 06:00:00,13.00154,77.61293,North,Bengaluru,5,1,2026,6,R-390,397,51,Car,Medium,Dry,Yellow,Medium,Fog,24.5,59.1,5335,28.7,5.8,129,Poor,71,116.1,1.42,70,22,17,Poor,77.1,1878,5.03,Yes,78,Limited,47.8,Leak Detected,752,25,717,238.7,0.96,Wind,No,Stable,Theft,High,Investigating,No,33,PS-18,Offline,Medium Risk,Fire,2
409,2026-01-05 06:15:00,12.971633,77.667305,East,Bengaluru,5,1,2026,6,R-654,150,63,Bus,Low,Under Maintenance,Red,Low,Storm,27.9,58.2,8100,12.9,28.8,40,Good,22,36,1.47,32,21,26,Good,61.1,1772,5.87,No,80,Available,48.2,Healthy,320,17,479,236,0.94,Solar,Yes,Stable,Robbery,Medium,Open,Yes,25,PS-11,Active,Low Risk,Police,3
410,2026-01-05 06:30:00,12.973486,77.611347,West,Bengaluru,5,1,2026,6,R-668,254,58,Bike,Medium,Under Maintenance,Green,Medium,Storm,26,54.2,5258,18.1,15.9,63,Moderate,34.7,56.7,1.41,72,9,73,Moderate,96,2619,3.69,No,93,Limited,78.6,Healthy,407,23,691,236.9,1,Solar,No,Maintenance,None,Medium,Open,Yes,16,PS-18,Active,High Risk,Ambulance,0
411,2026-01-05 06:45:00,12.922029,77.532914,North,Bengaluru,5,1,2026,6,R-741,177,62,Bus,Low,Under Maintenance,Green,Low,Clear,22.8,76.9,8253,7.2,0,44,Good,24.2,39.6,0.77,43,20,30,Good,55.8,4594,3.38,Yes,94,Limited,64.2,Healthy,667,44,517,235.7,0.99,Wind,No,Maintenance,Theft,High,Investigating,No,40,PS-9,Offline,Low Risk,None,2
412,2026-01-05 07:00:00,12.912791,77.524437,West,Bengaluru,5,1,2026,7,R-491,372,52,Bike,Medium,Under Maintenance,Green,Medium,Clear,27.5,67.5,2488,23,0,93,Moderate,51.2,83.7,2.12,70,10,18,Moderate,69.2,2561,2.79,Yes,99,Available,97.4,Healthy,688,26,710,223.1,1,Solar,No,Stable,Robbery,Low,Investigating,No,25,PS-19,Active,High Risk,Fire,2
413,2026-01-05 07:15:00,13.033473,77.562016,East,Bengaluru,5,1,2026,7,R-819,363,52,Bike,Medium,Under Maintenance,Red,Medium,Rain,24.8,67.8,3523,11.7,5.8,90,Moderate,49.5,81,1.68,69,28,73,Moderate,56.6,4020,3.16,Yes,88,Limited,55.7,Leak Detected,808,46,925,234.3,0.91,Wind,No,Stable,Theft,Medium,Investigating,Yes,33,PS-3,Active,Low Risk,Fire,2
414,2026-01-05 07:30:00,13.035706,77.625002,South,Bengaluru,5,1,2026,7,R-602,421,49,Bus,Medium,Dry,Red,Medium,Storm,35.3,87.3,5251,11.1,6.8,105,Poor,57.8,94.5,1.84,22,9,56,Poor,66,1244,4.19,Yes,71,Available,55.9,Leak Detected,881,44,936,230.1,0.99,Wind,No,Stable,Cyber Crime,High,Investigating,No,16,PS-8,Maintenance,High Risk,None,1
415,2026-01-05 07:45:00,12.934501,77.558337,West,Bengaluru,5,1,2026,7,R-760,100,65,Car,Low,Under Maintenance,Red,Low,Rain,26.5,63,3841,25.9,7.4,40,Good,22,36,0.7,83,33,21,Good,46.2,2022,4.57,Yes,94,Limited,79.8,Healthy,405,27,594,225.5,0.99,Solar,Yes,Stable,None,Low,Investigating,No,35,PS-3,Active,High Risk,None,0
416,2026-01-05 08:00:00,12.953651,77.611327,South,Bengaluru,5,1,2026,8,R-218,447,48,Bike,Medium,Dry,Green,Medium,Clear,34.1,86.2,8865,16.5,0,111,Poor,61.1,99.9,1.19,27,6,24,Poor,77.1,1531,2.46,No,82,Available,47.8,Healthy,618,22,1013,234.4,0.94,Hybrid,No,Stable,Theft,Medium,Investigating,Yes,7,PS-10,Maintenance,Low Risk,None,4
417,2026-01-05 08:15:00,12.892145,77.538614,East,Bengaluru,5,1,2026,8,R-895,572,42,Car,High,Dry,Yellow,High,Rain,24.5,44.5,1186,24.7,27.6,143,Poor,78.7,128.7,1.49,27,34,53,Poor,90.6,3475,5.93,Yes,89,Limited,62.5,Healthy,1024,27,1009,239.9,0.93,Wind,Yes,Stable,Cyber Crime,Medium,Investigating,No,13,PS-19,Offline,Low Risk,Police,2
418,2026-01-05 08:30:00,12.912701,77.540521,East,Bengaluru,5,1,2026,8,R-662,896,26,Bus,Very High,Under Maintenance,Yellow,High,Storm,27.4,78.1,2067,10.3,2.1,224,Hazardous,123.2,201.6,2.09,29,5,28,Hazardous,97.5,1240,3.69,No,89,Available,68.8,Leak Detected,1188,18,1231,232,0.91,Grid,No,Maintenance,None,Low,Resolved,Yes,13,PS-5,Offline,High Risk,Police,0
419,2026-01-05 08:45:00,13.042466,77.535376,North,Bengaluru,5,1,2026,8,R-327,575,42,Bus,High,Dry,Green,High,Fog,22.8,40.8,3975,27.7,16.8,173,Very Poor,95.2,155.7,1.24,67,16,64,Very Poor,92.3,3325,4.49,No,84,Limited,62.3,Leak Detected,813,30,953,229.6,0.91,Hybrid,No,Maintenance,Robbery,Low,Open,Yes,40,PS-2,Active,High Risk,Police,1
420,2026-01-05 09:00:00,12.978615,77.52606,West,Bengaluru,5,1,2026,9,R-382,506,45,Car,High,Wet,Green,High,Clear,27.9,42.1,1107,17.9,0,126,Poor,69.3,113.4,1.84,56,19,23,Poor,52.9,1049,5.47,Yes,80,Available,67.8,Healthy,916,17,965,229.1,0.92,Wind,Yes,Maintenance,Fraud,Low,Open,No,28,PS-17,Offline,Medium Risk,Fire,2
421,2026-01-05 09:15:00,12.908273,77.541449,North,Bengaluru,5,1,2026,9,R-678,810,30,Truck,Very High,Dry,Yellow,High,Storm,29.4,66.4,3910,16.2,28.4,202,Hazardous,111.1,181.8,1.43,73,5,36,Hazardous,51.4,844,3.34,Yes,89,Limited,49.4,Leak Detected,1090,42,1261,228.7,0.91,Hybrid,Yes,Stable,Theft,Medium,Investigating,No,6,PS-2,Active,Medium Risk,None,4
422,2026-01-05 09:30:00,13.044413,77.610294,North,Bengaluru,5,1,2026,9,R-873,617,40,Car,High,Dry,Green,High,Clear,28.3,64.3,4828,8.1,0,154,Very Poor,84.7,138.6,0.78,12,28,43,Very Poor,76,1356,5.28,No,88,Available,58.9,Healthy,929,26,888,225.1,0.96,Grid,No,Maintenance,Robbery,Critical,Investigating,No,19,PS-3,Active,Medium Risk,None,1
423,2026-01-05 09:45:00,12.986478,77.629985,North,Bengaluru,5,1,2026,9,R-520,816,30,Truck,Very High,Dry,Green,High,Storm,25,54.3,1402,17.1,23.3,204,Hazardous,112.2,183.6,0.77,32,29,51,Hazardous,68.2,2527,4.95,No,88,Available,99.7,Leak Detected,973,19,1201,223.3,0.94,Solar,Yes,Stable,Fraud,Critical,Open,No,39,PS-6,Active,Low Risk,None,1
424,2026-01-05 10:00:00,12.990932,77.61567,East,Bengaluru,5,1,2026,10,R-197,830,29,Car,Very High,Dry,Yellow,High,Rain,31.6,77.5,5682,17.8,20.7,207,Hazardous,113.9,186.3,2.19,84,19,28,Hazardous,92.6,1484,5.9,Yes,93,Limited,95.7,Healthy,1016,49,1284,237.9,0.93,Solar,Yes,Stable,None,Critical,Resolved,Yes,33,PS-17,Offline,Medium Risk,Police,0
425,2026-01-05 10:15:00,13.019899,77.55152,North,Bengaluru,5,1,2026,10,R-528,676,37,Truck,High,Wet,Yellow,High,Rain,31.3,81.4,2473,26.1,15.8,169,Very Poor,93,152.1,0.46,86,17,21,Very Poor,85.5,1488,5.74,No,91,Limited,87.5,Leak Detected,1112,47,1003,229.3,0.98,Wind,Yes,Maintenance,None,Low,Investigating,No,19,PS-4,Offline,Low Risk,None,0
426,2026-01-05 10:30:00,12.897043,77.653934,South,Bengaluru,5,1,2026,10,R-281,457,48,Truck,High,Wet,Red,High,Fog,34.5,74.5,5572,10.6,29.2,144,Poor,79.2,129.6,0.97,68,23,60,Poor,54.6,1170,5.54,No,92,Limited,90.1,Leak Detected,803,49,834,234.4,0.99,Wind,Yes,Maintenance,Fraud,Critical,Investigating,No,14,PS-3,Offline,Low Risk,Ambulance,5
427,2026-01-05 10:45:00,12.912774,77.666996,East,Bengaluru,5,1,2026,10,R-693,573,42,Bike,High,Under Maintenance,Yellow,High,Clear,25.9,67.3,1002,17.6,0,143,Poor,78.7,128.7,1.39,38,13,78,Poor,66.2,4910,2.91,Yes,98,Limited,48.2,Leak Detected,925,45,900,239.8,0.98,Wind,Yes,Maintenance,Fraud,Low,Investigating,Yes,10,PS-10,Active,Low Risk,Police,5
428,2026-01-05 11:00:00,12.992416,77.536119,South,Bengaluru,5,1,2026,11,R-831,207,60,Truck,Medium,Dry,Green,Medium,Fog,25,76,8327,5,8.3,81,Moderate,44.6,72.9,0.77,42,15,75,Moderate,50,3523,5.12,Yes,99,Available,61.6,Leak Detected,511,46,531,225.2,0.96,Wind,No,Stable,Cyber Crime,Medium,Investigating,No,22,PS-1,Maintenance,Medium Risk,None,1
429,2026-01-05 11:15:00,13.013584,77.530284,East,Bengaluru,5,1,2026,11,R-708,320,54,Car,Medium,Under Maintenance,Red,Medium,Storm,35.4,76.5,8096,15,33.5,80,Moderate,44,72,0.58,44,7,66,Moderate,59.4,1656,5.15,No,89,Available,95.1,Leak Detected,605,49,786,232.3,0.95,Solar,No,Maintenance,None,High,Investigating,No,24,PS-3,Offline,Medium Risk,Fire,0
430,2026-01-05 11:30:00,12.909859,77.531563,Central,Bengaluru,5,1,2026,11,R-795,240,58,Bike,Medium,Dry,Red,Medium,Clear,32.9,89.7,3018,22.4,0,60,Moderate,33,54,1.02,15,16,24,Moderate,48.7,1443,3.69,Yes,77,Limited,52.4,Leak Detected,517,41,821,222.5,0.95,Hybrid,No,Maintenance,None,Low,Resolved,No,5,PS-2,Active,High Risk,Fire,0
431,2026-01-05 11:45:00,13.045404,77.550035,North,Bengaluru,5,1,2026,11,R-400,149,63,Truck,Low,Wet,Red,Low,Fog,34.1,79.3,7066,26.5,24.9,67,Moderate,36.9,60.3,1.12,62,6,51,Moderate,86.8,2947,2.65,No,80,Limited,91.9,Leak Detected,525,36,674,237.8,0.96,Hybrid,No,Stable,Cyber Crime,Medium,Investigating,Yes,32,PS-5,Active,Medium Risk,Fire,4
432,2026-01-05 12:00:00,13.013268,77.563841,East,Bengaluru,5,1,2026,12,R-155,275,57,Car,Medium,Wet,Red,Medium,Rain,26.7,70.4,2875,28.1,1.4,68,Moderate,37.4,61.2,2.07,64,10,33,Moderate,51.3,2046,3.18,No,83,Limited,81.6,Leak Detected,584,40,593,235.3,0.96,Wind,Yes,Stable,Theft,Low,Open,No,11,PS-3,Offline,High Risk,Fire,5
433,2026-01-05 12:15:00,12.890979,77.65471,Central,Bengaluru,5,1,2026,12,R-115,344,53,Car,Medium,Wet,Red,Medium,Storm,29.2,59.8,6824,17.4,22.8,86,Moderate,47.3,77.4,0.67,20,10,55,Moderate,68.5,911,5.72,No,84,Available,99.7,Leak Detected,628,25,920,236.2,0.91,Grid,Yes,Stable,None,Medium,Investigating,No,19,PS-16,Offline,Low Risk,None,0
434,2026-01-05 12:30:00,12.897695,77.598657,South,Bengaluru,5,1,2026,12,R-477,257,58,Bus,Medium,Under Maintenance,Green,Medium,Storm,26.3,46.2,5566,22.4,10.1,64,Moderate,35.2,57.6,0.92,42,16,44,Moderate,47.5,4316,3.02,No,79,Limited,60.3,Healthy,507,19,564,222.8,0.92,Wind,No,Maintenance,Cyber Crime,Low,Resolved,No,30,PS-7,Active,High Risk,Fire,2
435,2026-01-05 12:45:00,12.920661,77.643217,Central,Bengaluru,5,1,2026,12,R-488,330,54,Bike,Medium,Dry,Yellow,Medium,Rain,27,40.6,5447,6.5,34,82,Moderate,45.1,73.8,1.45,59,35,41,Moderate,88.8,2888,3.32,Yes,71,Limited,76.5,Healthy,646,49,837,236.6,0.93,Solar,No,Stable,None,High,Open,Yes,11,PS-17,Active,High Risk,None,0
436,2026-01-05 13:00:00,12.935857,77.6548,West,Bengaluru,5,1,2026,13,R-453,305,55,Bike,Medium,Wet,Yellow,Medium,Storm,25.6,73.5,3944,11.5,17.7,76,Moderate,41.8,68.4,1.87,36,31,78,Moderate,91.6,1340,3.9,Yes,84,Available,40.9,Leak Detected,578,53,618,222.9,0.95,Hybrid,No,Maintenance,Cyber Crime,Medium,Investigating,Yes,24,PS-11,Offline,High Risk,Ambulance,4
437,2026-01-05 13:15:00,12.998964,77.550607,South,Bengaluru,5,1,2026,13,R-137,133,64,Car,Low,Under Maintenance,Red,Low,Fog,29.6,88.2,6820,11.3,11.4,63,Moderate,34.7,56.7,2.02,81,25,38,Moderate,76.4,2133,4.09,Yes,88,Available,49.1,Healthy,613,50,638,220.6,0.99,Solar,Yes,Stable,Fraud,Low,Investigating,Yes,15,PS-5,Active,Low Risk,Police,1
438,2026-01-05 13:30:00,13.032234,77.512604,Central,Bengaluru,5,1,2026,13,R-495,174,62,Truck,Low,Wet,Yellow,Low,Rain,23.6,85.5,5160,26,24.3,43,Good,23.7,38.7,1.95,71,27,59,Good,51.5,1484,5.27,Yes,81,Limited,87.8,Leak Detected,355,30,707,225.8,0.93,Solar,Yes,Stable,Theft,Critical,Resolved,No,40,PS-5,Active,Medium Risk,Fire,4
439,2026-01-05 13:45:00,12.895579,77.541769,North,Bengaluru,5,1,2026,13,R-568,381,51,Truck,Medium,Dry,Green,Medium,Fog,27.2,80.8,8728,13.2,29.9,125,Poor,68.8,112.5,1.02,19,15,12,Poor,92.9,1177,3.74,No,83,Limited,45.5,Healthy,862,40,820,226,0.91,Grid,Yes,Maintenance,None,Low,Resolved,No,11,PS-13,Maintenance,High Risk,Fire,0
440,2026-01-05 14:00:00,12.973647,77.512407,Central,Bengaluru,5,1,2026,14,R-878,396,51,Bike,Medium,Wet,Yellow,Medium,Storm,29.7,54.7,2153,14.4,29.3,99,Moderate,54.5,89.1,1.37,61,10,59,Moderate,77.2,926,4.11,No,87,Available,68.3,Leak Detected,860,19,832,220.6,0.98,Wind,Yes,Maintenance,None,Critical,Open,No,29,PS-1,Maintenance,High Risk,Ambulance,0
441,2026-01-05 14:15:00,12.911232,77.650989,East,Bengaluru,5,1,2026,14,R-565,144,63,Bike,Low,Wet,Green,Low,Clear,26.2,43.9,8002,5.1,0,40,Good,22,36,2.09,83,16,27,Good,94.9,4576,3.44,No,100,Available,67.6,Leak Detected,442,20,737,235,0.95,Wind,Yes,Stable,None,Low,Investigating,Yes,22,PS-3,Maintenance,High Risk,None,0
442,2026-01-05 14:30:00,12.918324,77.532546,West,Bengaluru,5,1,2026,14,R-442,150,63,Car,Low,Wet,Green,Low,Storm,33.4,84.1,8482,27.1,29.1,40,Good,22,36,1,26,8,80,Good,63.4,3205,3.49,Yes,80,Limited,86.8,Healthy,301,51,472,222.5,0.99,Wind,Yes,Stable,Robbery,Low,Open,No,19,PS-11,Offline,Medium Risk,Police,4
443,2026-01-05 14:45:00,12.934551,77.648323,South,Bengaluru,5,1,2026,14,R-615,167,62,Bike,Low,Under Maintenance,Red,Low,Rain,26.6,76.1,7451,12,3.3,41,Good,22.6,36.9,1.22,76,10,30,Good,81.5,4507,2.96,Yes,83,Available,63.4,Leak Detected,320,45,450,221.2,0.94,Grid,Yes,Stable,Theft,High,Open,Yes,34,PS-4,Maintenance,Low Risk,Fire,2
444,2026-01-05 15:00:00,13.009019,77.546386,West,Bengaluru,5,1,2026,15,R-154,298,56,Bike,Medium,Dry,Green,Medium,Clear,22.5,43.5,4524,19.8,0,74,Moderate,40.7,66.6,1.59,10,35,71,Moderate,58.6,1509,5.51,No,87,Limited,81.9,Healthy,778,24,838,230.4,0.94,Solar,No,Maintenance,None,Medium,Investigating,No,22,PS-16,Active,Medium Risk,Police,0
445,2026-01-05 15:15:00,12.92235,77.559737,Central,Bengaluru,5,1,2026,15,R-184,399,51,Bike,Medium,Under Maintenance,Green,Medium,Rain,22.5,56.6,2259,13.8,22.9,99,Moderate,54.5,89.1,1.46,38,26,33,Moderate,48.6,3231,2.85,No,84,Limited,71.4,Healthy,721,24,864,230.6,0.94,Hybrid,No,Stable,Fraud,Critical,Resolved,Yes,40,PS-8,Maintenance,Medium Risk,Fire,5
446,2026-01-05 15:30:00,12.938582,77.5383,South,Bengaluru,5,1,2026,15,R-491,337,54,Bus,Medium,Wet,Green,Medium,Rain,29.6,56.5,1434,16.1,18.3,84,Moderate,46.2,75.6,0.83,16,17,56,Moderate,68.8,3548,3.41,No,100,Limited,49.6,Healthy,491,53,604,230.8,0.93,Hybrid,Yes,Stable,Cyber Crime,Critical,Investigating,No,6,PS-20,Active,Low Risk,Police,1
447,2026-01-05 15:45:00,13.040625,77.525161,North,Bengaluru,5,1,2026,15,R-245,131,64,Bus,Low,Wet,Red,Low,Storm,35.2,74.1,1442,22.2,7.9,40,Good,22,36,1.5,61,27,57,Good,93.7,3381,5.27,No,92,Available,81,Healthy,323,23,474,228.8,0.93,Hybrid,Yes,Stable,Cyber Crime,Medium,Resolved,Yes,10,PS-11,Active,Medium Risk,Ambulance,2
448,2026-01-05 16:00:00,12.991395,77.608822,North,Bengaluru,5,1,2026,16,R-548,257,58,Bus,Medium,Dry,Yellow,Medium,Fog,23.4,62.1,2566,26.1,19.1,94,Moderate,51.7,84.6,1.35,55,27,56,Moderate,79.1,2689,4.67,Yes,71,Available,99,Leak Detected,753,54,617,239.4,0.98,Grid,Yes,Stable,Fraud,Low,Resolved,No,13,PS-2,Active,Medium Risk,Police,5
449,2026-01-05 16:15:00,12.901521,77.557983,Central,Bengaluru,5,1,2026,16,R-196,393,51,Bike,Medium,Under Maintenance,Yellow,Medium,Fog,34.3,70.8,2427,29,15,128,Poor,70.4,115.2,1.74,41,34,57,Poor,81.4,3589,2.59,No,82,Available,42,Leak Detected,792,51,938,220.3,0.9,Wind,Yes,Stable,None,Critical,Investigating,No,35,PS-9,Active,High Risk,Ambulance,0
450,2026-01-05 16:30:00,13.004665,77.663027,South,Bengaluru,5,1,2026,16,R-683,325,54,Bus,Medium,Wet,Red,Medium,Fog,31.8,89.3,8060,10.6,1.1,111,Poor,61.1,99.9,1.23,58,29,30,Poor,62.7,865,2.87,No,96,Available,44.4,Healthy,669,35,705,222.6,0.94,Hybrid,Yes,Maintenance,Theft,High,Open,Yes,16,PS-19,Maintenance,Low Risk,Ambulance,2
451,2026-01-05 16:45:00,12.901159,77.627957,North,Bengaluru,5,1,2026,16,R-685,237,59,Car,Medium,Under Maintenance,Yellow,Medium,Fog,33.7,42.3,3001,5.1,30.8,89,Moderate,49,80.1,1.33,62,21,42,Moderate,57.9,2040,5.55,Yes,72,Limited,63.6,Healthy,456,54,490,225.6,0.97,Wind,No,Maintenance,None,High,Investigating,Yes,10,PS-6,Maintenance,High Risk,None,0
452,2026-01-05 17:00:00,12.897428,77.66252,South,Bengaluru,5,1,2026,17,R-529,559,43,Bike,High,Dry,Red,High,Rain,24,58.5,5265,9.7,11,139,Poor,76.5,125.1,2.17,13,27,26,Poor,45.1,4444,2.46,No,96,Available,53.5,Healthy,801,27,1029,234,0.92,Solar,Yes,Maintenance,Fraud,Low,Investigating,No,5,PS-12,Maintenance,Low Risk,None,1
453,2026-01-05 17:15:00,12.959845,77.595685,East,Bengaluru,5,1,2026,17,R-663,795,31,Car,Very High,Under Maintenance,Red,High,Clear,34.3,68.4,4799,22.3,0,198,Very Poor,108.9,178.2,1.19,22,17,76,Very Poor,47.4,1212,5,No,99,Available,68.7,Healthy,979,50,1237,232.2,0.92,Wind,Yes,Maintenance,Cyber Crime,High,Resolved,Yes,11,PS-17,Active,Low Risk,None,2
454,2026-01-05 17:30:00,12.978192,77.608407,Central,Bengaluru,5,1,2026,17,R-230,400,50,Bike,Medium,Dry,Red,Medium,Clear,35.2,43,1726,11.9,0,100,Moderate,55,90,1.23,45,25,37,Moderate,83.8,1698,2.26,No,88,Available,82.1,Healthy,871,15,715,220.7,0.92,Grid,No,Stable,Theft,Medium,Open,Yes,33,PS-16,Offline,Low Risk,Police,2
455,2026-01-05 17:45:00,13.033762,77.631489,Central,Bengaluru,5,1,2026,17,R-195,590,41,Truck,High,Wet,Green,High,Rain,27.7,59.8,1023,22.1,33.2,147,Poor,80.9,132.3,0.95,86,12,66,Poor,69.2,3715,3.59,Yes,89,Available,47.9,Healthy,1090,16,1173,223.2,0.96,Wind,Yes,Maintenance,None,High,Resolved,Yes,15,PS-19,Maintenance,High Risk,Ambulance,0
456,2026-01-05 18:00:00,12.929671,77.664458,Central,Bengaluru,5,1,2026,18,R-940,461,47,Bus,High,Dry,Red,High,Clear,27.4,48.1,5648,7,0,115,Poor,63.3,103.5,1.95,25,18,72,Poor,45.7,1257,3.47,No,96,Limited,90.5,Leak Detected,846,17,907,224.7,0.94,Solar,Yes,Maintenance,Robbery,High,Resolved,Yes,24,PS-19,Offline,Medium Risk,Fire,1
457,2026-01-05 18:15:00,13.046751,77.619577,Central,Bengaluru,5,1,2026,18,R-888,625,39,Bike,High,Under Maintenance,Green,High,Storm,29.9,57.2,3476,21.2,15.7,156,Very Poor,85.8,140.4,1.16,26,32,31,Very Poor,65.4,4354,5.53,Yes,72,Limited,98.1,Leak Detected,885,41,1215,222.7,0.98,Hybrid,No,Maintenance,Fraud,Medium,Open,Yes,39,PS-16,Maintenance,High Risk,Police,5
458,2026-01-05 18:30:00,12.992315,77.625897,North,Bengaluru,5,1,2026,18,R-773,876,27,Truck,Very High,Wet,Green,High,Storm,24.8,56.9,2961,27.2,29.1,219,Hazardous,120.5,197.1,2.13,46,35,68,Hazardous,96.6,2329,5.56,Yes,81,Available,53.5,Leak Detected,1129,17,1249,221.6,0.97,Hybrid,No,Maintenance,Theft,Low,Resolved,No,28,PS-15,Maintenance,Medium Risk,Fire,4
459,2026-01-05 18:45:00,12.983892,77.653186,East,Bengaluru,5,1,2026,18,R-839,569,42,Bus,High,Dry,Yellow,High,Storm,35.5,61.8,5622,16.8,34.4,142,Poor,78.1,127.8,1.05,86,29,74,Poor,65.3,1320,3.72,No,74,Available,50.6,Leak Detected,908,16,1093,234,0.9,Hybrid,No,Stable,Fraud,High,Open,No,14,PS-11,Offline,High Risk,None,4
460,2026-01-05 19:00:00,12.908055,77.657622,North,Bengaluru,5,1,2026,19,R-564,554,43,Bus,High,Dry,Green,High,Storm,27.2,75.9,1972,11.6,16,138,Poor,75.9,124.2,2.07,46,6,43,Poor,79.5,2400,2.99,Yes,100,Limited,89,Leak Detected,866,34,913,234.4,0.91,Wind,Yes,Maintenance,Theft,Medium,Open,Yes,6,PS-18,Maintenance,High Risk,Police,4
461,2026-01-05 19:15:00,12.912734,77.52924,East,Bengaluru,5,1,2026,19,R-847,881,26,Truck,Very High,Dry,Red,High,Fog,25.9,47.8,3971,25.4,26.7,250,Hazardous,137.5,225,1.7,32,18,74,Hazardous,87.3,2927,3.07,No,71,Available,69.8,Healthy,1362,16,1401,228.2,0.93,Solar,Yes,Maintenance,Theft,Critical,Resolved,Yes,32,PS-13,Maintenance,Medium Risk,None,2
462,2026-01-05 19:30:00,12.907836,77.655764,North,Bengaluru,5,1,2026,19,R-881,499,46,Bus,High,Dry,Yellow,High,Storm,35.1,43.1,8598,28.4,13.7,124,Poor,68.2,111.6,1.29,15,6,13,Poor,93.8,4763,5.43,Yes,93,Available,43.9,Healthy,812,44,1088,236.9,0.92,Wind,Yes,Maintenance,None,Medium,Investigating,Yes,18,PS-13,Maintenance,High Risk,Police,0
463,2026-01-05 19:45:00,12.921754,77.541698,Central,Bengaluru,5,1,2026,19,R-454,653,38,Bus,High,Under Maintenance,Green,High,Rain,29.3,59.5,8425,23,24.4,163,Very Poor,89.7,146.7,0.65,90,32,72,Very Poor,86.6,3617,2.51,No,100,Limited,89.6,Healthy,923,24,989,223,0.97,Wind,Yes,Stable,None,Medium,Open,No,28,PS-16,Maintenance,High Risk,Ambulance,0
464,2026-01-05 20:00:00,12.926262,77.578291,Central,Bengaluru,5,1,2026,20,R-458,261,57,Car,Medium,Wet,Yellow,Medium,Rain,23.3,42.4,8996,16.5,20.9,65,Moderate,35.8,58.5,1.04,73,30,25,Moderate,85.5,2097,5.32,Yes,82,Available,45.9,Leak Detected,474,24,713,222,0.96,Solar,Yes,Stable,Theft,Critical,Investigating,No,21,PS-18,Offline,Medium Risk,None,2
465,2026-01-05 20:15:00,12.910964,77.543571,South,Bengaluru,5,1,2026,20,R-807,246,58,Bike,Medium,Dry,Green,Medium,Storm,34.9,65.4,6199,7.7,24.7,61,Moderate,33.6,54.9,0.78,29,16,29,Moderate,83,2308,2.71,No,82,Available,62.6,Leak Detected,504,38,831,221,0.94,Wind,Yes,Stable,Robbery,Low,Investigating,Yes,22,PS-13,Maintenance,Medium Risk,Fire,1
466,2026-01-05 20:30:00,12.99704,77.546658,Central,Bengaluru,5,1,2026,20,R-412,200,60,Car,Medium,Under Maintenance,Red,Medium,Clear,26.5,40.7,6406,6.8,0,50,Good,27.5,45,1.77,32,17,17,Good,72,3149,4.66,Yes,88,Limited,79.4,Leak Detected,382,35,591,235.8,0.9,Hybrid,No,Stable,Fraud,Medium,Investigating,Yes,28,PS-3,Offline,High Risk,Fire,1
467,2026-01-05 20:45:00,12.958522,77.512705,North,Bengaluru,5,1,2026,20,R-690,119,65,Truck,Low,Under Maintenance,Green,Low,Fog,30.3,62.5,5068,13.9,8.2,59,Moderate,32.5,53.1,1.21,10,30,27,Moderate,46,2182,3.74,Yes,91,Available,44.3,Leak Detected,318,23,707,221.8,0.93,Solar,Yes,Maintenance,Robbery,Critical,Resolved,No,30,PS-2,Maintenance,High Risk,None,2
468,2026-01-05 21:00:00,12.968488,77.58742,North,Bengaluru,5,1,2026,21,R-917,117,65,Bike,Low,Dry,Yellow,Low,Rain,31.1,73.7,1231,16.5,14.2,40,Good,22,36,1.4,77,22,70,Good,79.4,4243,3.41,Yes,100,Limited,52.2,Healthy,589,39,535,226.2,0.9,Hybrid,Yes,Stable,Fraud,Low,Open,Yes,15,PS-4,Maintenance,Low Risk,Fire,1
469,2026-01-05 21:15:00,12.933566,77.555246,West,Bengaluru,5,1,2026,21,R-918,258,58,Bus,Medium,Wet,Green,Medium,Storm,32,40.1,4447,29.2,19.1,64,Moderate,35.2,57.6,0.88,79,26,65,Moderate,71.3,3239,4.29,No,99,Limited,93.1,Healthy,622,27,705,237.8,0.94,Grid,No,Maintenance,Fraud,Low,Open,No,20,PS-12,Offline,High Risk,Ambulance,4
470,2026-01-05 21:30:00,13.008258,77.666008,Central,Bengaluru,5,1,2026,21,R-536,181,61,Bike,Low,Wet,Yellow,Low,Clear,23.1,84.1,5632,21.3,0,45,Good,24.8,40.5,0.56,58,12,51,Good,55.9,3838,4.37,Yes,75,Limited,61,Healthy,601,25,667,228.3,0.92,Hybrid,Yes,Stable,Cyber Crime,High,Investigating,No,38,PS-20,Maintenance,High Risk,Fire,5
471,2026-01-05 21:45:00,12.956232,77.57954,East,Bengaluru,5,1,2026,21,R-438,281,56,Bus,Medium,Wet,Red,Medium,Fog,25.1,75.5,7435,6.8,36,100,Moderate,55,90,1.46,60,23,41,Moderate,84.9,2786,5.34,No,78,Limited,57.1,Leak Detected,640,31,539,230.5,0.97,Solar,Yes,Stable,Robbery,Low,Investigating,No,37,PS-14,Active,High Risk,None,2
472,2026-01-05 22:00:00,12.929868,77.526578,North,Bengaluru,5,1,2026,22,R-878,374,52,Truck,Medium,Dry,Green,Medium,Fog,31.7,45.8,4921,24,19.7,123,Poor,67.7,110.7,0.87,76,16,34,Poor,60.2,4181,3.48,No,95,Available,91.5,Healthy,543,30,629,220.9,0.93,Wind,No,Maintenance,None,Low,Open,Yes,8,PS-1,Active,High Risk,Fire,0
473,2026-01-05 22:15:00,12.922646,77.648204,East,Bengaluru,5,1,2026,22,R-979,134,64,Truck,Low,Wet,Red,Low,Rain,31.9,59.6,3709,19.6,25.5,40,Good,22,36,1.9,10,22,65,Good,96.5,1446,5.69,Yes,100,Available,55.7,Leak Detected,566,34,480,225.2,0.93,Wind,Yes,Stable,None,Low,Open,No,8,PS-7,Offline,Low Risk,Ambulance,0
474,2026-01-05 22:30:00,12.895358,77.549786,East,Bengaluru,5,1,2026,22,R-568,288,56,Bus,Medium,Dry,Yellow,Medium,Rain,27.7,72.8,1153,12.5,26.9,72,Moderate,39.6,64.8,1.66,63,21,60,Moderate,86.4,1029,2.13,No,92,Available,74.1,Leak Detected,633,52,563,223.1,0.98,Grid,No,Maintenance,Theft,High,Open,No,21,PS-7,Active,Medium Risk,Ambulance,3
475,2026-01-05 22:45:00,12.97585,77.63662,East,Bengaluru,5,1,2026,22,R-148,109,65,Bike,Low,Dry,Red,Low,Rain,30.5,54,4201,13.5,18.5,40,Good,22,36,0.94,30,11,35,Good,52.1,2055,4.49,Yes,70,Available,41,Leak Detected,464,51,414,224.3,0.99,Solar,Yes,Stable,Theft,Medium,Resolved,No,34,PS-15,Active,High Risk,Police,4
476,2026-01-05 23:00:00,12.960006,77.578299,West,Bengaluru,5,1,2026,23,R-724,313,55,Bus,Medium,Wet,Green,Medium,Fog,34.6,42.8,3277,21,9.2,108,Poor,59.4,97.2,0.45,32,34,39,Poor,83.9,2916,5.26,Yes,77,Available,53,Healthy,486,23,839,225.9,0.91,Grid,Yes,Maintenance,None,Medium,Open,Yes,23,PS-2,Offline,Low Risk,None,0
477,2026-01-05 23:15:00,12.995689,77.597434,North,Bengaluru,5,1,2026,23,R-951,449,48,Truck,Medium,Under Maintenance,Red,Medium,Storm,31.7,56.1,3133,15.3,25.3,112,Poor,61.6,100.8,1.88,33,34,43,Poor,47.7,3747,4.56,Yes,87,Limited,49.2,Leak Detected,921,24,872,230.1,0.99,Solar,Yes,Maintenance,Robbery,Low,Investigating,No,29,PS-13,Maintenance,Medium Risk,Fire,5
478,2026-01-05 23:30:00,12.929857,77.54002,Central,Bengaluru,5,1,2026,23,R-887,155,63,Car,Low,Dry,Green,Low,Rain,23.8,44.3,1386,8,18.9,40,Good,22,36,1.28,40,27,54,Good,97.1,4207,5.23,Yes,91,Available,67.3,Healthy,553,33,423,236,0.99,Solar,No,Stable,Fraud,High,Investigating,No,16,PS-20,Offline,High Risk,Police,4
479,2026-01-05 23:45:00,12.912737,77.588757,West,Bengaluru,5,1,2026,23,R-866,132,64,Bus,Low,Dry,Green,Low,Rain,29.8,49.1,1175,14,12.3,40,Good,22,36,0.57,58,10,58,Good,81,2935,4.36,No,97,Available,94.5,Healthy,558,27,485,239.5,0.93,Wind,Yes,Maintenance,Theft,Critical,Investigating,No,5,PS-9,Offline,Low Risk,Ambulance,1
480,2026-01-06 00:00:00,12.999497,77.521419,East,Bengaluru,6,1,2026,0,R-294,271,57,Truck,Medium,Wet,Yellow,Medium,Storm,30.7,85.2,4254,15.7,26.7,67,Moderate,36.9,60.3,0.6,86,28,50,Moderate,66.9,2995,2.74,No,85,Limited,87.7,Healthy,604,51,599,220.4,0.91,Wind,No,Stable,Cyber Crime,Medium,Investigating,Yes,6,PS-12,Maintenance,High Risk,Ambulance,2
481,2026-01-06 00:15:00,12.901414,77.65785,West,Bengaluru,6,1,2026,0,R-323,383,51,Car,Medium,Dry,Red,Medium,Fog,26.4,77.9,6743,19.5,10.1,125,Poor,68.8,112.5,0.76,29,25,62,Poor,54.1,3230,4.66,Yes,71,Limited,62.6,Leak Detected,872,31,952,230.3,0.96,Hybrid,Yes,Stable,None,Medium,Investigating,Yes,19,PS-18,Active,Low Risk,Fire,0
482,2026-01-06 00:30:00,12.900277,77.612779,South,Bengaluru,6,1,2026,0,R-970,373,52,Bike,Medium,Dry,Green,Medium,Rain,32.9,58.6,3425,17.8,36.6,93,Moderate,51.2,83.7,0.51,57,22,29,Moderate,91.1,4217,4.14,No,79,Available,46.2,Healthy,794,35,757,231.1,0.91,Hybrid,No,Stable,Theft,Low,Open,No,16,PS-19,Maintenance,Medium Risk,None,5
483,2026-01-06 00:45:00,12.973325,77.63415,West,Bengaluru,6,1,2026,0,R-753,325,54,Truck,Medium,Wet,Yellow,Medium,Rain,32.5,78.8,1972,19.9,29.2,81,Moderate,44.6,72.9,0.71,33,8,28,Moderate,82.9,4372,5.23,Yes,72,Available,51,Leak Detected,507,17,720,223.3,0.93,Solar,Yes,Maintenance,Robbery,Critical,Investigating,Yes,10,PS-16,Maintenance,Medium Risk,Ambulance,4
484,2026-01-06 01:00:00,13.000505,77.525446,South,Bengaluru,6,1,2026,1,R-626,381,51,Bike,Medium,Dry,Red,Medium,Fog,29.7,42.9,8169,15.8,17,125,Poor,68.8,112.5,1.7,31,27,10,Poor,48.3,3649,5.74,Yes,87,Limited,51.6,Leak Detected,627,21,632,226.4,0.9,Solar,No,Stable,Cyber Crime,Medium,Investigating,Yes,27,PS-18,Maintenance,Low Risk,None,5
485,2026-01-06 01:15:00,12.962176,77.595437,West,Bengaluru,6,1,2026,1,R-267,167,62,Truck,Low,Wet,Green,Low,Clear,34,48.9,5553,29.8,0,41,Good,22.6,36.9,0.69,74,24,59,Good,80.7,2469,2.86,No,83,Available,70.3,Healthy,640,49,623,223.5,0.95,Solar,No,Maintenance,None,Low,Open,Yes,17,PS-5,Maintenance,High Risk,Ambulance,0
486,2026-01-06 01:30:00,12.914377,77.617684,Central,Bengaluru,6,1,2026,1,R-848,182,61,Bike,Low,Wet,Green,Low,Rain,28.5,70,8013,6.6,19.6,45,Good,24.8,40.5,1.65,12,17,71,Good,71.1,1578,4.6,No,94,Limited,89.5,Healthy,335,55,707,230.5,0.99,Hybrid,Yes,Stable,Cyber Crime,Medium,Resolved,No,31,PS-4,Offline,High Risk,Police,3
487,2026-01-06 01:45:00,13.026517,77.61292,Central,Bengaluru,6,1,2026,1,R-809,383,51,Bus,Medium,Wet,Red,Medium,Storm,29,76.7,1136,29.8,33.1,95,Moderate,52.3,85.5,0.59,60,17,57,Moderate,81.9,4070,4.14,Yes,89,Limited,74.5,Healthy,603,35,862,224.1,0.96,Solar,No,Maintenance,Cyber Crime,Medium,Investigating,No,32,PS-1,Offline,High Risk,Fire,2
488,2026-01-06 02:00:00,12.932899,77.586029,Central,Bengaluru,6,1,2026,2,R-521,376,52,Truck,Medium,Under Maintenance,Yellow,Medium,Clear,22.9,61.9,6068,14.9,0,94,Moderate,51.7,84.6,0.34,10,22,68,Moderate,61.3,4879,3.02,No,91,Limited,64.3,Healthy,786,27,937,236,0.98,Grid,No,Maintenance,Fraud,Medium,Resolved,No,38,PS-11,Active,Medium Risk,Police,4
489,2026-01-06 02:15:00,12.936403,77.51158,Central,Bengaluru,6,1,2026,2,R-270,229,59,Truck,Medium,Dry,Yellow,Medium,Clear,35.5,45.9,8271,29.7,0,57,Moderate,31.4,51.3,0.61,27,35,68,Moderate,47.1,4078,3.16,Yes,70,Available,56.2,Leak Detected,562,48,532,235.4,0.9,Solar,Yes,Maintenance,Robbery,Critical,Resolved,Yes,35,PS-9,Maintenance,Low Risk,Fire,4
490,2026-01-06 02:30:00,13.038073,77.581533,East,Bengaluru,6,1,2026,2,R-113,201,60,Car,Medium,Dry,Green,Medium,Clear,22.6,57.2,4197,24,0,50,Good,27.5,45,1.07,85,33,55,Good,79.2,941,5.64,No,82,Limited,45.8,Leak Detected,640,27,675,239.6,0.97,Hybrid,No,Maintenance,Theft,Low,Investigating,No,6,PS-4,Maintenance,Medium Risk,Ambulance,4
491,2026-01-06 02:45:00,12.90808,77.630019,West,Bengaluru,6,1,2026,2,R-481,409,50,Car,Medium,Dry,Green,Medium,Clear,25.8,54.8,8779,29.2,0,102,Poor,56.1,91.8,0.55,86,35,15,Poor,65.8,3046,4.66,No,87,Limited,89.1,Leak Detected,643,34,678,227.6,0.98,Solar,Yes,Maintenance,None,High,Investigating,No,35,PS-5,Offline,Medium Risk,Ambulance,0
492,2026-01-06 03:00:00,12.987438,77.563086,South,Bengaluru,6,1,2026,3,R-750,174,62,Bus,Low,Wet,Green,Low,Rain,25.6,55.4,8379,14.7,22.1,43,Good,23.7,38.7,1.6,51,16,38,Good,76.8,3472,2.68,Yes,87,Available,58.8,Leak Detected,365,23,571,226.7,0.93,Grid,Yes,Stable,None,Low,Investigating,Yes,30,PS-5,Maintenance,Low Risk,Police,0
493,2026-01-06 03:15:00,13.037702,77.612415,West,Bengaluru,6,1,2026,3,R-606,114,65,Bike,Low,Wet,Yellow,Low,Storm,29.5,67.3,3018,20.4,22.7,40,Good,22,36,1.65,51,22,51,Good,54.1,3300,2.68,No,74,Limited,46.1,Healthy,521,35,614,227.4,0.91,Grid,Yes,Maintenance,Theft,Low,Investigating,Yes,28,PS-10,Maintenance,Low Risk,Fire,4
494,2026-01-06 03:30:00,12.965459,77.63235,South,Bengaluru,6,1,2026,3,R-465,312,55,Bike,Medium,Wet,Yellow,Medium,Fog,34.2,76.6,7989,23.3,5.4,108,Poor,59.4,97.2,1.8,69,8,55,Poor,75.8,4563,2.8,No,97,Available,42.2,Healthy,712,47,835,220.6,0.92,Solar,No,Stable,Robbery,Low,Investigating,Yes,20,PS-17,Maintenance,Low Risk,None,1
495,2026-01-06 03:45:00,12.975592,77.538013,Central,Bengaluru,6,1,2026,3,R-169,342,53,Bus,Medium,Dry,Yellow,Medium,Storm,29.6,49.8,3336,25.7,18,85,Moderate,46.8,76.5,0.9,18,15,33,Moderate,51.5,3304,3.63,Yes,99,Limited,83.7,Leak Detected,754,18,643,230.2,0.99,Hybrid,No,Maintenance,Cyber Crime,Medium,Resolved,No,29,PS-16,Active,High Risk,None,4
496,2026-01-06 04:00:00,13.019452,77.604216,North,Bengaluru,6,1,2026,4,R-417,273,57,Bike,Medium,Dry,Yellow,Medium,Rain,23.9,70.2,3104,27.2,25.5,68,Moderate,37.4,61.2,1.12,53,6,13,Moderate,81.5,1718,2.19,No,85,Available,74.6,Healthy,773,36,606,221.9,0.91,Wind,No,Maintenance,Cyber Crime,Medium,Investigating,No,29,PS-9,Maintenance,High Risk,Fire,5
497,2026-01-06 04:15:00,12.949314,77.537311,East,Bengaluru,6,1,2026,4,R-943,423,49,Truck,Medium,Wet,Red,Medium,Storm,31.9,57.4,5259,8.2,21.2,105,Poor,57.8,94.5,0.51,85,6,32,Poor,52.6,4413,4.98,No,93,Available,89.2,Leak Detected,843,49,769,232.8,0.99,Wind,Yes,Maintenance,Cyber Crime,Low,Resolved,No,21,PS-11,Active,Medium Risk,Ambulance,4
498,2026-01-06 04:30:00,13.049186,77.667127,North,Bengaluru,6,1,2026,4,R-184,334,54,Bike,Medium,Under Maintenance,Green,Medium,Rain,30.9,50.5,5118,13.5,17.9,83,Moderate,45.7,74.7,1.32,20,23,41,Moderate,77.3,4827,5.34,Yes,78,Limited,74.6,Healthy,800,51,906,236.9,0.98,Wind,No,Stable,Cyber Crime,High,Resolved,Yes,40,PS-14,Offline,High Risk,Ambulance,2
499,2026-01-06 04:45:00,13.009122,77.596154,North,Bengaluru,6,1,2026,4,R-872,271,57,Truck,Medium,Under Maintenance,Green,Medium,Clear,32.8,73.4,2598,8.2,0,67,Moderate,36.9,60.3,1.05,25,8,40,Moderate,86.7,1453,2.04,Yes,97,Limited,58.4,Leak Detected,599,22,645,234.5,0.9,Grid,No,Stable,Robbery,Low,Open,No,25,PS-2,Active,Medium Risk,Ambulance,4
500,2026-01-06 05:00:00,13.034924,77.659227,Central,Bengaluru,6,1,2026,5,R-608,185,61,Bike,Low,Wet,Yellow,Low,Storm,24,62,2777,22.3,20.9,46,Good,25.3,41.4,1.44,82,12,36,Good,63.7,1294,4.82,No,87,Limited,98.5,Leak Detected,381,38,759,239.1,0.95,Solar,Yes,Maintenance,None,Critical,Resolved,Yes,36,PS-19,Active,Medium Risk,Fire,0
501,2026-01-06 05:15:00,12.936428,77.572862,Central,Bengaluru,6,1,2026,5,R-143,139,64,Bike,Low,Under Maintenance,Green,Low,Clear,28.6,49.1,1230,26.4,0,40,Good,22,36,1.33,63,29,58,Good,66.7,3610,5.66,No,75,Available,62.7,Leak Detected,420,19,738,228.2,0.9,Grid,No,Maintenance,Fraud,Medium,Resolved,No,31,PS-9,Active,Medium Risk,Police,1
502,2026-01-06 05:30:00,12.968466,77.544239,East,Bengaluru,6,1,2026,5,R-246,176,62,Truck,Low,Wet,Green,Low,Clear,27.9,86.7,5170,26.8,0,44,Good,24.2,39.6,0.8,43,26,44,Good,69,2683,4.37,Yes,99,Available,74.5,Healthy,540,46,631,225.2,0.98,Grid,Yes,Stable,Theft,High,Investigating,No,22,PS-11,Offline,Low Risk,Ambulance,3
503,2026-01-06 05:45:00,13.025337,77.529726,East,Bengaluru,6,1,2026,5,R-301,355,53,Car,Medium,Under Maintenance,Yellow,Medium,Storm,33.3,88,1981,24.7,30.5,88,Moderate,48.4,79.2,1.89,44,29,14,Moderate,55.8,2506,4.36,Yes,86,Limited,52.3,Leak Detected,731,37,867,224.4,0.92,Wind,No,Maintenance,Theft,Critical,Open,No,11,PS-8,Maintenance,Low Risk,Police,5
504,2026-01-06 06:00:00,12.972024,77.611906,West,Bengaluru,6,1,2026,6,R-123,137,64,Bike,Low,Under Maintenance,Green,Low,Fog,27.5,57.4,7451,9.2,2.5,64,Moderate,35.2,57.6,0.8,31,32,39,Moderate,92.4,1085,4.9,No,84,Limited,48,Leak Detected,430,19,397,221.1,0.97,Hybrid,Yes,Stable,Theft,Medium,Resolved,No,20,PS-18,Maintenance,Low Risk,Police,5
505,2026-01-06 06:15:00,13.04276,77.657776,South,Bengaluru,6,1,2026,6,R-868,327,54,Bus,Medium,Under Maintenance,Yellow,Medium,Fog,22.4,76.5,5571,16.9,30,111,Poor,61.1,99.9,2.17,83,18,36,Poor,54.7,3857,2.31,No,96,Limited,87.6,Healthy,625,15,712,236.6,0.97,Solar,Yes,Maintenance,None,Low,Open,Yes,7,PS-7,Offline,Medium Risk,None,0
506,2026-01-06 06:30:00,12.898042,77.51192,Central,Bengaluru,6,1,2026,6,R-508,130,64,Truck,Low,Under Maintenance,Red,Low,Storm,24.4,86.7,2240,24.5,2.2,40,Good,22,36,0.94,40,17,63,Good,83.2,1374,4.28,Yes,83,Available,40.6,Leak Detected,523,53,540,220.6,0.91,Solar,Yes,Maintenance,Theft,Low,Open,No,18,PS-20,Offline,Low Risk,Ambulance,1
507,2026-01-06 06:45:00,12.91564,77.527465,Central,Bengaluru,6,1,2026,6,R-932,415,50,Truck,Medium,Under Maintenance,Green,Medium,Storm,32.4,63.6,1619,21.4,20.3,103,Poor,56.7,92.7,0.65,13,30,42,Poor,61.8,3088,4.97,Yes,85,Available,74.2,Healthy,807,15,897,225.1,0.92,Grid,Yes,Stable,Theft,High,Resolved,Yes,16,PS-12,Active,Low Risk,None,1
508,2026-01-06 07:00:00,12.924348,77.604034,North,Bengaluru,6,1,2026,7,R-245,153,63,Car,Low,Under Maintenance,Yellow,Low,Fog,26.3,81.2,7535,26.1,35.4,68,Moderate,37.4,61.2,1.01,12,11,33,Moderate,67.3,3692,3.26,Yes,99,Available,68.2,Healthy,636,44,711,236.4,0.97,Grid,Yes,Maintenance,Theft,High,Investigating,No,39,PS-12,Active,Medium Risk,Police,2
509,2026-01-06 07:15:00,12.996786,77.561147,Central,Bengaluru,6,1,2026,7,R-695,134,64,Car,Low,Dry,Yellow,Low,Clear,29.6,60.2,7205,22.6,0,40,Good,22,36,1.69,78,33,62,Good,58.5,4305,5.16,No,74,Available,67.8,Healthy,288,47,653,225.4,0.95,Grid,Yes,Maintenance,Cyber Crime,Low,Investigating,Yes,7,PS-16,Offline,High Risk,Ambulance,1
510,2026-01-06 07:30:00,12.898056,77.601405,Central,Bengaluru,6,1,2026,7,R-943,303,55,Bike,Medium,Wet,Red,Medium,Fog,35.5,71.3,7828,9.9,13.7,105,Poor,57.8,94.5,0.74,79,13,75,Poor,68.2,4478,5.78,Yes,86,Available,47,Leak Detected,616,32,774,223.7,0.97,Grid,Yes,Stable,None,Medium,Open,No,14,PS-1,Offline,Medium Risk,Police,0
511,2026-01-06 07:45:00,12.899754,77.512908,Central,Bengaluru,6,1,2026,7,R-485,186,61,Bike,Low,Wet,Red,Low,Rain,32,60.2,2960,19.8,24.9,46,Good,25.3,41.4,0.31,76,23,21,Good,51.4,1775,3.62,Yes,70,Available,63.1,Healthy,456,23,786,229.9,0.99,Wind,Yes,Maintenance,None,Low,Investigating,No,24,PS-18,Active,High Risk,None,0
512,2026-01-06 08:00:00,12.929191,77.518106,Central,Bengaluru,6,1,2026,8,R-935,645,38,Bus,High,Under Maintenance,Green,High,Fog,25.5,45.9,1792,23.1,10.5,191,Very Poor,105.1,171.9,1.15,22,21,20,Very Poor,61.9,3825,4.78,No,86,Available,85.6,Leak Detected,871,16,991,232.7,0.98,Grid,Yes,Maintenance,Fraud,Medium,Resolved,Yes,22,PS-14,Offline,Low Risk,None,3
513,2026-01-06 08:15:00,12.983121,77.622649,West,Bengaluru,6,1,2026,8,R-542,592,41,Truck,High,Dry,Red,High,Fog,22.8,42.9,2130,11.7,26.1,178,Very Poor,97.9,160.2,0.33,27,27,79,Very Poor,93.2,4953,2.61,Yes,90,Available,70.8,Leak Detected,742,24,1042,222.8,0.95,Grid,No,Maintenance,Robbery,High,Open,No,19,PS-12,Maintenance,Low Risk,None,3
514,2026-01-06 08:30:00,13.049319,77.512783,East,Bengaluru,6,1,2026,8,R-189,481,46,Bike,High,Under Maintenance,Green,High,Rain,35.9,68,2142,18.8,13.9,120,Poor,66,108,1.34,63,35,18,Poor,78.3,3481,3.38,Yes,79,Limited,46.9,Healthy,662,44,1039,223.5,0.91,Wind,No,Stable,Robbery,Low,Open,Yes,40,PS-8,Maintenance,Low Risk,None,1
515,2026-01-06 08:45:00,12.922081,77.654653,Central,Bengaluru,6,1,2026,8,R-852,415,50,Truck,Medium,Dry,Yellow,Medium,Clear,23.3,41.5,8409,11.6,0,103,Poor,56.7,92.7,1.31,57,5,73,Poor,84,4365,5.01,Yes,100,Limited,58.7,Healthy,721,26,738,239.6,0.94,Solar,No,Maintenance,Theft,Low,Open,Yes,26,PS-8,Active,Medium Risk,None,2
516,2026-01-06 09:00:00,13.025255,77.551516,East,Bengaluru,6,1,2026,9,R-671,893,26,Truck,Very High,Dry,Yellow,High,Fog,36,66.7,2336,28.5,30.5,253,Hazardous,139.2,227.7,1.72,26,31,68,Hazardous,80.4,2301,3.58,Yes,86,Limited,90.8,Leak Detected,1222,40,1221,237.1,0.93,Grid,No,Maintenance,Fraud,Critical,Investigating,No,23,PS-16,Offline,Low Risk,Ambulance,5
517,2026-01-06 09:15:00,12.892407,77.576045,North,Bengaluru,6,1,2026,9,R-925,430,49,Bus,Medium,Under Maintenance,Red,Medium,Rain,28.8,55.1,2192,8.1,13.2,107,Poor,58.9,96.3,0.82,36,14,16,Poor,61.3,4234,5.51,No,87,Available,96.8,Healthy,624,36,1006,228.7,0.93,Hybrid,Yes,Maintenance,Robbery,High,Investigating,Yes,6,PS-13,Maintenance,High Risk,Fire,3
518,2026-01-06 09:30:00,12.906172,77.623641,West,Bengaluru,6,1,2026,9,R-892,729,34,Bike,Very High,Under Maintenance,Red,High,Clear,23.1,47.3,3040,5.1,0,182,Very Poor,100.1,163.8,1.57,39,14,38,Very Poor,62.9,3155,4,Yes,93,Available,71.7,Leak Detected,1179,41,1253,220.5,0.94,Hybrid,Yes,Maintenance,None,Low,Open,Yes,16,PS-3,Active,Medium Risk,Fire,0
519,2026-01-06 09:45:00,13.018344,77.539838,North,Bengaluru,6,1,2026,9,R-221,500,45,Truck,High,Dry,Yellow,High,Fog,30.6,87.6,4472,5.1,37.9,155,Very Poor,85.2,139.5,1.24,22,27,74,Very Poor,65.4,1278,2.81,Yes,92,Available,46.3,Leak Detected,931,52,1068,232.1,1,Grid,Yes,Maintenance,None,Low,Open,Yes,24,PS-16,Active,Low Risk,Police,0
520,2026-01-06 10:00:00,12.984351,77.584662,Central,Bengaluru,6,1,2026,10,R-524,784,31,Car,Very High,Under Maintenance,Green,High,Storm,34.4,77.9,8242,28.2,30.7,196,Very Poor,107.8,176.4,2.09,88,29,16,Very Poor,83.3,2916,2.39,No,97,Limited,89.3,Leak Detected,1120,15,1355,222.4,0.92,Wind,No,Stable,None,High,Investigating,Yes,12,PS-1,Offline,Low Risk,None,0
521,2026-01-06 10:15:00,12.912016,77.584877,North,Bengaluru,6,1,2026,10,R-832,667,37,Bike,High,Wet,Green,High,Clear,35.2,45.3,1225,18.8,0,166,Very Poor,91.3,149.4,1.27,88,20,29,Very Poor,51.9,2461,4.71,No,78,Limited,69.4,Healthy,1091,27,1165,226.8,0.92,Wind,No,Stable,Fraud,Low,Open,No,40,PS-1,Maintenance,High Risk,Fire,3
522,2026-01-06 10:30:00,12.917155,77.551103,East,Bengaluru,6,1,2026,10,R-298,638,39,Bike,High,Dry,Yellow,High,Clear,35.5,48.1,7752,8,0,159,Very Poor,87.5,143.1,1.41,59,24,58,Very Poor,74.2,4534,3.04,No,70,Limited,88.1,Leak Detected,821,42,1205,233.8,0.92,Hybrid,Yes,Stable,None,High,Open,Yes,31,PS-10,Active,Medium Risk,Police,0
523,2026-01-06 10:45:00,12.924814,77.568237,Central,Bengaluru,6,1,2026,10,R-885,402,50,Bus,Medium,Dry,Yellow,Medium,Storm,33.9,75.1,6692,7.8,22,100,Moderate,55,90,0.72,27,14,79,Moderate,90.3,4923,2.26,Yes,70,Limited,94.8,Leak Detected,859,19,659,226.3,0.92,Solar,Yes,Maintenance,None,Low,Resolved,No,28,PS-18,Offline,High Risk,Fire,0
524,2026-01-06 11:00:00,12.996839,77.659715,East,Bengaluru,6,1,2026,11,R-338,286,56,Bus,Medium,Under Maintenance,Green,Medium,Rain,23.3,56.3,7718,8,30.7,71,Moderate,39.1,63.9,2.03,63,13,29,Moderate,71,4277,5.42,Yes,80,Limited,54.8,Leak Detected,600,22,606,230.9,0.91,Wind,No,Maintenance,Theft,Low,Open,Yes,28,PS-19,Offline,High Risk,Police,3
525,2026-01-06 11:15:00,12.950221,77.660222,North,Bengaluru,6,1,2026,11,R-880,265,57,Truck,Medium,Dry,Green,Medium,Fog,32.3,40.9,3421,24.7,18,96,Moderate,52.8,86.4,1.7,57,29,45,Moderate,67.4,4589,3.87,Yes,81,Available,66.5,Healthy,650,28,546,236.5,0.95,Hybrid,No,Maintenance,Theft,Critical,Investigating,Yes,35,PS-2,Active,Low Risk,None,3
526,2026-01-06 11:30:00,12.892551,77.539714,West,Bengaluru,6,1,2026,11,R-403,237,59,Car,Medium,Wet,Red,Medium,Rain,33.9,75.3,6502,9.5,2.9,59,Moderate,32.5,53.1,1.37,52,13,60,Moderate,81.3,4099,5.93,No,75,Limited,99.8,Leak Detected,600,42,615,222.7,0.94,Wind,Yes,Stable,Cyber Crime,Critical,Open,Yes,26,PS-7,Maintenance,High Risk,None,4
527,2026-01-06 11:45:00,12.986599,77.544862,Central,Bengaluru,6,1,2026,11,R-541,293,56,Truck,Medium,Under Maintenance,Green,Medium,Rain,27.7,73.6,1247,24.9,21.2,73,Moderate,40.2,65.7,2.08,60,23,39,Moderate,54.3,3541,5.12,Yes,78,Available,60.8,Healthy,711,53,617,229.5,0.96,Grid,No,Maintenance,Robbery,Critical,Resolved,Yes,25,PS-7,Maintenance,High Risk,Fire,4
528,2026-01-06 12:00:00,12.970031,77.651094,West,Bengaluru,6,1,2026,12,R-827,310,55,Bus,Medium,Wet,Yellow,Medium,Clear,24.2,82.5,5806,22.6,0,77,Moderate,42.4,69.3,0.35,77,13,28,Moderate,89.8,4706,2.84,No,93,Available,67.3,Healthy,552,18,650,223.5,0.96,Wind,Yes,Stable,Fraud,Low,Resolved,No,36,PS-14,Maintenance,Low Risk,None,1
529,2026-01-06 12:15:00,13.01471,77.535218,Central,Bengaluru,6,1,2026,12,R-480,296,56,Car,Medium,Wet,Yellow,Medium,Rain,33.7,60.2,5533,10.8,15.6,74,Moderate,40.7,66.6,2.09,64,35,11,Moderate,56,2267,2.75,Yes,93,Limited,99.7,Healthy,494,32,640,233.6,0.93,Grid,Yes,Maintenance,None,Low,Open,No,34,PS-1,Active,Low Risk,None,0
530,2026-01-06 12:30:00,13.032108,77.61964,North,Bengaluru,6,1,2026,12,R-398,179,62,Bike,Low,Dry,Green,Low,Storm,27.8,62.9,3079,27.9,15.7,44,Good,24.2,39.6,0.73,24,32,66,Good,53.5,3082,5.13,No,77,Available,72.4,Healthy,532,35,562,221.2,0.99,Hybrid,Yes,Stable,None,Medium,Open,No,15,PS-16,Active,High Risk,Police,0
531,2026-01-06 12:45:00,12.925553,77.614355,East,Bengaluru,6,1,2026,12,R-890,161,62,Truck,Low,Dry,Green,Low,Clear,33.6,75.9,4707,14.9,0,40,Good,22,36,0.93,31,19,31,Good,74.3,3288,3.42,Yes,88,Limited,55.9,Leak Detected,322,43,411,230.1,0.95,Hybrid,Yes,Maintenance,Fraud,Critical,Resolved,No,6,PS-6,Active,High Risk,Police,1
532,2026-01-06 13:00:00,12.897433,77.539787,North,Bengaluru,6,1,2026,13,R-480,369,52,Bus,Medium,Dry,Red,Medium,Rain,22.5,53,5689,27.8,23.8,92,Moderate,50.6,82.8,0.63,30,16,34,Moderate,58.1,2219,2.03,Yes,77,Limited,44,Healthy,710,36,795,237.1,0.91,Solar,No,Maintenance,Cyber Crime,High,Investigating,Yes,19,PS-13,Maintenance,High Risk,Fire,2
533,2026-01-06 13:15:00,12.92084,77.535952,South,Bengaluru,6,1,2026,13,R-503,399,51,Bike,Medium,Under Maintenance,Yellow,Medium,Rain,23.9,80.6,1218,13.7,30.1,99,Moderate,54.5,89.1,1.32,39,8,26,Moderate,89.1,3007,5.01,Yes,75,Available,66.7,Leak Detected,855,40,809,238.2,0.96,Solar,Yes,Stable,Theft,Medium,Open,No,30,PS-7,Active,Medium Risk,None,3
534,2026-01-06 13:30:00,12.915608,77.655026,West,Bengaluru,6,1,2026,13,R-286,381,51,Bus,Medium,Under Maintenance,Green,Medium,Fog,29.9,85.1,3800,20.6,32.1,125,Poor,68.8,112.5,1.41,33,17,67,Poor,49,2676,2.4,No,77,Limited,47.7,Leak Detected,671,45,794,223,0.99,Wind,No,Maintenance,Robbery,Low,Open,Yes,32,PS-4,Offline,Low Risk,Police,1
535,2026-01-06 13:45:00,13.034382,77.560465,South,Bengaluru,6,1,2026,13,R-376,372,52,Car,Medium,Dry,Green,Medium,Rain,31.9,43.1,6661,10.8,13.9,93,Moderate,51.2,83.7,0.32,22,13,36,Moderate,83.1,1943,2.4,Yes,79,Available,80,Healthy,786,43,870,238.3,0.95,Solar,No,Maintenance,Cyber Crime,Medium,Resolved,No,13,PS-5,Active,High Risk,Ambulance,3
536,2026-01-06 14:00:00,13.016595,77.604512,North,Bengaluru,6,1,2026,14,R-409,401,50,Truck,Medium,Wet,Green,Medium,Fog,28,71.7,7795,19.4,38.5,130,Poor,71.5,117,1.97,31,23,65,Poor,63.8,3732,5.49,Yes,75,Limited,68,Leak Detected,772,32,680,237.7,0.93,Hybrid,Yes,Stable,Cyber Crime,High,Investigating,No,35,PS-5,Offline,Low Risk,Police,5
537,2026-01-06 14:15:00,12.910053,77.60352,South,Bengaluru,6,1,2026,14,R-471,216,60,Bus,Medium,Dry,Red,Medium,Storm,34.2,76.9,1656,24.6,16.3,54,Moderate,29.7,48.6,1.36,32,10,54,Moderate,45.5,1670,4.13,No,93,Limited,50.1,Leak Detected,594,26,748,228.2,0.96,Hybrid,Yes,Stable,Fraud,Low,Open,Yes,20,PS-9,Active,Medium Risk,Ambulance,5
538,2026-01-06 14:30:00,13.002347,77.576801,South,Bengaluru,6,1,2026,14,R-951,85,66,Truck,Low,Dry,Green,Low,Clear,27.7,40,8524,25.8,0,40,Good,22,36,0.95,16,35,56,Good,67.8,2316,2.27,No,90,Available,41.1,Healthy,549,19,360,234.7,0.91,Solar,Yes,Maintenance,Cyber Crime,Medium,Investigating,Yes,13,PS-6,Offline,Medium Risk,Police,1
539,2026-01-06 14:45:00,13.026348,77.621172,West,Bengaluru,6,1,2026,14,R-121,383,51,Bike,Medium,Wet,Yellow,Medium,Rain,31.2,56,3301,15,37,95,Moderate,52.3,85.5,1.72,17,20,65,Moderate,91.1,4002,3.13,No,70,Available,74.3,Healthy,770,26,735,225.4,0.91,Wind,Yes,Stable,Fraud,Low,Open,Yes,31,PS-4,Active,High Risk,Fire,3
540,2026-01-06 15:00:00,12.937947,77.660191,North,Bengaluru,6,1,2026,15,R-498,444,48,Bus,Medium,Wet,Yellow,Medium,Clear,23.6,77.4,4766,9.5,0,111,Poor,61.1,99.9,1.19,59,21,56,Poor,70.3,4242,5.58,Yes,83,Available,87.4,Leak Detected,686,54,717,236.4,0.99,Grid,No,Maintenance,Fraud,High,Open,No,6,PS-3,Offline,High Risk,Ambulance,2
541,2026-01-06 15:15:00,13.031153,77.555925,South,Bengaluru,6,1,2026,15,R-555,233,59,Bus,Medium,Wet,Yellow,Medium,Rain,23.1,64.8,2794,11.7,17.7,58,Moderate,31.9,52.2,0.94,35,21,59,Moderate,75.3,4475,4.28,Yes,75,Limited,92.4,Leak Detected,498,39,553,228.4,0.96,Hybrid,No,Stable,None,Medium,Investigating,No,22,PS-3,Maintenance,Low Risk,Police,0
542,2026-01-06 15:30:00,12.970138,77.563955,East,Bengaluru,6,1,2026,15,R-593,384,51,Bus,Medium,Dry,Green,Medium,Fog,27.5,53.9,3631,24.5,24.5,126,Poor,69.3,113.4,1.89,14,23,38,Poor,70.3,1436,3.05,No,71,Limited,69.3,Leak Detected,582,33,747,229.1,1,Hybrid,No,Stable,Theft,Critical,Open,No,29,PS-3,Maintenance,Medium Risk,Fire,4
543,2026-01-06 15:45:00,12.91102,77.650294,South,Bengaluru,6,1,2026,15,R-513,211,60,Car,Medium,Wet,Red,Medium,Storm,26.2,74.7,5255,14.3,21.2,52,Moderate,28.6,46.8,1.46,14,35,17,Moderate,52.9,4694,5.7,Yes,88,Available,40.7,Leak Detected,532,17,693,233,0.98,Wind,Yes,Maintenance,Fraud,Medium,Resolved,No,32,PS-2,Offline,Low Risk,Ambulance,2
544,2026-01-06 16:00:00,12.984742,77.549304,North,Bengaluru,6,1,2026,16,R-505,307,55,Truck,Medium,Under Maintenance,Yellow,Medium,Fog,31.3,41.1,4314,16.8,31.9,106,Poor,58.3,95.4,2.02,80,34,27,Poor,54.7,2302,3.68,No,99,Limited,86.6,Healthy,719,43,817,232.9,0.94,Solar,No,Stable,Fraud,Critical,Resolved,Yes,31,PS-7,Offline,High Risk,Ambulance,5
545,2026-01-06 16:15:00,12.893851,77.645014,East,Bengaluru,6,1,2026,16,R-968,435,49,Car,Medium,Under Maintenance,Red,Medium,Storm,26.2,46.9,7786,7.9,18.8,108,Poor,59.4,97.2,0.8,81,18,19,Poor,73.9,4088,4.73,No,70,Limited,63.4,Healthy,616,19,890,235.3,0.96,Grid,No,Stable,Fraud,Medium,Investigating,Yes,39,PS-6,Offline,Low Risk,Ambulance,4
546,2026-01-06 16:30:00,13.013618,77.547341,North,Bengaluru,6,1,2026,16,R-568,439,49,Car,Medium,Under Maintenance,Yellow,Medium,Fog,33.5,55.4,3149,9.3,23.9,139,Poor,76.5,125.1,0.6,36,27,78,Poor,81.4,2720,5.89,Yes,91,Available,97.5,Leak Detected,916,53,698,222.3,0.94,Wind,No,Stable,Theft,Critical,Investigating,Yes,9,PS-20,Offline,High Risk,None,2
547,2026-01-06 16:45:00,13.049397,77.59488,East,Bengaluru,6,1,2026,16,R-337,81,66,Bus,Low,Under Maintenance,Green,Low,Fog,33.4,74.9,7412,26.8,27.5,50,Good,27.5,45,1.71,69,28,78,Good,50.9,4662,4.01,Yes,82,Limited,97.2,Leak Detected,570,29,678,222.3,0.99,Grid,Yes,Maintenance,Robbery,High,Investigating,Yes,37,PS-3,Offline,Low Risk,Ambulance,4
548,2026-01-06 17:00:00,12.966153,77.659907,South,Bengaluru,6,1,2026,17,R-522,796,31,Bus,Very High,Dry,Yellow,High,Clear,34.3,50.2,5203,20.7,0,199,Very Poor,109.5,179.1,0.36,18,19,30,Very Poor,66.3,2156,4.4,No,87,Available,79.1,Leak Detected,1099,48,1213,235,0.9,Grid,No,Stable,None,High,Investigating,Yes,34,PS-9,Active,Low Risk,None,0
549,2026-01-06 17:15:00,13.039929,77.619668,Central,Bengaluru,6,1,2026,17,R-494,676,37,Car,High,Dry,Yellow,High,Clear,27.7,46.6,5566,5.8,0,169,Very Poor,93,152.1,0.55,12,12,25,Very Poor,69.2,2235,5.98,No,76,Limited,56.8,Healthy,992,53,1121,232.6,0.92,Hybrid,No,Maintenance,Fraud,Low,Open,Yes,5,PS-10,Maintenance,High Risk,Ambulance,3
550,2026-01-06 17:30:00,12.955251,77.512971,North,Bengaluru,6,1,2026,17,R-259,483,46,Bike,High,Wet,Yellow,High,Fog,25.5,49.1,8450,11.7,18.6,150,Poor,82.5,135,1.86,17,12,58,Poor,79.4,4477,2,No,77,Limited,59.1,Leak Detected,654,37,914,224.4,0.98,Hybrid,Yes,Maintenance,Theft,High,Resolved,Yes,20,PS-13,Maintenance,Medium Risk,Ambulance,1
551,2026-01-06 17:45:00,12.929803,77.56911,West,Bengaluru,6,1,2026,17,R-520,580,41,Bike,High,Dry,Green,High,Storm,25.2,41.9,4303,25.2,24.6,145,Poor,79.8,130.5,1.49,77,18,46,Poor,76,1859,3.49,No,88,Limited,98.1,Healthy,799,18,961,223.7,0.95,Solar,Yes,Maintenance,Fraud,Medium,Open,No,31,PS-13,Active,Medium Risk,None,2
552,2026-01-06 18:00:00,12.987644,77.604401,Central,Bengaluru,6,1,2026,18,R-773,496,46,Bike,High,Under Maintenance,Red,High,Fog,30.4,87.6,5490,11.2,13.5,154,Very Poor,84.7,138.6,1.35,71,32,61,Very Poor,74.5,4601,4.84,No,89,Available,62.3,Leak Detected,652,34,808,224.9,0.95,Grid,No,Stable,Fraud,Low,Resolved,Yes,38,PS-7,Maintenance,Low Risk,Ambulance,2
553,2026-01-06 18:15:00,12.890707,77.52064,East,Bengaluru,6,1,2026,18,R-150,606,40,Truck,High,Wet,Green,High,Clear,33.8,76.2,8732,6.7,0,151,Very Poor,83.1,135.9,1.81,39,32,14,Very Poor,91.1,1379,2.87,Yes,70,Available,71,Leak Detected,920,24,1181,236.9,0.95,Grid,No,Maintenance,None,Critical,Resolved,Yes,13,PS-10,Active,Medium Risk,Ambulance,0
554,2026-01-06 18:30:00,12.943893,77.54714,Central,Bengaluru,6,1,2026,18,R-596,428,49,Truck,Medium,Wet,Red,Medium,Rain,35.2,45.1,8727,11.5,36.3,107,Poor,58.9,96.3,1.06,82,35,79,Poor,93.8,1078,4.6,No,82,Available,92.8,Healthy,820,38,803,232.6,0.9,Wind,No,Stable,Theft,Critical,Investigating,No,35,PS-5,Maintenance,High Risk,Fire,1
555,2026-01-06 18:45:00,12.96852,77.529283,South,Bengaluru,6,1,2026,18,R-425,558,43,Bike,High,Dry,Red,High,Rain,24.7,73,3586,26.3,4.8,139,Poor,76.5,125.1,0.4,72,20,35,Poor,79,1400,3.99,No,71,Available,65.1,Healthy,731,24,978,236.7,0.97,Grid,Yes,Maintenance,Robbery,Medium,Open,No,7,PS-7,Offline,High Risk,Ambulance,3
556,2026-01-06 19:00:00,13.025461,77.555858,Central,Bengaluru,6,1,2026,19,R-100,836,29,Bus,Very High,Wet,Yellow,High,Fog,22.4,77.5,5378,15.4,6,239,Hazardous,131.5,215.1,0.73,18,34,10,Hazardous,81.7,4653,3.65,Yes,94,Available,87.2,Healthy,1271,37,1131,229.7,0.92,Solar,No,Stable,Robbery,High,Resolved,No,17,PS-9,Active,High Risk,Police,5
557,2026-01-06 19:15:00,12.890233,77.565411,North,Bengaluru,6,1,2026,19,R-846,806,30,Car,Very High,Wet,Yellow,High,Fog,25.6,75.9,6072,14.8,15.3,231,Hazardous,127.1,207.9,1.44,24,34,60,Hazardous,47.5,4829,5.29,Yes,71,Limited,40.7,Healthy,962,34,1219,237.9,0.91,Hybrid,Yes,Stable,Cyber Crime,Medium,Open,Yes,39,PS-1,Maintenance,Low Risk,None,4
558,2026-01-06 19:30:00,12.928168,77.569479,Central,Bengaluru,6,1,2026,19,R-667,793,31,Truck,Very High,Under Maintenance,Yellow,High,Rain,30.8,74.7,1172,21.5,21.8,198,Very Poor,108.9,178.2,0.32,60,15,30,Very Poor,77.2,3568,2.36,No,79,Limited,82.6,Healthy,1047,30,1218,234.4,0.91,Grid,Yes,Maintenance,None,High,Resolved,Yes,37,PS-17,Active,Medium Risk,None,0
559,2026-01-06 19:45:00,12.985453,77.516564,North,Bengaluru,6,1,2026,19,R-713,421,49,Car,Medium,Under Maintenance,Red,Medium,Storm,33.5,71.5,3311,26.6,4.1,105,Poor,57.8,94.5,0.68,28,30,59,Poor,65.1,1588,3.34,No,87,Limited,73.7,Leak Detected,654,40,794,223.7,0.91,Wind,Yes,Maintenance,None,Critical,Investigating,Yes,14,PS-1,Offline,Low Risk,None,0
560,2026-01-06 20:00:00,12.966385,77.553622,East,Bengaluru,6,1,2026,20,R-403,427,49,Truck,Medium,Under Maintenance,Red,Medium,Clear,35.4,42.8,5356,22,0,106,Poor,58.3,95.4,1.59,27,34,35,Poor,49.2,1320,3.16,Yes,96,Limited,83.8,Leak Detected,792,46,875,240,0.91,Wind,Yes,Stable,Fraud,High,Investigating,No,5,PS-12,Active,Low Risk,Ambulance,4
561,2026-01-06 20:15:00,12.910758,77.587786,Central,Bengaluru,6,1,2026,20,R-559,117,65,Car,Low,Dry,Yellow,Low,Fog,29.2,42.4,8603,25.3,16.3,59,Moderate,32.5,53.1,0.38,60,12,65,Moderate,88.9,3838,2.18,Yes,90,Limited,56,Healthy,586,49,667,222.4,0.99,Grid,Yes,Stable,None,Low,Investigating,Yes,6,PS-5,Offline,Low Risk,Police,0
562,2026-01-06 20:30:00,12.915293,77.542005,West,Bengaluru,6,1,2026,20,R-875,391,51,Bus,Medium,Under Maintenance,Yellow,Medium,Fog,31.7,58.3,8024,7.8,26.3,127,Poor,69.9,114.3,0.65,60,6,16,Poor,78,4325,2.17,No,81,Limited,96.1,Leak Detected,672,32,963,231.8,0.91,Hybrid,No,Maintenance,Robbery,High,Resolved,Yes,37,PS-3,Active,High Risk,Police,5
563,2026-01-06 20:45:00,12.99068,77.594703,East,Bengaluru,6,1,2026,20,R-959,141,63,Bus,Low,Wet,Yellow,Low,Storm,35.7,47.8,2375,19.9,27.7,40,Good,22,36,0.58,73,24,73,Good,47.8,4137,3.52,Yes,95,Limited,46.2,Leak Detected,362,34,668,228.5,0.94,Hybrid,No,Stable,Robbery,Critical,Resolved,Yes,13,PS-7,Offline,Low Risk,Fire,5
564,2026-01-06 21:00:00,12.949913,77.541848,North,Bengaluru,6,1,2026,21,R-169,266,57,Truck,Medium,Dry,Red,Medium,Clear,32.2,87.6,4466,17.4,0,66,Moderate,36.3,59.4,0.48,64,6,54,Moderate,72.9,1306,3.49,Yes,78,Limited,44.5,Healthy,718,35,673,228.8,0.93,Wind,No,Maintenance,None,Medium,Open,No,34,PS-19,Active,Medium Risk,None,0
565,2026-01-06 21:15:00,12.991956,77.595043,West,Bengaluru,6,1,2026,21,R-861,143,63,Bus,Low,Under Maintenance,Yellow,Low,Clear,30.1,61.5,4181,27.1,0,40,Good,22,36,1.35,34,33,51,Good,82.8,4854,3.06,No,82,Available,62.5,Leak Detected,318,26,517,239.9,0.97,Wind,Yes,Maintenance,Cyber Crime,Medium,Open,Yes,16,PS-6,Active,High Risk,Fire,4
566,2026-01-06 21:30:00,12.920345,77.640781,Central,Bengaluru,6,1,2026,21,R-815,330,54,Truck,Medium,Dry,Red,Medium,Rain,23.9,68.3,8050,15.1,11.1,82,Moderate,45.1,73.8,0.65,81,34,27,Moderate,62.1,2142,5.26,No,82,Available,55.5,Leak Detected,722,30,898,238.7,0.92,Hybrid,Yes,Stable,Theft,Medium,Open,Yes,6,PS-19,Active,Medium Risk,Police,1
567,2026-01-06 21:45:00,13.011783,77.53803,East,Bengaluru,6,1,2026,21,R-400,296,56,Bike,Medium,Dry,Yellow,Medium,Rain,28.9,43.5,5841,18.1,35.7,74,Moderate,40.7,66.6,0.32,71,15,51,Moderate,90.7,3489,5.37,No,74,Limited,43.5,Leak Detected,611,42,837,233.8,0.96,Solar,Yes,Stable,Theft,Low,Open,No,23,PS-8,Active,High Risk,Ambulance,2
568,2026-01-06 22:00:00,12.968842,77.58479,South,Bengaluru,6,1,2026,22,R-308,301,55,Car,Medium,Wet,Red,Medium,Rain,29.1,88,8822,15,37.2,75,Moderate,41.2,67.5,1.69,13,34,66,Moderate,45.2,3761,2.21,No,95,Available,60.1,Leak Detected,537,54,808,235.9,0.91,Hybrid,Yes,Stable,Theft,Critical,Investigating,No,8,PS-5,Offline,Medium Risk,Police,4
569,2026-01-06 22:15:00,12.916721,77.582551,South,Bengaluru,6,1,2026,22,R-480,322,54,Car,Medium,Wet,Green,Medium,Fog,22.2,42,6788,15.1,32.4,110,Poor,60.5,99,1.56,55,25,61,Poor,91.8,2949,5.78,Yes,79,Limited,56,Leak Detected,802,52,678,222.1,0.99,Wind,No,Stable,Cyber Crime,High,Investigating,No,7,PS-19,Maintenance,High Risk,Fire,3
570,2026-01-06 22:30:00,13.002352,77.615894,South,Bengaluru,6,1,2026,22,R-943,87,66,Truck,Low,Wet,Yellow,Low,Fog,25,46.6,2822,29.4,11,51,Moderate,28.1,45.9,1.02,26,8,30,Moderate,83.1,1411,4.64,Yes,80,Limited,73.7,Leak Detected,353,31,345,220.1,0.91,Wind,No,Stable,Cyber Crime,Medium,Open,No,36,PS-10,Active,High Risk,Ambulance,3
571,2026-01-06 22:45:00,13.001373,77.520274,Central,Bengaluru,6,1,2026,22,R-892,283,56,Bike,Medium,Dry,Green,Medium,Storm,28.3,72.1,6316,17.1,13.9,70,Moderate,38.5,63,1.34,47,7,59,Moderate,72.7,3949,4.79,Yes,92,Limited,74.5,Leak Detected,638,34,772,235,0.96,Hybrid,No,Stable,Cyber Crime,High,Investigating,No,33,PS-20,Offline,High Risk,None,2
572,2026-01-06 23:00:00,13.027011,77.647293,West,Bengaluru,6,1,2026,23,R-257,427,49,Bike,Medium,Wet,Green,Medium,Rain,22.7,67.2,5701,27,17.3,106,Poor,58.3,95.4,1.03,26,5,22,Poor,67.2,3719,5.6,No,91,Limited,97.1,Leak Detected,832,48,881,226.4,0.98,Hybrid,No,Maintenance,None,Low,Open,No,35,PS-14,Offline,Low Risk,Police,0
573,2026-01-06 23:15:00,12.961426,77.593363,West,Bengaluru,6,1,2026,23,R-927,106,65,Bike,Low,Wet,Red,Low,Storm,22.8,43.6,4134,13.8,13.7,40,Good,22,36,0.59,42,32,48,Good,58.8,4996,4.35,No,99,Limited,40.3,Healthy,359,48,564,238.2,1,Grid,Yes,Maintenance,Cyber Crime,Critical,Open,Yes,33,PS-1,Active,Medium Risk,Ambulance,1
574,2026-01-06 23:30:00,12.914621,77.543946,West,Bengaluru,6,1,2026,23,R-162,398,51,Bike,Medium,Dry,Red,Medium,Fog,26.7,42.4,6009,23.4,9.7,129,Poor,71,116.1,2.17,45,28,18,Poor,56.3,899,4.34,No,90,Available,89.4,Leak Detected,853,46,942,237.6,0.91,Hybrid,No,Stable,Robbery,High,Open,Yes,28,PS-13,Maintenance,Medium Risk,Police,3
575,2026-01-06 23:45:00,12.922743,77.630562,West,Bengaluru,6,1,2026,23,R-869,242,58,Truck,Medium,Wet,Red,Medium,Clear,35.6,40.7,3636,17.5,0,60,Moderate,33,54,1.51,38,23,42,Moderate,80.9,3558,4.34,Yes,74,Limited,40.1,Leak Detected,530,24,825,237.4,0.99,Solar,Yes,Maintenance,Fraud,Medium,Resolved,No,6,PS-15,Active,Medium Risk,Ambulance,1
576,2026-01-07 00:00:00,13.009056,77.616398,West,Bengaluru,7,1,2026,0,R-392,196,61,Truck,Low,Wet,Yellow,Low,Clear,30.5,87.8,1931,21.4,0,49,Good,27,44.1,0.43,64,28,44,Good,97.7,2102,2.81,Yes,96,Limited,87.2,Leak Detected,609,32,500,231.4,0.92,Solar,Yes,Maintenance,Cyber Crime,Low,Investigating,No,40,PS-13,Maintenance,High Risk,Fire,2
577,2026-01-07 00:15:00,12.936806,77.592617,North,Bengaluru,7,1,2026,0,R-969,315,55,Truck,Medium,Dry,Red,Medium,Storm,22,60.1,7909,19.8,26.6,78,Moderate,42.9,70.2,1.52,21,16,21,Moderate,97,1539,3.87,Yes,79,Available,93.2,Leak Detected,639,51,724,228.3,0.95,Grid,No,Stable,Fraud,Medium,Open,No,14,PS-8,Maintenance,Medium Risk,Police,4
578,2026-01-07 00:30:00,13.031425,77.54648,Central,Bengaluru,7,1,2026,0,R-157,399,51,Car,Medium,Under Maintenance,Yellow,Medium,Clear,26.4,53.6,7549,22.9,0,99,Moderate,54.5,89.1,1.49,67,6,80,Moderate,59.9,4617,5.94,No,92,Limited,44.2,Leak Detected,764,46,809,226.3,0.96,Grid,Yes,Maintenance,Theft,Medium,Resolved,Yes,27,PS-19,Active,Medium Risk,None,5
579,2026-01-07 00:45:00,12.971588,77.607364,West,Bengaluru,7,1,2026,0,R-271,109,65,Truck,Low,Under Maintenance,Green,Low,Fog,29.1,67.5,4631,15.3,21.5,57,Moderate,31.4,51.3,1.94,12,26,71,Moderate,66.1,2036,2.95,No,91,Available,50.8,Healthy,582,36,404,230.9,0.98,Grid,Yes,Maintenance,Robbery,Low,Investigating,Yes,6,PS-16,Active,Medium Risk,None,5
580,2026-01-07 01:00:00,12.962749,77.531113,West,Bengaluru,7,1,2026,1,R-898,98,66,Bike,Low,Under Maintenance,Red,Low,Clear,24,67.7,8319,10.8,0,40,Good,22,36,0.82,75,26,65,Good,80.1,4520,5.69,Yes,92,Limited,42.7,Leak Detected,415,44,609,232.3,0.99,Solar,Yes,Maintenance,None,High,Investigating,No,5,PS-16,Offline,Low Risk,Police,0
581,2026-01-07 01:15:00,12.941665,77.564442,North,Bengaluru,7,1,2026,1,R-797,167,62,Bus,Low,Wet,Red,Low,Rain,34.7,57.9,6273,7.3,19.7,41,Good,22.6,36.9,1.45,38,21,45,Good,82.7,3095,3.05,No,81,Available,46.3,Healthy,476,19,574,237.8,1,Grid,Yes,Stable,None,High,Open,Yes,30,PS-18,Offline,Low Risk,Fire,0
582,2026-01-07 01:30:00,12.986278,77.628985,Central,Bengaluru,7,1,2026,1,R-754,401,50,Truck,Medium,Wet,Red,Medium,Storm,28.2,42.7,8229,8.6,25.9,100,Moderate,55,90,0.87,90,13,55,Moderate,67.6,3191,3.05,No,88,Limited,41.5,Healthy,767,42,803,236.3,0.91,Solar,Yes,Maintenance,Cyber Crime,Critical,Open,No,37,PS-7,Active,Medium Risk,None,3
583,2026-01-07 01:45:00,13.035602,77.617098,West,Bengaluru,7,1,2026,1,R-339,311,55,Car,Medium,Under Maintenance,Yellow,Medium,Rain,35.5,78.7,2707,22.8,6.3,77,Moderate,42.4,69.3,1.88,52,22,57,Moderate,93.9,3292,4.57,Yes,77,Available,58,Leak Detected,651,19,842,226.9,0.97,Solar,No,Maintenance,Cyber Crime,Low,Resolved,Yes,24,PS-10,Offline,Medium Risk,Fire,4
584,2026-01-07 02:00:00,13.008882,77.601568,Central,Bengaluru,7,1,2026,2,R-390,170,62,Car,Low,Under Maintenance,Yellow,Low,Clear,25.7,86.6,8611,20.2,0,42,Good,23.1,37.8,1.11,66,5,53,Good,45.7,2123,5.59,Yes,86,Available,64.3,Healthy,650,33,470,224.6,0.98,Hybrid,No,Maintenance,Robbery,Low,Investigating,No,40,PS-7,Maintenance,Medium Risk,None,3
585,2026-01-07 02:15:00,13.019658,77.647509,Central,Bengaluru,7,1,2026,2,R-514,93,66,Bus,Low,Under Maintenance,Red,Low,Rain,36,88.6,7313,28.4,32.7,40,Good,22,36,1.11,54,34,13,Good,75.5,3949,4.83,Yes,73,Available,64.9,Leak Detected,478,22,650,234.9,1,Wind,No,Stable,Cyber Crime,Low,Open,No,30,PS-8,Offline,Low Risk,Police,2
586,2026-01-07 02:30:00,12.932986,77.604141,North,Bengaluru,7,1,2026,2,R-174,145,63,Bike,Low,Under Maintenance,Yellow,Low,Rain,35.6,67.7,8299,15.5,15,40,Good,22,36,1.71,22,20,67,Good,77.6,3482,2.6,No,78,Limited,47.2,Leak Detected,308,54,479,224.2,0.98,Hybrid,Yes,Maintenance,Theft,High,Resolved,No,32,PS-10,Active,Medium Risk,Police,1
587,2026-01-07 02:45:00,12.968339,77.530519,South,Bengaluru,7,1,2026,2,R-168,361,52,Bus,Medium,Under Maintenance,Red,Medium,Storm,27.3,70.6,3743,13.9,30.6,90,Moderate,49.5,81,1.51,72,26,66,Moderate,64.9,2952,5.25,No,89,Available,41.6,Leak Detected,512,26,782,226.9,0.97,Solar,No,Maintenance,Theft,High,Investigating,No,35,PS-5,Active,High Risk,Ambulance,5
588,2026-01-07 03:00:00,13.010805,77.663072,North,Bengaluru,7,1,2026,3,R-358,80,66,Bus,Low,Wet,Yellow,Low,Fog,32.2,74.8,4062,22.2,12.4,50,Good,27.5,45,1.88,29,16,21,Good,51.1,4551,4.1,No,88,Limited,52.8,Healthy,234,33,337,231.7,0.93,Wind,No,Maintenance,Fraud,Critical,Open,Yes,8,PS-17,Offline,High Risk,Police,1
589,2026-01-07 03:15:00,12.903724,77.542981,North,Bengaluru,7,1,2026,3,R-432,131,64,Car,Low,Dry,Yellow,Low,Storm,25.2,64.1,4379,9.3,5.1,40,Good,22,36,1.82,72,30,80,Good,49.1,4536,2.39,No,90,Limited,65.4,Healthy,450,44,408,228.1,0.95,Grid,Yes,Maintenance,Theft,Medium,Open,Yes,28,PS-9,Active,High Risk,Ambulance,1
590,2026-01-07 03:30:00,12.91955,77.518677,Central,Bengaluru,7,1,2026,3,R-542,286,56,Bus,Medium,Under Maintenance,Red,Medium,Clear,35.2,85.5,1154,21.9,0,71,Moderate,39.1,63.9,2.04,27,10,46,Moderate,84.3,1585,3.16,Yes,70,Limited,64.5,Healthy,488,35,574,225.1,0.97,Solar,Yes,Stable,None,Critical,Resolved,Yes,18,PS-17,Active,Low Risk,Ambulance,0
591,2026-01-07 03:45:00,12.895041,77.561123,Central,Bengaluru,7,1,2026,3,R-233,149,63,Bike,Low,Under Maintenance,Green,Low,Fog,22.7,58.9,6365,5.7,38.5,67,Moderate,36.9,60.3,1.7,15,32,19,Moderate,51,2501,3.02,No,76,Available,74.6,Healthy,415,26,585,223.6,0.94,Grid,Yes,Stable,None,Medium,Investigating,No,26,PS-14,Maintenance,Medium Risk,Fire,0
592,2026-01-07 04:00:00,12.919707,77.573956,East,Bengaluru,7,1,2026,4,R-724,144,63,Truck,Low,Wet,Green,Low,Rain,24.4,69.2,4522,15.7,11.4,40,Good,22,36,1.72,84,35,55,Good,58.1,4517,4.55,No,90,Available,56.6,Leak Detected,384,54,635,236.6,0.94,Grid,No,Stable,Robbery,Critical,Resolved,No,26,PS-19,Active,Medium Risk,None,4
593,2026-01-07 04:15:00,13.029574,77.591744,Central,Bengaluru,7,1,2026,4,R-526,160,62,Truck,Low,Wet,Green,Low,Fog,25.7,79.1,4026,10.5,16.8,70,Moderate,38.5,63,1.41,57,10,46,Moderate,91.5,3018,5.7,No,83,Limited,80,Leak Detected,416,50,707,234,0.97,Wind,Yes,Maintenance,Theft,Medium,Open,No,17,PS-13,Offline,High Risk,Ambulance,3
594,2026-01-07 04:30:00,12.903087,77.612553,West,Bengaluru,7,1,2026,4,R-301,132,64,Bike,Low,Wet,Yellow,Low,Fog,25,73,4365,18.7,20.5,63,Moderate,34.7,56.7,1.12,83,5,62,Moderate,86.6,4021,4.92,Yes,79,Limited,75.4,Healthy,597,53,661,235.7,0.91,Grid,No,Stable,Fraud,Low,Open,No,37,PS-7,Maintenance,Medium Risk,Police,1
595,2026-01-07 04:45:00,13.019024,77.585837,West,Bengaluru,7,1,2026,4,R-160,205,60,Truck,Medium,Under Maintenance,Green,Medium,Clear,32.9,78.7,8724,7.4,0,51,Moderate,28.1,45.9,1.32,64,31,71,Moderate,95.8,956,4.22,Yes,82,Limited,74.4,Healthy,422,22,601,228,0.92,Hybrid,No,Maintenance,Fraud,Medium,Resolved,No,14,PS-19,Maintenance,Low Risk,None,3
596,2026-01-07 05:00:00,13.036746,77.540601,North,Bengaluru,7,1,2026,5,R-571,256,58,Bike,Medium,Under Maintenance,Red,Medium,Storm,34,69.4,8366,12.5,9.4,64,Moderate,35.2,57.6,1.86,43,21,20,Moderate,97.7,1699,2.73,No,92,Limited,83.1,Leak Detected,451,54,715,229,0.97,Wind,Yes,Stable,Theft,High,Open,Yes,7,PS-4,Offline,Low Risk,Ambulance,3
597,2026-01-07 05:15:00,12.954216,77.624946,Central,Bengaluru,7,1,2026,5,R-716,372,52,Bus,Medium,Under Maintenance,Red,Medium,Clear,22.5,77.7,2594,10.7,0,93,Moderate,51.2,83.7,0.82,44,11,70,Moderate,93.6,4234,5.33,Yes,100,Limited,72,Healthy,666,17,910,230.9,0.97,Grid,Yes,Stable,None,Critical,Resolved,Yes,7,PS-3,Offline,High Risk,Police,0
598,2026-01-07 05:30:00,13.046051,77.602535,Central,Bengaluru,7,1,2026,5,R-778,133,64,Car,Low,Dry,Green,Low,Storm,33.9,72.8,8558,9,36.6,40,Good,22,36,0.59,81,31,63,Good,90.2,1775,3.62,Yes,93,Available,92.6,Healthy,409,33,456,222.4,0.98,Solar,No,Maintenance,None,High,Investigating,No,14,PS-2,Active,Medium Risk,Ambulance,0
599,2026-01-07 05:45:00,13.001257,77.600476,North,Bengaluru,7,1,2026,5,R-597,118,65,Car,Low,Dry,Red,Low,Storm,27.4,44,7448,17,34.4,40,Good,22,36,1.98,73,8,36,Good,91.5,1600,4.33,No,99,Available,99.8,Leak Detected,505,15,450,239.4,0.95,Grid,No,Stable,None,Low,Open,No,24,PS-11,Active,Medium Risk,Police,0
600,2026-01-07 06:00:00,12.96623,77.591612,West,Bengaluru,7,1,2026,6,R-489,391,51,Bus,Medium,Wet,Green,Medium,Rain,30.5,51.9,7460,29.1,2.5,97,Moderate,53.4,87.3,1.51,48,24,24,Moderate,79.9,3904,2.49,No,75,Available,78.5,Healthy,719,33,665,221.5,0.92,Hybrid,Yes,Maintenance,Fraud,Low,Resolved,No,16,PS-13,Active,Medium Risk,Fire,3
601,2026-01-07 06:15:00,12.91808,77.614958,East,Bengaluru,7,1,2026,6,R-176,252,58,Car,Medium,Dry,Red,Medium,Rain,27.1,64.3,7625,6.6,28.6,63,Moderate,34.7,56.7,1.41,86,27,45,Moderate,72.6,3740,3.7,No,86,Available,98.9,Healthy,591,21,804,239.8,0.97,Hybrid,No,Maintenance,Robbery,High,Investigating,No,18,PS-12,Offline,High Risk,Fire,2
602,2026-01-07 06:30:00,12.96291,77.572355,South,Bengaluru,7,1,2026,6,R-878,174,62,Bus,Low,Wet,Yellow,Low,Storm,22.4,59.1,1065,16.9,26.9,43,Good,23.7,38.7,0.46,45,8,38,Good,45.3,3897,4.04,No,97,Available,55.6,Leak Detected,376,15,425,239.4,1,Wind,No,Stable,None,High,Open,No,13,PS-18,Active,Low Risk,None,0
603,2026-01-07 06:45:00,12.97024,77.527811,East,Bengaluru,7,1,2026,6,R-991,288,56,Bike,Medium,Dry,Green,Medium,Rain,24,47.4,2433,18.9,12.1,72,Moderate,39.6,64.8,1.32,70,15,29,Moderate,72.9,3732,6,No,71,Available,56.4,Healthy,721,32,769,232.1,0.91,Hybrid,Yes,Stable,Theft,Medium,Resolved,Yes,25,PS-7,Offline,Medium Risk,Ambulance,2
604,2026-01-07 07:00:00,13.016647,77.579869,North,Bengaluru,7,1,2026,7,R-754,409,50,Bus,Medium,Wet,Red,Medium,Rain,35.7,69.9,4804,18.1,2.1,102,Poor,56.1,91.8,2.06,12,32,19,Poor,46.3,3258,2.41,No,99,Limited,54.6,Healthy,872,36,723,235.7,0.95,Grid,No,Maintenance,None,Critical,Investigating,No,34,PS-10,Maintenance,High Risk,Ambulance,0
605,2026-01-07 07:15:00,12.9036,77.59159,Central,Bengaluru,7,1,2026,7,R-724,361,52,Bike,Medium,Dry,Yellow,Medium,Clear,25.1,57.2,8477,19,0,90,Moderate,49.5,81,1.65,13,26,39,Moderate,69.6,1745,4.67,Yes,77,Limited,55,Healthy,717,53,905,220.3,0.98,Hybrid,No,Maintenance,Theft,High,Investigating,No,6,PS-18,Offline,Low Risk,Police,4
606,2026-01-07 07:30:00,12.992021,77.620315,East,Bengaluru,7,1,2026,7,R-256,388,51,Truck,Medium,Dry,Yellow,Medium,Storm,22.9,42.4,3716,15.5,10.4,97,Moderate,53.4,87.3,1.16,44,16,66,Moderate,92.4,1479,3.6,Yes,84,Limited,45.6,Healthy,752,50,673,226,0.99,Grid,Yes,Maintenance,Cyber Crime,Medium,Investigating,Yes,37,PS-9,Active,Medium Risk,None,5
607,2026-01-07 07:45:00,13.025821,77.557322,East,Bengaluru,7,1,2026,7,R-570,394,51,Truck,Medium,Dry,Yellow,Medium,Rain,33.2,80.6,5354,12,8.2,98,Moderate,53.9,88.2,1.71,42,10,37,Moderate,61,839,5.07,No,72,Limited,82.6,Leak Detected,600,36,819,224.9,0.99,Grid,No,Maintenance,Cyber Crime,High,Resolved,No,6,PS-13,Active,Medium Risk,None,1
608,2026-01-07 08:00:00,12.949028,77.519829,South,Bengaluru,7,1,2026,8,R-326,483,46,Bike,High,Under Maintenance,Yellow,High,Fog,31.5,54.6,2485,28.3,34.1,150,Poor,82.5,135,0.91,78,34,27,Poor,72.8,2654,2.18,Yes,99,Available,76.3,Leak Detected,727,54,1040,221.8,0.92,Wind,No,Stable,Theft,Medium,Open,Yes,24,PS-3,Offline,Medium Risk,Ambulance,1
609,2026-01-07 08:15:00,12.918175,77.574979,Central,Bengaluru,7,1,2026,8,R-314,583,41,Truck,High,Dry,Yellow,High,Rain,25.1,46.3,3907,23.8,38.9,145,Poor,79.8,130.5,0.53,39,23,30,Poor,71.5,3274,4.13,No,70,Available,49.1,Leak Detected,781,52,857,222.1,0.92,Solar,Yes,Maintenance,Cyber Crime,Medium,Resolved,No,10,PS-20,Active,Low Risk,Police,1
610,2026-01-07 08:30:00,12.905912,77.533396,East,Bengaluru,7,1,2026,8,R-485,494,46,Bus,High,Under Maintenance,Yellow,High,Fog,22.9,77,3899,29.2,13.1,153,Very Poor,84.2,137.7,1.68,84,24,28,Very Poor,57,3140,5.18,No,93,Available,48.2,Healthy,686,39,1077,232.6,0.95,Grid,No,Maintenance,Fraud,Critical,Resolved,No,23,PS-8,Offline,Low Risk,Police,5
611,2026-01-07 08:45:00,12.998429,77.621888,North,Bengaluru,7,1,2026,8,R-182,551,43,Truck,High,Wet,Yellow,High,Fog,35.6,75.6,3785,6.5,7.9,167,Very Poor,91.9,150.3,1.19,63,7,26,Very Poor,46.4,2111,4.22,No,85,Available,64.4,Healthy,1020,18,880,222.6,0.91,Grid,No,Maintenance,Theft,Critical,Open,No,35,PS-14,Active,Medium Risk,Ambulance,2
612,2026-01-07 09:00:00,12.909697,77.566918,South,Bengaluru,7,1,2026,9,R-173,477,47,Bike,High,Wet,Red,High,Rain,29.2,54.2,5199,14.2,9.6,119,Poor,65.5,107.1,1.25,20,14,29,Poor,77.1,2377,2.09,Yes,100,Available,67.2,Leak Detected,752,51,1002,231.3,0.97,Solar,Yes,Stable,Fraud,Medium,Resolved,No,27,PS-20,Maintenance,High Risk,None,4
613,2026-01-07 09:15:00,13.045344,77.630795,Central,Bengaluru,7,1,2026,9,R-830,713,35,Bus,Very High,Dry,Yellow,High,Rain,31.2,50.1,6595,17.4,14.4,178,Very Poor,97.9,160.2,0.44,53,33,36,Very Poor,93.7,1942,2.16,Yes,94,Limited,80,Healthy,1061,37,1046,234,0.94,Solar,No,Maintenance,Theft,Medium,Resolved,Yes,14,PS-16,Active,Medium Risk,Fire,3
614,2026-01-07 09:30:00,13.042029,77.568469,West,Bengaluru,7,1,2026,9,R-421,512,45,Truck,High,Under Maintenance,Yellow,High,Rain,35.7,53,4615,17.8,24,128,Poor,70.4,115.2,0.6,45,31,46,Poor,82.5,1785,2.09,No,90,Available,58.9,Leak Detected,958,23,1052,228.4,0.94,Hybrid,Yes,Stable,Fraud,Low,Resolved,Yes,33,PS-14,Maintenance,Medium Risk,Ambulance,5
615,2026-01-07 09:45:00,13.002345,77.608222,Central,Bengaluru,7,1,2026,9,R-896,883,26,Bike,Very High,Wet,Red,High,Rain,34.3,83.3,1597,8.3,5.3,220,Hazardous,121,198,1.13,57,33,10,Hazardous,54.9,2404,3.17,No,84,Available,57.2,Leak Detected,1285,51,1370,237.2,0.91,Grid,No,Stable,Robbery,Critical,Open,Yes,19,PS-20,Maintenance,Low Risk,Police,3
616,2026-01-07 10:00:00,12.920891,77.613217,South,Bengaluru,7,1,2026,10,R-810,631,39,Car,High,Under Maintenance,Red,High,Rain,31.8,55.8,6879,28.1,20,157,Very Poor,86.4,141.3,1.76,66,5,60,Very Poor,55.4,2599,4.68,No,76,Available,46.8,Healthy,858,16,906,237.8,0.97,Hybrid,No,Stable,Theft,Critical,Resolved,Yes,18,PS-7,Offline,Medium Risk,None,1
617,2026-01-07 10:15:00,12.98684,77.589802,North,Bengaluru,7,1,2026,10,R-814,884,26,Bike,Very High,Wet,Green,High,Rain,33.9,72,3074,20.2,12.2,221,Hazardous,121.6,198.9,1.13,86,9,13,Hazardous,74.8,3834,5.67,No,88,Available,46.8,Healthy,1108,31,1452,227.4,0.99,Solar,No,Stable,Cyber Crime,Low,Open,Yes,26,PS-10,Offline,Low Risk,None,3
618,2026-01-07 10:30:00,13.030444,77.544678,Central,Bengaluru,7,1,2026,10,R-851,802,30,Car,Very High,Wet,Yellow,High,Clear,30.9,43.1,1503,11.8,0,200,Very Poor,110,180,0.42,61,17,75,Very Poor,63,2549,5.33,Yes,86,Available,56.5,Healthy,1196,34,1286,226.4,0.95,Solar,Yes,Stable,Cyber Crime,Low,Resolved,No,29,PS-10,Offline,Low Risk,None,4
619,2026-01-07 10:45:00,12.904594,77.658343,North,Bengaluru,7,1,2026,10,R-258,681,36,Truck,High,Under Maintenance,Green,High,Fog,27.7,70.3,6684,19,28.4,200,Very Poor,110,180,1.22,23,18,21,Very Poor,50.7,3988,3.7,No,73,Available,74.1,Leak Detected,1028,43,1113,231.6,0.97,Solar,Yes,Stable,None,Critical,Open,No,7,PS-11,Active,Medium Risk,Ambulance,0
620,2026-01-07 11:00:00,12.947046,77.596259,Central,Bengaluru,7,1,2026,11,R-456,271,57,Truck,Medium,Wet,Yellow,Medium,Rain,31.9,67.3,3022,14.1,10.3,67,Moderate,36.9,60.3,0.77,85,29,75,Moderate,53.6,2104,3.55,Yes,73,Limited,94.3,Leak Detected,592,50,543,221.3,0.93,Hybrid,No,Maintenance,Robbery,Critical,Investigating,Yes,5,PS-7,Active,Low Risk,Fire,2
621,2026-01-07 11:15:00,12.966638,77.57148,Central,Bengaluru,7,1,2026,11,R-673,160,62,Bike,Low,Wet,Yellow,Low,Storm,23,58.5,7051,22.8,7.4,40,Good,22,36,0.54,76,16,48,Good,67.6,2754,2.02,No,96,Available,96.5,Healthy,584,51,651,222.5,0.97,Grid,No,Stable,Theft,Medium,Resolved,No,35,PS-15,Maintenance,Low Risk,Police,5
622,2026-01-07 11:30:00,12.910523,77.627198,Central,Bengaluru,7,1,2026,11,R-499,229,59,Bike,Medium,Dry,Red,Medium,Rain,22.9,62.1,1679,8.7,2.9,57,Moderate,31.4,51.3,0.57,45,9,34,Moderate,60.6,3177,3.96,Yes,81,Limited,90.9,Leak Detected,619,21,795,236.7,0.98,Wind,Yes,Maintenance,Robbery,Low,Resolved,No,32,PS-12,Offline,Medium Risk,None,4
623,2026-01-07 11:45:00,12.987504,77.619002,Central,Bengaluru,7,1,2026,11,R-975,231,59,Bike,Medium,Dry,Yellow,Medium,Clear,32.9,40.8,6038,22.8,0,57,Moderate,31.4,51.3,0.59,46,35,27,Moderate,97.3,3911,4.73,No,76,Limited,77.4,Healthy,446,20,777,221.5,0.93,Grid,No,Stable,Cyber Crime,High,Investigating,No,35,PS-8,Offline,Low Risk,Police,3
624,2026-01-07 12:00:00,13.03526,77.5626,North,Bengaluru,7,1,2026,12,R-144,332,54,Car,Medium,Wet,Red,Medium,Clear,33.6,47.6,1073,5.8,0,83,Moderate,45.7,74.7,0.36,61,16,36,Moderate,80.5,4639,5.64,No,97,Available,53.2,Leak Detected,741,47,687,227.2,0.99,Solar,Yes,Maintenance,None,Critical,Resolved,Yes,21,PS-13,Active,High Risk,None,0
625,2026-01-07 12:15:00,12.998605,77.54841,South,Bengaluru,7,1,2026,12,R-123,404,50,Bike,Medium,Dry,Yellow,Medium,Storm,31.7,80.9,4339,15.6,6.7,101,Poor,55.6,90.9,1.29,49,17,78,Poor,62.7,2163,5.95,No,91,Available,57.4,Healthy,571,24,664,230.9,0.97,Grid,No,Maintenance,Robbery,Low,Resolved,Yes,6,PS-18,Offline,Medium Risk,Ambulance,2
626,2026-01-07 12:30:00,13.042697,77.542467,North,Bengaluru,7,1,2026,12,R-760,333,54,Bike,Medium,Dry,Yellow,Medium,Clear,34.6,82.3,8451,10.4,0,83,Moderate,45.7,74.7,1.44,35,30,11,Moderate,49.7,1276,2.23,Yes,88,Available,71.6,Healthy,516,50,810,230.4,0.97,Hybrid,Yes,Stable,Fraud,Medium,Resolved,No,9,PS-11,Maintenance,High Risk,Ambulance,5
627,2026-01-07 12:45:00,13.008335,77.517899,East,Bengaluru,7,1,2026,12,R-823,429,49,Bike,Medium,Under Maintenance,Yellow,Medium,Clear,27.8,44.4,7310,15.4,0,107,Poor,58.9,96.3,0.62,13,21,20,Poor,52.4,1923,4.7,No,86,Available,60.9,Leak Detected,813,31,913,236.9,0.99,Solar,Yes,Stable,Cyber Crime,Low,Resolved,Yes,20,PS-1,Maintenance,Medium Risk,None,2
628,2026-01-07 13:00:00,12.970614,77.666597,North,Bengaluru,7,1,2026,13,R-671,389,51,Car,Medium,Under Maintenance,Yellow,Medium,Storm,24,61.1,2906,16.9,16.9,97,Moderate,53.4,87.3,1.94,13,29,23,Moderate,66.5,4779,3.71,Yes,86,Limited,68.7,Healthy,875,48,916,236.2,0.92,Solar,No,Maintenance,Cyber Crime,Low,Open,No,15,PS-15,Offline,Low Risk,Ambulance,2
629,2026-01-07 13:15:00,12.961017,77.642928,Central,Bengaluru,7,1,2026,13,R-111,297,56,Bike,Medium,Wet,Red,Medium,Storm,27.6,87.5,7693,13.1,8.3,74,Moderate,40.7,66.6,2.04,87,26,78,Moderate,96.3,805,3.86,Yes,95,Limited,73.9,Healthy,516,35,721,232.4,0.95,Solar,No,Maintenance,Fraud,Critical,Resolved,No,6,PS-18,Active,High Risk,Fire,5
630,2026-01-07 13:30:00,13.037884,77.656953,East,Bengaluru,7,1,2026,13,R-227,92,66,Truck,Low,Dry,Yellow,Low,Fog,26.6,67.6,2543,19.3,38.2,53,Moderate,29.2,47.7,0.56,55,32,60,Moderate,63.6,1560,4.14,No,72,Available,90.5,Leak Detected,511,42,362,221.1,0.97,Grid,Yes,Stable,None,High,Resolved,Yes,38,PS-15,Maintenance,Medium Risk,Fire,0
631,2026-01-07 13:45:00,12.990233,77.61281,South,Bengaluru,7,1,2026,13,R-703,407,50,Bike,Medium,Dry,Green,Medium,Storm,23.4,83.9,3784,20.8,3.5,101,Poor,55.6,90.9,1.26,90,6,73,Poor,59.6,988,3.61,No,74,Available,49.7,Healthy,765,53,764,236.4,0.96,Grid,No,Stable,None,Low,Open,No,17,PS-1,Active,Medium Risk,Ambulance,0
632,2026-01-07 14:00:00,12.93153,77.638789,West,Bengaluru,7,1,2026,14,R-472,277,57,Bike,Medium,Wet,Red,Medium,Storm,30.9,89.7,6712,25.2,20.3,69,Moderate,38,62.1,1.79,21,30,45,Moderate,61.2,3810,5.61,No,78,Available,83.2,Leak Detected,533,38,857,226.1,0.99,Solar,No,Maintenance,Theft,Low,Resolved,No,32,PS-18,Maintenance,High Risk,None,3
633,2026-01-07 14:15:00,12.971068,77.635848,Central,Bengaluru,7,1,2026,14,R-859,343,53,Bike,Medium,Under Maintenance,Yellow,Medium,Rain,31.2,87.2,6160,9,17.2,85,Moderate,46.8,76.5,1.24,65,17,48,Moderate,72.4,2768,2.62,No,85,Limited,71.5,Healthy,753,53,741,224.9,0.98,Wind,Yes,Maintenance,Robbery,High,Open,No,26,PS-18,Active,Medium Risk,Police,3
634,2026-01-07 14:30:00,13.049124,77.515101,South,Bengaluru,7,1,2026,14,R-644,243,58,Bus,Medium,Wet,Yellow,Medium,Clear,24.3,81.1,1418,16.4,0,60,Moderate,33,54,0.83,87,29,35,Moderate,75.1,4629,3.79,No,99,Available,90.7,Leak Detected,531,55,669,233.3,1,Grid,Yes,Stable,Robbery,Low,Resolved,Yes,26,PS-18,Offline,Low Risk,Fire,1
635,2026-01-07 14:45:00,12.937984,77.564959,South,Bengaluru,7,1,2026,14,R-675,426,49,Car,Medium,Wet,Green,Medium,Rain,26.8,84.2,2140,27.7,24.3,106,Poor,58.3,95.4,1.77,39,31,38,Poor,84.8,3508,2.75,Yes,73,Available,54.3,Leak Detected,870,16,816,239.9,0.92,Hybrid,Yes,Maintenance,None,High,Open,No,29,PS-6,Maintenance,Medium Risk,Police,0
636,2026-01-07 15:00:00,12.948156,77.545751,South,Bengaluru,7,1,2026,15,R-667,434,49,Bus,Medium,Wet,Yellow,Medium,Clear,26.8,44,6176,23.9,0,108,Poor,59.4,97.2,2.16,87,31,20,Poor,76,3455,2.38,No,91,Limited,60.6,Leak Detected,744,29,916,234,0.99,Wind,Yes,Maintenance,Cyber Crime,Medium,Investigating,Yes,31,PS-15,Active,Low Risk,None,3
637,2026-01-07 15:15:00,13.025337,77.616848,West,Bengaluru,7,1,2026,15,R-483,277,57,Truck,Medium,Under Maintenance,Red,Medium,Clear,32.7,77.4,7234,15.6,0,69,Moderate,38,62.1,1.98,32,29,64,Moderate,46.5,2909,4.1,No,82,Available,40.8,Healthy,644,51,646,221.7,0.98,Solar,Yes,Stable,Theft,High,Open,No,36,PS-2,Offline,Medium Risk,Police,3
638,2026-01-07 15:30:00,13.036301,77.622624,West,Bengaluru,7,1,2026,15,R-551,449,48,Bike,Medium,Under Maintenance,Green,Medium,Rain,35.3,87.6,2763,12,9.9,112,Poor,61.6,100.8,1.77,81,21,14,Poor,61.4,3619,5.4,Yes,91,Limited,79,Healthy,673,38,1010,236.3,0.94,Hybrid,Yes,Stable,Theft,Medium,Investigating,Yes,11,PS-8,Offline,Low Risk,None,3
639,2026-01-07 15:45:00,12.964649,77.607021,North,Bengaluru,7,1,2026,15,R-212,269,57,Bus,Medium,Wet,Red,Medium,Storm,22.3,54.3,3119,9.9,4.3,67,Moderate,36.9,60.3,1.92,35,25,48,Moderate,58.2,3851,2.9,Yes,98,Available,81.1,Healthy,759,52,766,229.7,0.97,Grid,No,Stable,Fraud,Critical,Open,Yes,34,PS-20,Active,Medium Risk,Fire,1
640,2026-01-07 16:00:00,12.971477,77.644696,South,Bengaluru,7,1,2026,16,R-801,311,55,Car,Medium,Under Maintenance,Green,Medium,Rain,32.2,64.5,7718,20.5,7.1,77,Moderate,42.4,69.3,1.43,41,17,19,Moderate,86.7,4426,2.87,No,83,Limited,46.8,Healthy,644,23,850,230.3,0.95,Grid,No,Maintenance,Theft,High,Investigating,Yes,28,PS-7,Active,Medium Risk,Fire,3
641,2026-01-07 16:15:00,12.890941,77.634178,West,Bengaluru,7,1,2026,16,R-860,106,65,Bike,Low,Under Maintenance,Yellow,Low,Clear,29.8,41.7,2745,23.6,0,40,Good,22,36,0.89,54,33,17,Good,54,3390,4.01,No,94,Limited,42.8,Healthy,395,15,665,235.6,0.98,Hybrid,No,Maintenance,Theft,High,Resolved,Yes,39,PS-5,Active,Medium Risk,Police,1
642,2026-01-07 16:30:00,12.996405,77.581425,North,Bengaluru,7,1,2026,16,R-149,118,65,Bus,Low,Dry,Green,Low,Rain,25.4,58.8,1823,18.6,7.2,40,Good,22,36,0.31,40,22,80,Good,54,2733,2.7,Yes,91,Available,92.9,Leak Detected,535,22,694,228.2,0.94,Grid,Yes,Stable,Cyber Crime,Critical,Open,No,5,PS-15,Maintenance,High Risk,Fire,4
643,2026-01-07 16:45:00,12.897388,77.513702,South,Bengaluru,7,1,2026,16,R-182,299,56,Bus,Medium,Under Maintenance,Red,Medium,Storm,23.4,42.5,4882,27.8,18.8,74,Moderate,40.7,66.6,1.12,44,22,56,Moderate,91.2,1025,5.18,No,73,Available,53,Healthy,719,38,590,235.3,0.99,Grid,No,Maintenance,Theft,High,Resolved,No,31,PS-20,Offline,Low Risk,None,3
644,2026-01-07 17:00:00,12.986006,77.582563,West,Bengaluru,7,1,2026,17,R-180,573,42,Bike,High,Wet,Yellow,High,Storm,32.3,80.5,6636,23.9,20.5,143,Poor,78.7,128.7,1.09,28,32,64,Poor,57.7,3703,3.6,Yes,93,Limited,85.9,Leak Detected,948,49,935,238.8,0.94,Wind,Yes,Maintenance,None,Low,Open,No,23,PS-2,Active,High Risk,Ambulance,0
645,2026-01-07 17:15:00,13.043826,77.558308,West,Bengaluru,7,1,2026,17,R-490,511,45,Bike,High,Wet,Yellow,High,Fog,24.9,50.9,3431,28.8,5.3,157,Very Poor,86.4,141.3,1.83,63,29,22,Very Poor,81.3,2226,4.5,Yes,81,Available,57.7,Healthy,718,53,964,239.8,0.97,Solar,No,Maintenance,Fraud,Critical,Open,No,29,PS-11,Offline,High Risk,None,5
646,2026-01-07 17:30:00,12.924632,77.598193,South,Bengaluru,7,1,2026,17,R-103,661,37,Car,High,Wet,Red,High,Storm,25.1,74.1,8541,21,16.7,165,Very Poor,90.8,148.5,0.73,20,29,54,Very Poor,75.6,2283,4.99,Yes,94,Available,79.7,Healthy,1058,18,1107,226.6,0.92,Grid,Yes,Maintenance,None,Low,Resolved,Yes,11,PS-3,Maintenance,Medium Risk,Ambulance,0
647,2026-01-07 17:45:00,12.96677,77.592975,North,Bengaluru,7,1,2026,17,R-189,465,47,Car,High,Wet,Red,High,Rain,30.2,89.4,4280,21.3,34.1,116,Poor,63.8,104.4,1.21,67,21,76,Poor,79.8,4708,5.58,No,89,Available,58.9,Healthy,669,46,778,222.2,0.95,Wind,No,Maintenance,Robbery,High,Investigating,Yes,40,PS-20,Maintenance,High Risk,Police,1
648,2026-01-07 18:00:00,12.923801,77.638126,East,Bengaluru,7,1,2026,18,R-516,621,39,Bike,High,Dry,Yellow,High,Clear,24.8,44.7,5885,16.5,0,155,Very Poor,85.2,139.5,2.11,55,19,32,Very Poor,84.5,4194,2.41,No,89,Limited,53.1,Healthy,816,51,979,230.5,0.97,Grid,No,Stable,Fraud,Low,Open,Yes,5,PS-16,Active,Medium Risk,None,3
649,2026-01-07 18:15:00,12.952243,77.638396,South,Bengaluru,7,1,2026,18,R-531,496,46,Car,High,Dry,Green,High,Rain,28.6,83,3698,11.7,2.4,124,Poor,68.2,111.6,1.91,49,27,17,Poor,57.9,2138,4.41,No,81,Limited,70.2,Leak Detected,861,30,1094,232,0.96,Grid,Yes,Maintenance,None,High,Investigating,Yes,14,PS-5,Offline,Medium Risk,Police,0
650,2026-01-07 18:30:00,13.02338,77.62209,South,Bengaluru,7,1,2026,18,R-430,624,39,Car,High,Under Maintenance,Red,High,Fog,33.8,85.2,7811,11.4,20.2,186,Very Poor,102.3,167.4,1.1,32,33,23,Very Poor,88.4,2292,4.83,No,95,Available,47.3,Leak Detected,893,51,1180,225.2,0.93,Solar,No,Maintenance,None,Medium,Open,No,29,PS-7,Active,High Risk,Ambulance,0
651,2026-01-07 18:45:00,12.953991,77.615836,East,Bengaluru,7,1,2026,18,R-893,404,50,Car,Medium,Under Maintenance,Red,Medium,Storm,28,73.1,3968,27,23.6,101,Poor,55.6,90.9,1.18,90,13,14,Poor,74.8,2240,4.81,No,85,Available,59.7,Healthy,768,40,914,221.3,0.99,Solar,No,Stable,Cyber Crime,Critical,Resolved,Yes,35,PS-5,Active,Medium Risk,Ambulance,3
652,2026-01-07 19:00:00,12.938901,77.614073,South,Bengaluru,7,1,2026,19,R-852,899,26,Bus,Very High,Dry,Red,High,Clear,30.6,84,7877,23,0,224,Hazardous,123.2,201.6,1.84,17,18,41,Hazardous,54.8,2722,3.74,No,98,Available,45.6,Healthy,1381,34,1297,225.4,0.93,Hybrid,Yes,Stable,Theft,Medium,Investigating,No,20,PS-12,Active,High Risk,Fire,4
653,2026-01-07 19:15:00,12.908882,77.627734,West,Bengaluru,7,1,2026,19,R-773,610,40,Car,High,Wet,Yellow,High,Fog,35.9,40.4,7575,19.4,5,182,Very Poor,100.1,163.8,1.24,34,24,79,Very Poor,77.9,1332,5.59,No,71,Limited,58.7,Healthy,913,35,907,233.7,0.96,Solar,No,Stable,None,Low,Open,Yes,25,PS-13,Offline,High Risk,Fire,0
654,2026-01-07 19:30:00,12.991468,77.53792,West,Bengaluru,7,1,2026,19,R-491,492,46,Truck,High,Wet,Red,High,Rain,31.3,89.9,5914,9.3,7.5,123,Poor,67.7,110.7,0.96,39,22,59,Poor,49.9,2848,2.37,Yes,90,Available,76.5,Healthy,960,29,898,222.5,0.97,Solar,No,Stable,None,Critical,Resolved,Yes,37,PS-7,Offline,Medium Risk,Ambulance,0
655,2026-01-07 19:45:00,12.976208,77.546812,South,Bengaluru,7,1,2026,19,R-363,503,45,Bike,High,Wet,Yellow,High,Fog,23.4,87.9,5315,14.5,36.2,155,Very Poor,85.2,139.5,0.78,14,21,65,Very Poor,86.1,3765,5.25,Yes,79,Available,83.6,Healthy,849,54,821,231.1,0.93,Wind,No,Stable,Cyber Crime,High,Open,No,15,PS-18,Maintenance,High Risk,Fire,5
656,2026-01-07 20:00:00,12.929798,77.578307,Central,Bengaluru,7,1,2026,20,R-994,219,60,Truck,Medium,Wet,Yellow,Medium,Storm,24.9,70,7877,26.5,16.8,54,Moderate,29.7,48.6,0.39,68,8,80,Moderate,72.7,837,2.15,No,78,Available,73,Leak Detected,477,32,614,234.8,0.96,Wind,No,Maintenance,None,Critical,Resolved,No,34,PS-1,Offline,High Risk,Police,0
657,2026-01-07 20:15:00,12.983479,77.523601,East,Bengaluru,7,1,2026,20,R-736,314,55,Truck,Medium,Dry,Green,Medium,Clear,22.4,77.9,7540,18.1,0,78,Moderate,42.9,70.2,1.81,67,8,53,Moderate,65.8,3736,3.68,No,70,Limited,44.6,Leak Detected,474,21,760,229.8,0.93,Solar,Yes,Maintenance,Fraud,Medium,Resolved,No,38,PS-11,Active,Medium Risk,Fire,1
658,2026-01-07 20:30:00,12.955365,77.623186,South,Bengaluru,7,1,2026,20,R-596,410,50,Bus,Medium,Wet,Green,Medium,Fog,23.9,75.6,8382,11.6,7.9,132,Poor,72.6,118.8,1.37,19,20,78,Poor,76.2,3512,5.21,Yes,79,Available,90.7,Leak Detected,588,30,935,226.5,0.97,Wind,No,Stable,Fraud,Critical,Resolved,Yes,31,PS-8,Maintenance,High Risk,Fire,5
659,2026-01-07 20:45:00,13.028908,77.617388,South,Bengaluru,7,1,2026,20,R-430,205,60,Bus,Medium,Dry,Green,Medium,Storm,32.1,44.2,7306,7,30.8,51,Moderate,28.1,45.9,1.13,83,17,52,Moderate,49.5,2507,2.01,No,90,Limited,48.8,Leak Detected,590,37,723,227.5,0.95,Solar,No,Maintenance,Cyber Crime,Critical,Open,Yes,17,PS-14,Active,Medium Risk,Fire,3
660,2026-01-07 21:00:00,12.971387,77.60564,South,Bengaluru,7,1,2026,21,R-338,188,61,Car,Low,Under Maintenance,Green,Low,Fog,31.4,47.5,2821,14.3,27.5,77,Moderate,42.4,69.3,0.47,16,19,38,Moderate,89.4,4457,3.21,No,84,Limited,93.2,Healthy,683,41,507,227.8,0.99,Wind,No,Stable,Fraud,Critical,Resolved,No,36,PS-12,Maintenance,Medium Risk,Fire,2
661,2026-01-07 21:15:00,12.983989,77.645751,West,Bengaluru,7,1,2026,21,R-867,226,59,Truck,Medium,Wet,Green,Medium,Fog,35.5,79.2,4901,14.7,17.4,86,Moderate,47.3,77.4,1.2,13,13,29,Moderate,46.2,4732,3.69,No,72,Limited,75.8,Leak Detected,478,34,521,221.5,0.98,Solar,Yes,Stable,Theft,Low,Open,Yes,22,PS-2,Offline,Medium Risk,None,3
662,2026-01-07 21:30:00,13.009178,77.625576,East,Bengaluru,7,1,2026,21,R-350,339,54,Bus,Medium,Under Maintenance,Red,Medium,Rain,27.9,52.3,8813,9.5,8.8,84,Moderate,46.2,75.6,1.59,62,18,14,Moderate,78.5,910,5.45,Yes,78,Limited,41.7,Healthy,524,18,714,236.3,0.96,Hybrid,No,Stable,Theft,Low,Investigating,No,25,PS-3,Active,High Risk,Police,3
663,2026-01-07 21:45:00,13.016009,77.554269,West,Bengaluru,7,1,2026,21,R-178,337,54,Bus,Medium,Under Maintenance,Yellow,Medium,Rain,28.6,61.3,1761,17.8,30.8,84,Moderate,46.2,75.6,1.08,72,26,10,Moderate,59.9,4581,4.93,No,82,Limited,72.9,Healthy,801,16,777,234.2,0.94,Hybrid,No,Stable,Fraud,Low,Resolved,Yes,19,PS-8,Active,High Risk,Ambulance,5
664,2026-01-07 22:00:00,12.95765,77.555724,North,Bengaluru,7,1,2026,22,R-423,440,48,Bus,Medium,Wet,Red,Medium,Rain,25.4,66.8,2431,27.9,3.6,110,Poor,60.5,99,0.4,18,11,21,Poor,73.2,3880,2.13,No,79,Limited,92.1,Healthy,872,52,736,225.1,0.97,Hybrid,Yes,Maintenance,Fraud,Critical,Resolved,No,13,PS-1,Active,Medium Risk,Fire,3
665,2026-01-07 22:15:00,13.036612,77.546149,Central,Bengaluru,7,1,2026,22,R-592,132,64,Bike,Low,Wet,Green,Low,Clear,29.5,77.4,6731,23.9,0,40,Good,22,36,1.07,49,34,73,Good,70.4,1582,2.82,Yes,99,Limited,44.6,Healthy,286,24,563,230.3,0.92,Wind,No,Stable,Theft,High,Open,No,15,PS-4,Offline,High Risk,Fire,3
666,2026-01-07 22:30:00,12.973602,77.622941,North,Bengaluru,7,1,2026,22,R-274,398,51,Truck,Medium,Wet,Yellow,Medium,Clear,33.3,82,8970,26.6,0,99,Moderate,54.5,89.1,1.02,54,29,32,Moderate,56.4,2483,5.77,Yes,88,Available,58.7,Healthy,828,17,676,239.9,1,Grid,No,Maintenance,Cyber Crime,Medium,Resolved,Yes,16,PS-10,Active,Low Risk,Fire,5
667,2026-01-07 22:45:00,13.024467,77.627681,North,Bengaluru,7,1,2026,22,R-277,317,55,Car,Medium,Under Maintenance,Yellow,Medium,Rain,24.2,85.2,3418,7.3,4.4,79,Moderate,43.5,71.1,1.68,21,11,41,Moderate,49.4,3719,3.45,Yes,100,Available,59.2,Healthy,564,18,724,225.9,0.94,Grid,Yes,Stable,None,Critical,Resolved,No,25,PS-11,Offline,Medium Risk,None,0
668,2026-01-07 23:00:00,13.048073,77.558572,Central,Bengaluru,7,1,2026,23,R-859,201,60,Bike,Medium,Under Maintenance,Red,Medium,Fog,23.4,60.3,6028,26.4,24.3,80,Moderate,44,72,0.95,17,18,49,Moderate,81.3,1643,2.09,Yes,99,Limited,98.9,Leak Detected,666,20,459,221.2,0.98,Solar,Yes,Maintenance,Robbery,Medium,Investigating,Yes,30,PS-18,Active,Medium Risk,Ambulance,2
669,2026-01-07 23:15:00,12.946934,77.612086,South,Bengaluru,7,1,2026,23,R-765,431,49,Truck,Medium,Under Maintenance,Red,Medium,Clear,32.9,87.7,1249,18.2,0,107,Poor,58.9,96.3,1.5,73,23,21,Poor,84.5,891,3.38,Yes,74,Limited,69.5,Healthy,863,55,914,221,0.92,Solar,Yes,Stable,Fraud,Critical,Resolved,No,36,PS-5,Offline,Low Risk,None,1
670,2026-01-07 23:30:00,12.937239,77.539803,North,Bengaluru,7,1,2026,23,R-439,154,63,Car,Low,Under Maintenance,Green,Low,Fog,34.8,87.4,4272,5.4,15.8,68,Moderate,37.4,61.2,0.85,13,10,33,Moderate,58.9,4228,5.13,No,98,Limited,55.8,Leak Detected,614,36,425,234.4,0.9,Grid,No,Maintenance,None,Critical,Investigating,No,18,PS-2,Active,Medium Risk,Fire,0
671,2026-01-07 23:45:00,13.018841,77.545289,Central,Bengaluru,7,1,2026,23,R-603,401,50,Truck,Medium,Under Maintenance,Yellow,Medium,Fog,26.9,74.9,8465,29.4,25.3,130,Poor,71.5,117,0.75,36,17,16,Poor,67.1,1848,5.54,Yes,96,Available,93.1,Healthy,650,50,846,220.2,0.93,Hybrid,No,Stable,Fraud,Low,Open,Yes,18,PS-11,Active,High Risk,Fire,5
672,2026-01-08 00:00:00,12.979619,77.662118,Central,Bengaluru,8,1,2026,0,R-396,380,51,Bus,Medium,Dry,Red,Medium,Fog,32,46.1,4765,25.2,29.5,125,Poor,68.8,112.5,2.12,39,14,66,Poor,51.8,2760,4.35,Yes,100,Limited,68.5,Healthy,818,36,743,222.5,0.97,Wind,Yes,Maintenance,Theft,Critical,Investigating,No,26,PS-13,Maintenance,High Risk,Ambulance,5
673,2026-01-08 00:15:00,12.996168,77.649622,South,Bengaluru,8,1,2026,0,R-638,165,62,Bike,Low,Under Maintenance,Red,Low,Fog,34.6,78,1907,18.2,7,71,Moderate,39.1,63.9,1.01,15,18,75,Moderate,72.3,4298,4.14,No,91,Limited,69.1,Leak Detected,642,46,672,220.4,0.99,Hybrid,No,Stable,Cyber Crime,Critical,Resolved,No,25,PS-19,Offline,Medium Risk,Ambulance,1
674,2026-01-08 00:30:00,12.902986,77.586412,East,Bengaluru,8,1,2026,0,R-800,198,61,Bus,Low,Under Maintenance,Red,Low,Fog,24.2,65.1,6100,17.2,22,79,Moderate,43.5,71.1,1.17,45,7,18,Moderate,82.4,3184,5.88,No,91,Available,65.7,Leak Detected,409,22,763,232.4,0.94,Hybrid,Yes,Maintenance,Theft,Critical,Resolved,No,9,PS-12,Maintenance,Medium Risk,Fire,1
675,2026-01-08 00:45:00,12.974702,77.578283,North,Bengaluru,8,1,2026,0,R-928,393,51,Car,Medium,Under Maintenance,Green,Medium,Storm,26.9,65.2,2504,6.5,5.3,98,Moderate,53.9,88.2,1.79,14,7,51,Moderate,75.5,2071,2.69,No,74,Available,71.5,Healthy,699,53,728,229.6,0.94,Grid,No,Maintenance,Fraud,Low,Open,Yes,22,PS-1,Active,Low Risk,Fire,5
676,2026-01-08 01:00:00,13.029275,77.580181,South,Bengaluru,8,1,2026,1,R-483,82,66,Truck,Low,Wet,Red,Low,Clear,28.8,86.4,3673,11.5,0,40,Good,22,36,1.09,12,16,41,Good,76,4019,2.16,No,85,Limited,95.9,Leak Detected,556,23,585,222.7,0.96,Solar,No,Maintenance,Robbery,Low,Open,Yes,38,PS-12,Offline,Medium Risk,Ambulance,5
677,2026-01-08 01:15:00,13.046978,77.650717,East,Bengaluru,8,1,2026,1,R-428,266,57,Bike,Medium,Under Maintenance,Green,Medium,Clear,34.1,73.7,4719,13.5,0,66,Moderate,36.3,59.4,0.91,27,7,30,Moderate,65.5,4214,3.04,No,82,Limited,78.5,Leak Detected,563,40,517,228.9,0.96,Grid,No,Maintenance,Theft,Low,Investigating,Yes,37,PS-3,Offline,Medium Risk,Fire,3
678,2026-01-08 01:30:00,12.998414,77.554374,North,Bengaluru,8,1,2026,1,R-912,115,65,Bus,Low,Under Maintenance,Green,Low,Rain,26.7,73.6,4518,27.9,25.2,40,Good,22,36,0.64,41,21,53,Good,80.1,4698,3.09,No,83,Limited,62.8,Leak Detected,563,17,611,220.4,0.93,Hybrid,Yes,Maintenance,Cyber Crime,Medium,Resolved,No,36,PS-4,Offline,Medium Risk,Ambulance,2
679,2026-01-08 01:45:00,13.027375,77.518603,West,Bengaluru,8,1,2026,1,R-810,81,66,Bike,Low,Wet,Green,Low,Fog,26.8,58,4799,16.7,39.8,50,Good,27.5,45,1.56,24,8,52,Good,79.1,4587,3.82,Yes,94,Limited,76.9,Leak Detected,354,19,668,225.2,0.95,Solar,Yes,Maintenance,Cyber Crime,High,Resolved,No,30,PS-9,Active,Low Risk,Fire,3
680,2026-01-08 02:00:00,12.905237,77.595435,East,Bengaluru,8,1,2026,2,R-578,411,50,Bike,Medium,Under Maintenance,Red,Medium,Storm,26.4,51.9,2184,18.4,38.7,102,Poor,56.1,91.8,0.96,12,31,54,Poor,70.8,3269,5.33,No,99,Available,79.2,Leak Detected,583,24,932,235.5,0.93,Grid,Yes,Maintenance,Robbery,Medium,Open,Yes,24,PS-15,Active,Medium Risk,Police,4
681,2026-01-08 02:15:00,13.019098,77.669535,West,Bengaluru,8,1,2026,2,R-748,132,64,Car,Low,Wet,Red,Low,Fog,35.7,73.5,5007,23,32.5,63,Moderate,34.7,56.7,1.62,47,8,54,Moderate,82.8,3585,5.98,Yes,85,Limited,62.4,Leak Detected,300,22,618,220.5,0.96,Wind,Yes,Stable,Fraud,Low,Resolved,No,6,PS-2,Active,Medium Risk,Police,4
682,2026-01-08 02:30:00,12.895351,77.596879,Central,Bengaluru,8,1,2026,2,R-282,315,55,Bus,Medium,Wet,Red,Medium,Fog,23.4,85.2,2278,7.7,32.1,108,Poor,59.4,97.2,1.4,40,26,80,Poor,85.8,4275,3.78,Yes,81,Available,87.4,Leak Detected,587,38,909,235.9,0.97,Wind,Yes,Maintenance,Cyber Crime,Low,Resolved,Yes,13,PS-18,Maintenance,Low Risk,Fire,1
683,2026-01-08 02:45:00,13.021244,77.630525,Central,Bengaluru,8,1,2026,2,R-107,189,61,Car,Low,Wet,Green,Low,Rain,22.7,63.4,8022,12.7,20.2,47,Good,25.9,42.3,0.89,88,12,65,Good,66.5,2643,3.25,No,84,Available,97,Leak Detected,605,16,539,234.1,0.99,Grid,Yes,Maintenance,Robbery,Medium,Resolved,No,28,PS-18,Active,Medium Risk,Police,5
684,2026-01-08 03:00:00,13.041773,77.617102,South,Bengaluru,8,1,2026,3,R-846,169,62,Truck,Low,Under Maintenance,Yellow,Low,Fog,31.9,80,2159,27.2,34.7,72,Moderate,39.6,64.8,1.29,64,35,23,Moderate,49.7,1834,4.69,Yes,95,Available,44.5,Healthy,484,25,612,221.7,0.91,Wind,Yes,Maintenance,Theft,High,Resolved,No,33,PS-9,Maintenance,High Risk,Fire,4
685,2026-01-08 03:15:00,12.949966,77.641036,East,Bengaluru,8,1,2026,3,R-393,270,57,Car,Medium,Dry,Red,Medium,Rain,23.4,78.6,5360,21.6,30.8,67,Moderate,36.9,60.3,1.62,20,11,58,Moderate,93.8,2336,4.04,Yes,91,Limited,48.7,Healthy,702,49,571,233.8,0.92,Wind,No,Stable,Theft,High,Resolved,Yes,21,PS-13,Maintenance,Low Risk,Ambulance,1
686,2026-01-08 03:30:00,12.929013,77.548869,East,Bengaluru,8,1,2026,3,R-161,118,65,Car,Low,Dry,Green,Low,Fog,28.2,67.1,8466,14.7,8.6,59,Moderate,32.5,53.1,1.27,60,34,47,Moderate,69.8,4755,2.18,Yes,83,Limited,66.1,Healthy,506,39,441,234.8,0.94,Wind,No,Maintenance,Cyber Crime,Low,Investigating,No,16,PS-4,Offline,Low Risk,Police,3
687,2026-01-08 03:45:00,12.897892,77.557969,Central,Bengaluru,8,1,2026,3,R-499,359,53,Bike,Medium,Dry,Green,Medium,Storm,34.4,73.6,4171,26.1,26.5,89,Moderate,49,80.1,1.81,42,24,64,Moderate,69.8,1694,4.36,Yes,82,Available,59.4,Healthy,820,16,807,235.7,0.93,Grid,No,Stable,Cyber Crime,Medium,Resolved,Yes,26,PS-4,Maintenance,High Risk,None,1
688,2026-01-08 04:00:00,12.979385,77.525975,West,Bengaluru,8,1,2026,4,R-657,143,63,Bike,Low,Under Maintenance,Yellow,Low,Clear,28.5,40.5,3271,9.4,0,40,Good,22,36,2.13,41,7,41,Good,78.8,4060,4.91,No,100,Available,64.1,Healthy,364,26,450,228.5,0.97,Grid,No,Maintenance,Robbery,High,Investigating,Yes,14,PS-20,Active,Low Risk,Fire,5
689,2026-01-08 04:15:00,12.999191,77.609449,North,Bengaluru,8,1,2026,4,R-104,198,61,Truck,Low,Wet,Yellow,Low,Fog,25.4,80.2,7973,7.1,13.1,79,Moderate,43.5,71.1,2.04,58,23,37,Moderate,85.9,3627,2.49,Yes,93,Available,58.3,Healthy,425,49,573,223.8,0.96,Hybrid,No,Stable,Theft,Medium,Resolved,No,11,PS-16,Offline,Low Risk,None,1
690,2026-01-08 04:30:00,12.955729,77.582304,North,Bengaluru,8,1,2026,4,R-686,178,62,Bus,Low,Dry,Green,Low,Clear,25.6,86.6,4129,5.1,0,44,Good,24.2,39.6,0.48,60,13,79,Good,87.9,3427,2.84,No,82,Limited,46.9,Leak Detected,534,44,665,237.3,0.94,Grid,Yes,Maintenance,Robbery,High,Open,No,25,PS-19,Maintenance,Medium Risk,Ambulance,1
691,2026-01-08 04:45:00,12.897137,77.546128,East,Bengaluru,8,1,2026,4,R-694,407,50,Truck,Medium,Under Maintenance,Red,Medium,Storm,32.2,56.7,7184,29.6,35.9,101,Poor,55.6,90.9,0.8,53,8,10,Poor,61,3101,5.59,Yes,88,Limited,82.1,Leak Detected,668,22,934,221.9,0.93,Grid,No,Maintenance,Theft,Medium,Resolved,Yes,34,PS-20,Maintenance,Medium Risk,Fire,4
692,2026-01-08 05:00:00,12.9072,77.587459,Central,Bengaluru,8,1,2026,5,R-584,291,56,Truck,Medium,Wet,Yellow,Medium,Clear,27.1,73.7,3876,15.5,0,72,Moderate,39.6,64.8,1.18,75,23,68,Moderate,53,3973,4.73,Yes,79,Limited,56.1,Healthy,545,52,546,232.2,0.93,Wind,No,Maintenance,None,Low,Resolved,No,16,PS-14,Active,Low Risk,Ambulance,0
693,2026-01-08 05:15:00,12.989967,77.647968,West,Bengaluru,8,1,2026,5,R-567,289,56,Truck,Medium,Under Maintenance,Yellow,Medium,Storm,28.6,77.8,2680,19.2,35.8,72,Moderate,39.6,64.8,1.07,58,12,73,Moderate,69.8,2305,5.52,No,72,Available,43.3,Leak Detected,561,37,602,222.6,0.96,Solar,Yes,Stable,None,Critical,Investigating,Yes,23,PS-7,Active,Low Risk,Ambulance,0
694,2026-01-08 05:30:00,13.016047,77.544508,Central,Bengaluru,8,1,2026,5,R-335,430,49,Bus,Medium,Wet,Yellow,Medium,Rain,22.3,60.1,6802,27.2,33.5,107,Poor,58.9,96.3,2.11,58,23,43,Poor,82.5,818,3.6,No,90,Available,51.4,Leak Detected,855,40,845,235.6,0.96,Grid,Yes,Maintenance,None,Medium,Resolved,Yes,7,PS-13,Offline,Medium Risk,Fire,0
695,2026-01-08 05:45:00,12.929265,77.528632,Central,Bengaluru,8,1,2026,5,R-746,227,59,Car,Medium,Wet,Green,Medium,Storm,27.1,88.2,8409,8.6,32.3,56,Moderate,30.8,50.4,0.92,66,18,48,Moderate,96.4,3791,3.33,Yes,85,Limited,73,Leak Detected,655,40,491,233.6,0.9,Solar,Yes,Stable,Robbery,Medium,Open,No,7,PS-3,Maintenance,High Risk,Fire,5
696,2026-01-08 06:00:00,13.042227,77.63411,South,Bengaluru,8,1,2026,6,R-652,285,56,Truck,Medium,Under Maintenance,Red,Medium,Storm,32.9,48,8254,18,8.9,71,Moderate,39.1,63.9,1.82,19,13,30,Moderate,87.7,3767,5.19,Yes,88,Available,68.4,Leak Detected,593,34,593,228.5,0.92,Solar,Yes,Maintenance,Theft,Low,Open,No,10,PS-2,Active,High Risk,None,3
697,2026-01-08 06:15:00,13.040239,77.533542,South,Bengaluru,8,1,2026,6,R-848,253,58,Car,Medium,Dry,Red,Medium,Clear,34.4,58,4002,28.7,0,63,Moderate,34.7,56.7,0.43,45,21,73,Moderate,77.8,1358,2.22,No,82,Limited,47.9,Leak Detected,566,16,553,227.1,0.94,Wind,No,Maintenance,Theft,Medium,Open,Yes,30,PS-2,Offline,High Risk,Fire,3
698,2026-01-08 06:30:00,12.892143,77.664815,Central,Bengaluru,8,1,2026,6,R-605,357,53,Bike,Medium,Dry,Red,Medium,Rain,29.8,59.9,6793,21.1,17.6,89,Moderate,49,80.1,1.81,43,15,67,Moderate,96.8,2057,2.92,No,85,Available,56.1,Leak Detected,763,21,924,232.7,0.9,Hybrid,Yes,Stable,Theft,Critical,Resolved,No,13,PS-1,Maintenance,Low Risk,Fire,1
699,2026-01-08 06:45:00,12.909065,77.599976,Central,Bengaluru,8,1,2026,6,R-841,372,52,Bus,Medium,Dry,Green,Medium,Rain,25.2,47.5,5629,16.2,1.1,93,Moderate,51.2,83.7,0.81,35,29,71,Moderate,76,4941,2.65,Yes,80,Limited,94.9,Healthy,561,42,730,236,0.96,Grid,No,Stable,None,Low,Resolved,No,34,PS-10,Maintenance,Low Risk,Fire,0
700,2026-01-08 07:00:00,13.019712,77.642276,Central,Bengaluru,8,1,2026,7,R-521,173,62,Bike,Low,Wet,Green,Low,Fog,26.8,44,8583,18.6,28,73,Moderate,40.2,65.7,0.64,83,35,70,Moderate,83.6,2730,5.04,No,92,Limited,68.8,Leak Detected,475,27,748,226.1,0.96,Hybrid,No,Maintenance,Cyber Crime,Critical,Open,No,28,PS-16,Active,Medium Risk,None,3
701,2026-01-08 07:15:00,12.988141,77.601417,South,Bengaluru,8,1,2026,7,R-376,194,61,Car,Low,Under Maintenance,Yellow,Low,Clear,23.8,63.5,8079,15.5,0,48,Good,26.4,43.2,0.4,13,28,16,Good,75.1,877,4.41,No,92,Limited,69,Leak Detected,556,23,591,237.6,0.94,Solar,Yes,Maintenance,Theft,High,Investigating,Yes,7,PS-8,Offline,High Risk,Ambulance,1
702,2026-01-08 07:30:00,13.037672,77.610725,North,Bengaluru,8,1,2026,7,R-202,384,51,Bus,Medium,Dry,Yellow,Medium,Clear,25.4,87.2,1931,23.8,0,96,Moderate,52.8,86.4,0.65,33,17,49,Moderate,93.3,2918,3.97,No,83,Available,92.7,Healthy,801,32,698,238.4,0.98,Solar,No,Maintenance,Robbery,Critical,Resolved,Yes,15,PS-19,Maintenance,High Risk,Ambulance,3
703,2026-01-08 07:45:00,13.035855,77.587008,West,Bengaluru,8,1,2026,7,R-916,395,51,Car,Medium,Wet,Green,Medium,Storm,34.1,41,2382,9.2,31,98,Moderate,53.9,88.2,0.61,48,19,40,Moderate,66.3,886,2.17,Yes,74,Available,74.5,Healthy,766,34,877,228.1,0.99,Hybrid,No,Stable,Fraud,Critical,Investigating,No,20,PS-11,Offline,Medium Risk,Police,3
704,2026-01-08 08:00:00,12.954088,77.588833,South,Bengaluru,8,1,2026,8,R-841,490,46,Car,High,Under Maintenance,Yellow,High,Rain,28.2,58.2,8070,11.7,23.3,122,Poor,67.1,109.8,1.48,49,35,39,Poor,81.2,4078,4.35,No,80,Available,84.4,Healthy,817,26,1002,229.4,0.97,Hybrid,No,Stable,None,Medium,Investigating,Yes,19,PS-8,Active,Medium Risk,Ambulance,0
705,2026-01-08 08:15:00,12.990651,77.644121,South,Bengaluru,8,1,2026,8,R-151,541,43,Bike,High,Dry,Yellow,High,Fog,26.3,82.3,2249,12.3,19.6,165,Very Poor,90.8,148.5,0.78,82,22,57,Very Poor,55.1,4557,2.63,Yes,77,Limited,42.7,Healthy,895,18,855,225,0.91,Grid,Yes,Maintenance,Theft,Low,Resolved,No,25,PS-18,Offline,Low Risk,Fire,1
706,2026-01-08 08:30:00,13.033258,77.640851,East,Bengaluru,8,1,2026,8,R-449,539,44,Truck,High,Wet,Green,High,Rain,23.1,71,4041,25.3,34.4,134,Poor,73.7,120.6,0.55,39,21,14,Poor,94.9,1417,4.35,Yes,96,Limited,94.2,Leak Detected,803,34,1101,239.2,0.99,Grid,No,Stable,Theft,High,Investigating,No,25,PS-12,Offline,Low Risk,None,4
707,2026-01-08 08:45:00,13.043407,77.611089,South,Bengaluru,8,1,2026,8,R-384,808,30,Truck,Very High,Dry,Green,High,Rain,33.8,61.5,7102,15.3,34,202,Hazardous,111.1,181.8,0.44,78,26,56,Hazardous,92.3,4343,2.95,Yes,70,Available,67.5,Healthy,1118,17,1206,223.1,0.93,Wind,No,Maintenance,Theft,Critical,Resolved,Yes,24,PS-7,Maintenance,Low Risk,None,1
708,2026-01-08 09:00:00,12.896071,77.517061,East,Bengaluru,8,1,2026,9,R-883,867,27,Truck,Very High,Under Maintenance,Green,High,Clear,33.9,76.6,5914,8.7,0,216,Hazardous,118.8,194.4,1.88,77,21,22,Hazardous,73.5,2496,2.15,No,91,Available,63.2,Healthy,1301,48,1175,228.2,0.95,Hybrid,Yes,Maintenance,Cyber Crime,Critical,Investigating,Yes,27,PS-2,Maintenance,High Risk,None,3
709,2026-01-08 09:15:00,12.966581,77.593841,North,Bengaluru,8,1,2026,9,R-590,604,40,Bike,High,Under Maintenance,Yellow,High,Rain,24.2,40.1,6229,29.6,5.4,151,Very Poor,83.1,135.9,1.57,47,19,29,Very Poor,78.5,4552,2.84,No,79,Available,68,Healthy,768,49,967,221,0.94,Wind,No,Stable,Fraud,High,Resolved,No,40,PS-7,Offline,Medium Risk,Police,3
710,2026-01-08 09:30:00,12.980288,77.661011,West,Bengaluru,8,1,2026,9,R-639,598,41,Truck,High,Wet,Yellow,High,Storm,23,68.1,7249,17.3,4.9,149,Poor,82,134.1,1.11,55,18,15,Poor,63.6,3793,5.28,Yes,79,Available,95.6,Healthy,1005,18,1168,233.1,0.92,Solar,Yes,Stable,Robbery,Medium,Resolved,No,32,PS-11,Active,Low Risk,None,4
711,2026-01-08 09:45:00,12.998321,77.525907,West,Bengaluru,8,1,2026,9,R-804,646,38,Truck,High,Dry,Red,High,Rain,33,82,1882,14.3,22.4,161,Very Poor,88.6,144.9,1.58,11,32,23,Very Poor,52.6,1271,2.55,No,100,Limited,60.2,Healthy,1132,18,1071,225.9,1,Grid,Yes,Maintenance,None,Critical,Investigating,No,20,PS-17,Maintenance,Medium Risk,Ambulance,0
712,2026-01-08 10:00:00,12.952676,77.51211,East,Bengaluru,8,1,2026,10,R-354,558,43,Bike,High,Under Maintenance,Green,High,Storm,22.4,69,3384,10.6,7.1,139,Poor,76.5,125.1,0.88,38,5,72,Poor,81.7,3077,2.43,No,80,Limited,64.8,Leak Detected,786,47,1125,229.9,0.92,Grid,No,Stable,None,Medium,Resolved,Yes,33,PS-11,Maintenance,Medium Risk,Police,0
713,2026-01-08 10:15:00,12.92997,77.530742,East,Bengaluru,8,1,2026,10,R-139,402,50,Bus,Medium,Wet,Red,Medium,Rain,28.6,82.7,8992,28.8,8.2,100,Moderate,55,90,0.45,57,21,15,Moderate,88.8,1637,5.69,Yes,94,Available,60.2,Leak Detected,758,42,674,234.2,0.98,Solar,Yes,Stable,Theft,Critical,Investigating,No,22,PS-16,Maintenance,High Risk,Police,5
714,2026-01-08 10:30:00,12.956605,77.562222,West,Bengaluru,8,1,2026,10,R-500,685,36,Bus,High,Under Maintenance,Yellow,High,Storm,26.2,47.8,2185,9,39.1,171,Very Poor,94.1,153.9,1.62,29,13,78,Very Poor,73.8,4018,2.77,Yes,77,Limited,54.1,Healthy,988,38,956,224.5,0.91,Grid,Yes,Stable,Theft,Critical,Investigating,No,12,PS-9,Active,High Risk,Ambulance,5
715,2026-01-08 10:45:00,12.903643,77.552191,North,Bengaluru,8,1,2026,10,R-994,609,40,Car,High,Dry,Red,High,Clear,33.3,70.8,7009,12.9,0,152,Very Poor,83.6,136.8,2.1,86,9,48,Very Poor,83.5,4152,4.24,Yes,79,Available,98.1,Healthy,893,20,1002,221.9,0.98,Grid,Yes,Stable,Fraud,High,Open,No,10,PS-8,Active,Medium Risk,Police,4
716,2026-01-08 11:00:00,12.939891,77.516168,East,Bengaluru,8,1,2026,11,R-524,380,51,Car,Medium,Under Maintenance,Red,Medium,Clear,25.8,42.4,8395,14.7,0,95,Moderate,52.3,85.5,0.49,74,19,77,Moderate,56.3,978,2.79,No,95,Limited,85.8,Leak Detected,669,35,872,222.5,0.98,Wind,No,Maintenance,Robbery,High,Open,No,22,PS-1,Active,Low Risk,None,3
717,2026-01-08 11:15:00,12.986683,77.546747,Central,Bengaluru,8,1,2026,11,R-209,212,60,Bike,Medium,Wet,Red,Medium,Storm,35.6,70.7,1728,9.6,25.6,53,Moderate,29.2,47.7,2.13,19,5,59,Moderate,45.9,2174,3.71,No,81,Available,96.4,Healthy,540,46,665,224.8,0.97,Grid,Yes,Stable,None,Critical,Investigating,No,23,PS-14,Active,Low Risk,Fire,0
718,2026-01-08 11:30:00,12.95216,77.556179,North,Bengaluru,8,1,2026,11,R-387,195,61,Truck,Low,Wet,Red,Low,Storm,27.6,70,8182,19,31.2,48,Good,26.4,43.2,1.51,76,23,44,Good,72,1368,3.87,Yes,82,Available,41.5,Healthy,578,44,447,235.1,0.94,Solar,No,Maintenance,None,High,Investigating,Yes,17,PS-2,Offline,High Risk,Police,0
719,2026-01-08 11:45:00,12.907059,77.622557,West,Bengaluru,8,1,2026,11,R-952,136,64,Car,Low,Dry,Yellow,Low,Clear,30.6,48.5,1760,11.7,0,40,Good,22,36,0.86,55,15,64,Good,68.7,2663,2.93,No,91,Limited,99.1,Leak Detected,477,25,503,231.4,0.91,Grid,Yes,Stable,Fraud,High,Open,Yes,8,PS-10,Maintenance,High Risk,Ambulance,4
720,2026-01-08 12:00:00,12.924311,77.571747,North,Bengaluru,8,1,2026,12,R-857,400,50,Truck,Medium,Under Maintenance,Yellow,Medium,Storm,25.3,89.7,2773,29,34.9,100,Moderate,55,90,1.75,29,13,74,Moderate,71.3,2047,5.72,Yes,95,Limited,90.7,Leak Detected,718,30,968,223.1,0.95,Wind,No,Stable,Robbery,High,Investigating,Yes,20,PS-9,Maintenance,Low Risk,Police,4
721,2026-01-08 12:15:00,13.039956,77.578867,East,Bengaluru,8,1,2026,12,R-472,391,51,Car,Medium,Wet,Green,Medium,Storm,33.5,63.1,2026,8,29,97,Moderate,53.4,87.3,1.04,53,5,60,Moderate,82,2339,5.74,No,94,Limited,63.6,Leak Detected,647,52,914,233.9,0.94,Grid,No,Maintenance,Fraud,High,Resolved,Yes,19,PS-20,Maintenance,Low Risk,Fire,2
722,2026-01-08 12:30:00,13.04769,77.573605,Central,Bengaluru,8,1,2026,12,R-254,323,54,Bus,Medium,Wet,Green,Medium,Clear,30.5,82.6,1448,13.2,0,80,Moderate,44,72,1.48,32,17,16,Moderate,45.4,1457,5.14,Yes,91,Available,45,Leak Detected,690,19,785,221.4,0.96,Solar,No,Maintenance,Cyber Crime,Low,Open,Yes,19,PS-1,Active,High Risk,Ambulance,2
723,2026-01-08 12:45:00,13.023153,77.609919,Central,Bengaluru,8,1,2026,12,R-973,351,53,Truck,Medium,Wet,Green,Medium,Fog,24.8,86.6,1602,6.5,26.9,117,Poor,64.4,105.3,1.31,73,26,69,Poor,95.3,2807,4.51,No,97,Limited,98.2,Leak Detected,536,53,671,222.5,0.91,Solar,Yes,Stable,Fraud,Critical,Open,Yes,38,PS-13,Offline,Low Risk,None,4
724,2026-01-08 13:00:00,12.914887,77.576154,North,Bengaluru,8,1,2026,13,R-806,112,65,Truck,Low,Under Maintenance,Green,Low,Rain,27.9,49.5,8479,20.6,24.1,40,Good,22,36,1.09,69,18,45,Good,45.8,2797,2.59,Yes,92,Available,79.5,Leak Detected,333,49,438,237.7,0.96,Wind,No,Stable,None,Medium,Resolved,Yes,34,PS-19,Offline,High Risk,Fire,0
725,2026-01-08 13:15:00,12.919601,77.608384,East,Bengaluru,8,1,2026,13,R-364,164,62,Bus,Low,Under Maintenance,Red,Low,Rain,25.9,88.1,7565,28,25.6,41,Good,22.6,36.9,1.76,79,18,74,Good,51,1751,2.3,Yes,77,Available,65.6,Healthy,623,48,426,226.4,0.95,Grid,No,Maintenance,Robbery,High,Investigating,Yes,29,PS-6,Offline,High Risk,None,5
726,2026-01-08 13:30:00,12.98234,77.620095,North,Bengaluru,8,1,2026,13,R-830,106,65,Bus,Low,Wet,Green,Low,Rain,28.6,45.8,2462,27.2,38.7,40,Good,22,36,1.05,12,11,28,Good,55.1,4967,3.19,Yes,75,Limited,60.7,Leak Detected,495,29,589,239.4,0.98,Solar,No,Maintenance,Robbery,High,Resolved,Yes,14,PS-9,Maintenance,Medium Risk,Fire,1
727,2026-01-08 13:45:00,12.998066,77.668022,West,Bengaluru,8,1,2026,13,R-112,117,65,Bike,Low,Under Maintenance,Red,Low,Clear,28,88.1,4219,28.9,0,40,Good,22,36,1.18,65,8,23,Good,53.5,3189,4.92,Yes,76,Available,41.8,Healthy,545,17,552,228,0.92,Solar,Yes,Maintenance,Fraud,Medium,Investigating,No,19,PS-6,Active,Low Risk,None,5
728,2026-01-08 14:00:00,12.917482,77.58062,West,Bengaluru,8,1,2026,14,R-461,348,53,Bus,Medium,Under Maintenance,Yellow,Medium,Rain,24.1,40.1,2095,5.2,25.1,87,Moderate,47.9,78.3,1.91,80,14,27,Moderate,73.9,2875,5.32,Yes,83,Available,69.4,Leak Detected,605,55,800,226.5,0.92,Hybrid,No,Maintenance,None,Low,Investigating,Yes,6,PS-12,Active,Low Risk,Police,0
729,2026-01-08 14:15:00,13.012973,77.623601,South,Bengaluru,8,1,2026,14,R-539,396,51,Bike,Medium,Dry,Red,Medium,Fog,22.7,50.5,1087,29.9,6.3,129,Poor,71,116.1,0.76,14,9,77,Poor,57.2,2359,4.68,Yes,98,Limited,51.8,Leak Detected,715,28,940,222.3,0.94,Solar,Yes,Stable,Cyber Crime,Critical,Investigating,No,19,PS-4,Offline,Medium Risk,None,5
730,2026-01-08 14:30:00,12.929797,77.6473,East,Bengaluru,8,1,2026,14,R-482,321,54,Bus,Medium,Wet,Green,Medium,Fog,35.2,59.5,4570,14.8,23.6,110,Poor,60.5,99,0.31,79,14,47,Poor,86.8,3513,4.21,Yes,80,Available,69.4,Leak Detected,544,52,782,236.6,0.92,Grid,Yes,Maintenance,None,Low,Open,No,5,PS-11,Active,High Risk,None,0
731,2026-01-08 14:45:00,13.006929,77.633654,North,Bengaluru,8,1,2026,14,R-437,395,51,Bike,Medium,Under Maintenance,Yellow,Medium,Storm,27.2,74.9,6704,9.1,26.8,98,Moderate,53.9,88.2,2.16,16,15,74,Moderate,89.4,2381,5.94,No,90,Limited,54.1,Leak Detected,574,34,899,239.9,0.92,Hybrid,Yes,Maintenance,None,Low,Open,Yes,12,PS-11,Active,Medium Risk,Fire,0
732,2026-01-08 15:00:00,12.964081,77.62266,Central,Bengaluru,8,1,2026,15,R-651,339,54,Bike,Medium,Wet,Green,Medium,Storm,25.1,89.2,3263,18.3,1.7,84,Moderate,46.2,75.6,0.75,42,34,55,Moderate,87.5,4957,2.03,No,73,Limited,44,Leak Detected,556,26,900,239.8,0.92,Hybrid,No,Maintenance,Theft,Medium,Open,No,27,PS-19,Offline,Medium Risk,Fire,4
733,2026-01-08 15:15:00,12.998899,77.635641,Central,Bengaluru,8,1,2026,15,R-916,333,54,Bike,Medium,Dry,Red,Medium,Clear,26.3,56.6,4372,29.3,0,83,Moderate,45.7,74.7,1.14,42,15,23,Moderate,49.7,3987,2,No,100,Limited,94.7,Healthy,538,37,920,238.6,0.92,Grid,Yes,Stable,None,Critical,Investigating,No,8,PS-1,Maintenance,Low Risk,Fire,0
734,2026-01-08 15:30:00,12.910785,77.591214,Central,Bengaluru,8,1,2026,15,R-628,314,55,Bike,Medium,Dry,Red,Medium,Storm,35.8,64.8,4198,27.6,29.9,78,Moderate,42.9,70.2,1.72,83,24,71,Moderate,75.6,1837,3.87,No,92,Limited,96.1,Healthy,572,48,910,229.7,0.95,Hybrid,Yes,Maintenance,None,Critical,Investigating,Yes,39,PS-9,Active,High Risk,None,0
735,2026-01-08 15:45:00,13.003882,77.653447,North,Bengaluru,8,1,2026,15,R-760,282,56,Car,Medium,Wet,Green,Medium,Rain,29,54.2,5770,29.5,34.1,70,Moderate,38.5,63,2.09,48,30,45,Moderate,61.6,2869,5.48,No,78,Available,91,Healthy,663,40,829,238.1,0.92,Wind,Yes,Maintenance,None,High,Resolved,Yes,24,PS-15,Offline,High Risk,Police,0
736,2026-01-08 16:00:00,13.039869,77.62738,South,Bengaluru,8,1,2026,16,R-449,432,49,Bike,Medium,Under Maintenance,Red,Medium,Storm,26.6,71.3,6821,26.6,29.9,108,Poor,59.4,97.2,1.18,87,27,64,Poor,64.3,3374,3.8,Yes,99,Limited,59.8,Healthy,775,45,951,226.2,0.98,Hybrid,Yes,Maintenance,None,Medium,Open,No,11,PS-15,Offline,Medium Risk,Police,0
737,2026-01-08 16:15:00,12.995214,77.612707,North,Bengaluru,8,1,2026,16,R-603,431,49,Bike,Medium,Wet,Red,Medium,Rain,24.2,49.5,6861,22.8,13.5,107,Poor,58.9,96.3,0.33,34,18,53,Poor,51.9,3528,4.73,Yes,93,Available,53.5,Healthy,930,40,842,223.9,0.95,Hybrid,No,Stable,Robbery,High,Investigating,No,14,PS-9,Maintenance,High Risk,Police,2
738,2026-01-08 16:30:00,12.932854,77.587968,East,Bengaluru,8,1,2026,16,R-534,151,63,Bus,Low,Dry,Red,Low,Rain,25.4,57.8,4015,13.6,18.6,40,Good,22,36,2.18,29,6,15,Good,66.8,4652,3.01,Yes,83,Limited,55.9,Leak Detected,589,32,641,236,0.91,Solar,Yes,Stable,Theft,Low,Investigating,Yes,35,PS-1,Offline,Medium Risk,Police,4
739,2026-01-08 16:45:00,12.917018,77.533908,Central,Bengaluru,8,1,2026,16,R-764,287,56,Bike,Medium,Under Maintenance,Red,Medium,Clear,30.9,58.2,3425,12.1,0,71,Moderate,39.1,63.9,1.36,55,12,10,Moderate,94.7,3839,3.48,No,88,Limited,43.1,Leak Detected,545,36,756,220.1,0.95,Hybrid,Yes,Stable,Theft,Medium,Resolved,No,17,PS-19,Maintenance,High Risk,Police,3
740,2026-01-08 17:00:00,12.894677,77.538471,South,Bengaluru,8,1,2026,17,R-509,747,33,Truck,Very High,Under Maintenance,Red,High,Storm,35.8,81.8,8766,29,35.7,186,Very Poor,102.3,167.4,1.37,33,35,33,Very Poor,52.9,4438,3.5,No,91,Available,64,Leak Detected,1207,17,1218,232.9,0.99,Grid,Yes,Maintenance,None,Low,Open,Yes,8,PS-7,Maintenance,Low Risk,Fire,0
741,2026-01-08 17:15:00,12.959828,77.5861,South,Bengaluru,8,1,2026,17,R-217,558,43,Truck,High,Dry,Red,High,Clear,23,72.5,6618,10.9,0,139,Poor,76.5,125.1,1.6,39,23,19,Poor,84.3,2090,4.31,No,95,Available,46.7,Leak Detected,822,16,1053,221.7,0.92,Wind,Yes,Stable,Fraud,Medium,Open,Yes,34,PS-15,Maintenance,Medium Risk,Ambulance,4
742,2026-01-08 17:30:00,12.935772,77.599546,West,Bengaluru,8,1,2026,17,R-852,799,31,Truck,Very High,Dry,Red,High,Clear,35.1,43.1,2585,8.8,0,199,Very Poor,109.5,179.1,1.62,76,31,13,Very Poor,95.9,2171,3.69,Yes,98,Limited,55.5,Leak Detected,1136,47,1345,226.5,0.97,Hybrid,No,Maintenance,Robbery,Low,Investigating,No,6,PS-14,Offline,Medium Risk,Ambulance,3
743,2026-01-08 17:45:00,12.947886,77.544803,Central,Bengaluru,8,1,2026,17,R-576,869,27,Bus,Very High,Wet,Yellow,High,Fog,29.7,66.8,1115,16,32.6,247,Hazardous,135.9,222.3,1.63,44,18,50,Hazardous,70.4,4553,5.1,Yes,83,Available,48.5,Leak Detected,1097,49,1275,223.1,0.95,Solar,Yes,Maintenance,Theft,Low,Investigating,No,21,PS-4,Offline,Low Risk,Police,3
744,2026-01-08 18:00:00,12.993276,77.660641,North,Bengaluru,8,1,2026,18,R-442,500,45,Truck,High,Under Maintenance,Red,High,Storm,27.6,65.8,7511,10,27.9,125,Poor,68.8,112.5,2.13,61,17,49,Poor,98,3812,4.54,Yes,84,Available,93.9,Healthy,784,23,1035,233.7,0.92,Hybrid,No,Stable,None,Critical,Open,Yes,10,PS-20,Maintenance,High Risk,Fire,0
745,2026-01-08 18:15:00,12.960399,77.658954,North,Bengaluru,8,1,2026,18,R-582,684,36,Car,High,Under Maintenance,Red,High,Clear,32.9,74.3,4980,26.8,0,171,Very Poor,94.1,153.9,0.5,31,6,71,Very Poor,69.8,1647,4.9,Yes,85,Limited,43.5,Healthy,949,42,1214,231.6,0.97,Wind,No,Stable,Cyber Crime,High,Resolved,Yes,8,PS-11,Active,Low Risk,Police,5
746,2026-01-08 18:30:00,12.998206,77.518159,North,Bengaluru,8,1,2026,18,R-608,873,27,Bus,Very High,Dry,Red,High,Clear,24.5,58.6,2217,13.7,0,218,Hazardous,119.9,196.2,0.85,70,10,39,Hazardous,82.3,2238,2.13,Yes,91,Available,77.2,Leak Detected,1209,54,1431,229.5,0.96,Hybrid,Yes,Maintenance,None,High,Investigating,No,24,PS-9,Active,Medium Risk,Ambulance,0
747,2026-01-08 18:45:00,12.898985,77.523341,East,Bengaluru,8,1,2026,18,R-215,596,41,Bus,High,Under Maintenance,Green,High,Fog,28.2,42,7499,24.7,34.2,179,Very Poor,98.5,161.1,0.48,34,12,68,Very Poor,94.7,2682,5.47,No,95,Limited,84.5,Leak Detected,940,49,904,234.9,0.99,Grid,No,Maintenance,Theft,Critical,Open,No,24,PS-20,Maintenance,Low Risk,Fire,5
748,2026-01-08 19:00:00,12.971462,77.554005,Central,Bengaluru,8,1,2026,19,R-726,552,43,Car,High,Under Maintenance,Green,High,Storm,25,81,3764,17.6,7.7,138,Poor,75.9,124.2,1.7,55,19,42,Poor,59.1,1019,4.26,No,76,Available,55.5,Healthy,864,24,1027,234.7,0.91,Grid,Yes,Stable,Cyber Crime,High,Investigating,Yes,39,PS-9,Offline,High Risk,None,5
749,2026-01-08 19:15:00,12.92558,77.536551,South,Bengaluru,8,1,2026,19,R-465,712,35,Truck,Very High,Dry,Red,High,Fog,31.3,42.6,6399,16.3,28.1,208,Hazardous,114.4,187.2,1.54,78,5,15,Hazardous,91.9,2010,4.63,No,78,Available,60.8,Leak Detected,1201,23,966,226.7,0.93,Solar,No,Stable,Cyber Crime,Medium,Open,No,35,PS-9,Maintenance,High Risk,Fire,4
750,2026-01-08 19:30:00,12.93715,77.60342,West,Bengaluru,8,1,2026,19,R-206,556,43,Truck,High,Under Maintenance,Red,High,Storm,34.9,74.1,7507,27,4.1,139,Poor,76.5,125.1,1.12,68,10,73,Poor,62.8,1188,5.23,No,95,Available,77.3,Healthy,922,43,1025,232.4,0.95,Wind,No,Maintenance,None,High,Resolved,No,26,PS-17,Offline,Medium Risk,Fire,0
751,2026-01-08 19:45:00,12.934422,77.528487,Central,Bengaluru,8,1,2026,19,R-239,894,26,Bike,Very High,Wet,Green,High,Clear,31.7,88.1,4563,9.5,0,223,Hazardous,122.7,200.7,1.16,18,27,36,Hazardous,58.3,2841,4.06,Yes,73,Available,90.4,Leak Detected,1194,45,1453,224.8,0.97,Hybrid,No,Stable,Theft,Low,Resolved,No,40,PS-13,Active,High Risk,Ambulance,2
752,2026-01-08 20:00:00,12.995157,77.563646,East,Bengaluru,8,1,2026,20,R-630,111,65,Car,Low,Wet,Green,Low,Storm,23.4,41.8,6788,8.3,25.8,40,Good,22,36,0.87,41,6,37,Good,89.4,2243,5.23,No,72,Limited,78.1,Healthy,406,34,594,237.4,0.94,Solar,Yes,Stable,None,Medium,Investigating,Yes,18,PS-18,Maintenance,Low Risk,None,0
753,2026-01-08 20:15:00,13.034653,77.596334,North,Bengaluru,8,1,2026,20,R-504,358,53,Truck,Medium,Dry,Yellow,Medium,Rain,31.8,54.9,6100,26.5,13.9,89,Moderate,49,80.1,1.06,39,16,65,Moderate,62.3,3228,2.32,Yes,75,Available,60.3,Healthy,595,48,884,227.6,0.96,Hybrid,No,Maintenance,Cyber Crime,High,Open,Yes,39,PS-10,Offline,Low Risk,Fire,2
754,2026-01-08 20:30:00,12.997176,77.644358,South,Bengaluru,8,1,2026,20,R-934,102,65,Truck,Low,Dry,Red,Low,Rain,32.6,48.4,7109,9,1.7,40,Good,22,36,1.95,58,21,65,Good,96.9,1838,5.15,No,87,Limited,48.2,Leak Detected,347,45,425,230.6,0.97,Grid,Yes,Stable,None,Low,Investigating,No,33,PS-18,Active,Medium Risk,None,0
755,2026-01-08 20:45:00,12.919119,77.595911,South,Bengaluru,8,1,2026,20,R-372,120,64,Bus,Low,Under Maintenance,Red,Low,Clear,27.2,52.1,8296,15.6,0,40,Good,22,36,0.67,26,32,67,Good,71.5,1099,2.22,No,76,Limited,71.8,Leak Detected,381,18,434,235.5,0.92,Solar,Yes,Maintenance,Fraud,Critical,Open,No,15,PS-9,Active,High Risk,Ambulance,3
756,2026-01-08 21:00:00,13.035319,77.593393,South,Bengaluru,8,1,2026,21,R-692,255,58,Truck,Medium,Wet,Red,Medium,Fog,22.5,45.2,4404,16.9,22.8,93,Moderate,51.2,83.7,1.92,18,16,63,Moderate,78.8,3138,3.6,No,77,Limited,90.5,Leak Detected,599,53,510,225.9,1,Hybrid,No,Maintenance,Robbery,Medium,Open,Yes,16,PS-20,Active,High Risk,Ambulance,3
757,2026-01-08 21:15:00,12.975545,77.656883,West,Bengaluru,8,1,2026,21,R-129,358,53,Car,Medium,Under Maintenance,Yellow,Medium,Fog,34.5,52,6037,11.5,13.2,119,Poor,65.5,107.1,1.9,45,35,30,Poor,67.4,1060,3.95,Yes,90,Limited,52.4,Healthy,573,18,723,237.2,0.92,Grid,Yes,Stable,Robbery,Critical,Open,No,14,PS-18,Active,Low Risk,Fire,4
758,2026-01-08 21:30:00,13.032575,77.597698,North,Bengaluru,8,1,2026,21,R-139,361,52,Car,Medium,Dry,Yellow,Medium,Clear,33.5,50.3,3295,25.9,0,90,Moderate,49.5,81,0.68,61,19,12,Moderate,51.9,4485,3.96,No,72,Limited,95.6,Leak Detected,822,42,948,232.4,0.95,Hybrid,No,Maintenance,Robbery,High,Investigating,No,28,PS-12,Active,Medium Risk,Fire,2
759,2026-01-08 21:45:00,12.980103,77.611047,West,Bengaluru,8,1,2026,21,R-217,432,49,Bus,Medium,Under Maintenance,Yellow,Medium,Storm,34.3,87.9,3344,27.4,22.8,108,Poor,59.4,97.2,1.49,30,27,50,Poor,51.9,3806,2.57,Yes,100,Limited,93.7,Healthy,620,40,1014,226.3,0.99,Solar,Yes,Maintenance,Theft,High,Resolved,No,23,PS-11,Active,Low Risk,Ambulance,1
760,2026-01-08 22:00:00,12.990908,77.632405,East,Bengaluru,8,1,2026,22,R-574,420,49,Bike,Medium,Dry,Red,Medium,Rain,32.2,67.3,3459,28.8,8.4,105,Poor,57.8,94.5,1.68,40,10,21,Poor,86.6,3130,5.51,No,70,Available,75,Leak Detected,689,33,999,236.7,0.98,Hybrid,Yes,Stable,Fraud,Low,Investigating,Yes,28,PS-6,Offline,Medium Risk,Fire,5
761,2026-01-08 22:15:00,12.93517,77.640768,Central,Bengaluru,8,1,2026,22,R-358,370,52,Car,Medium,Dry,Red,Medium,Clear,25.3,47.7,3477,15.2,0,92,Moderate,50.6,82.8,0.46,86,7,24,Moderate,55.8,3278,4.96,Yes,78,Limited,68.4,Healthy,629,53,939,228.6,0.92,Wind,No,Maintenance,None,Low,Open,No,20,PS-10,Active,Low Risk,Police,0
762,2026-01-08 22:30:00,12.989079,77.651256,South,Bengaluru,8,1,2026,22,R-614,157,63,Car,Low,Dry,Green,Low,Clear,23.3,69.6,3501,19,0,40,Good,22,36,0.61,77,35,16,Good,74.5,1375,4.31,No,79,Limited,49.5,Healthy,600,21,753,231.5,0.96,Solar,Yes,Stable,Theft,Medium,Resolved,No,40,PS-7,Active,Medium Risk,Ambulance,2
763,2026-01-08 22:45:00,12.898614,77.558063,North,Bengaluru,8,1,2026,22,R-595,300,55,Car,Medium,Dry,Red,Medium,Storm,25,67.4,5613,7.3,5.5,75,Moderate,41.2,67.5,1.26,71,14,14,Moderate,62,1047,2.45,Yes,95,Available,41.4,Healthy,589,31,853,227.4,0.9,Wind,Yes,Maintenance,Fraud,Critical,Resolved,No,8,PS-16,Offline,Medium Risk,Ambulance,3
764,2026-01-08 23:00:00,12.926175,77.642082,South,Bengaluru,8,1,2026,23,R-220,442,48,Truck,Medium,Dry,Green,Medium,Storm,31.3,88,5127,23.2,4.6,110,Poor,60.5,99,2.15,17,15,66,Poor,96.8,1053,5.82,No,97,Available,43.6,Leak Detected,828,16,698,226.9,0.96,Wind,No,Maintenance,Theft,Medium,Investigating,Yes,20,PS-7,Maintenance,Medium Risk,Police,1
765,2026-01-08 23:15:00,12.973666,77.511424,North,Bengaluru,8,1,2026,23,R-693,332,54,Truck,Medium,Dry,Yellow,Medium,Clear,31.2,68,2621,11.2,0,83,Moderate,45.7,74.7,0.71,37,32,13,Moderate,87.4,4127,3.35,No,79,Limited,92.9,Healthy,801,25,706,229.4,0.96,Grid,No,Stable,Robbery,Medium,Investigating,No,39,PS-5,Maintenance,Medium Risk,Fire,3
766,2026-01-08 23:30:00,12.923852,77.633087,Central,Bengaluru,8,1,2026,23,R-530,262,57,Car,Medium,Dry,Yellow,Medium,Fog,29.3,48.3,7152,10.9,20.3,95,Moderate,52.3,85.5,1.37,36,22,72,Moderate,55.4,2377,2.58,Yes,87,Available,42,Healthy,622,31,736,227.3,0.93,Wind,No,Maintenance,None,Critical,Investigating,No,11,PS-13,Active,Medium Risk,Police,0
767,2026-01-08 23:45:00,12.926478,77.583179,East,Bengaluru,8,1,2026,23,R-272,146,63,Truck,Low,Wet,Yellow,Low,Clear,22.5,53,5205,12.5,0,40,Good,22,36,1.27,24,28,44,Good,58.4,1451,3.48,Yes,87,Available,82.4,Healthy,490,19,433,228.3,0.94,Grid,No,Maintenance,Fraud,Low,Open,No,9,PS-3,Maintenance,High Risk,Ambulance,4
768,2026-01-09 00:00:00,12.944366,77.610895,West,Bengaluru,9,1,2026,0,R-459,91,66,Bus,Low,Dry,Red,Low,Fog,27.6,88.5,4111,17.7,11,52,Moderate,28.6,46.8,1.91,39,20,67,Moderate,49.7,2986,5.23,Yes,79,Limited,77.9,Leak Detected,384,36,631,227.1,0.94,Wind,Yes,Stable,Robbery,Medium,Open,Yes,10,PS-20,Offline,High Risk,Ambulance,2
769,2026-01-09 00:15:00,13.044988,77.570225,Central,Bengaluru,9,1,2026,0,R-582,334,54,Bus,Medium,Under Maintenance,Green,Medium,Rain,31.7,72.6,6953,29.1,18.4,83,Moderate,45.7,74.7,1.96,36,17,77,Moderate,57.3,3811,4.63,Yes,100,Limited,90.3,Leak Detected,494,52,683,225.2,0.98,Grid,No,Maintenance,Theft,Low,Investigating,Yes,9,PS-7,Offline,High Risk,Fire,1
770,2026-01-09 00:30:00,12.990538,77.599916,South,Bengaluru,9,1,2026,0,R-992,203,60,Truck,Medium,Wet,Green,Medium,Fog,22.2,61,7639,17.2,23.2,80,Moderate,44,72,1.65,83,15,25,Moderate,61.2,2284,4.38,No,78,Limited,76.8,Leak Detected,572,51,621,225.9,0.98,Wind,No,Maintenance,Cyber Crime,Medium,Resolved,No,15,PS-17,Active,Low Risk,Police,4
771,2026-01-09 00:45:00,12.922751,77.558965,Central,Bengaluru,9,1,2026,0,R-778,447,48,Bus,Medium,Under Maintenance,Yellow,Medium,Clear,30.2,51.7,6522,7.9,0,111,Poor,61.1,99.9,1.08,37,22,39,Poor,88.6,4261,3.11,No,92,Available,81.2,Healthy,624,20,924,220.3,0.96,Grid,Yes,Maintenance,Fraud,High,Resolved,No,9,PS-8,Active,Medium Risk,Fire,5
772,2026-01-09 01:00:00,12.917797,77.622898,South,Bengaluru,9,1,2026,1,R-420,224,59,Bus,Medium,Dry,Red,Medium,Clear,24.8,50.7,2384,21.9,0,56,Moderate,30.8,50.4,1.84,55,32,61,Moderate,79.9,1821,4.64,Yes,99,Available,64.9,Leak Detected,567,32,800,229.1,0.97,Grid,Yes,Maintenance,Robbery,Medium,Investigating,Yes,38,PS-15,Active,High Risk,Fire,1
773,2026-01-09 01:15:00,13.006435,77.529331,West,Bengaluru,9,1,2026,1,R-222,449,48,Car,Medium,Wet,Yellow,Medium,Clear,25.6,59.1,6321,7,0,112,Poor,61.6,100.8,0.5,84,32,74,Poor,57.8,4547,3.45,No,75,Limited,92.4,Leak Detected,707,48,978,237.2,0.98,Solar,Yes,Maintenance,Fraud,Critical,Resolved,No,34,PS-1,Active,Medium Risk,Police,2
774,2026-01-09 01:30:00,12.943493,77.525169,North,Bengaluru,9,1,2026,1,R-868,254,58,Car,Medium,Under Maintenance,Green,Medium,Rain,32.6,60.3,5683,29.3,3.4,63,Moderate,34.7,56.7,1.08,61,18,12,Moderate,52.9,4325,3.44,Yes,87,Available,89.7,Leak Detected,639,19,713,226.1,0.98,Solar,Yes,Stable,Theft,Low,Open,No,5,PS-19,Active,Medium Risk,Police,2
775,2026-01-09 01:45:00,12.991042,77.63029,West,Bengaluru,9,1,2026,1,R-830,329,54,Truck,Medium,Under Maintenance,Green,Medium,Clear,24.3,64.9,7886,24.9,0,82,Moderate,45.1,73.8,1.64,83,35,75,Moderate,57.4,4933,3.09,Yes,91,Limited,69.5,Leak Detected,755,43,788,238.7,0.92,Wind,No,Stable,Cyber Crime,Critical,Resolved,No,26,PS-13,Offline,Medium Risk,Ambulance,4
776,2026-01-09 02:00:00,12.998317,77.52437,Central,Bengaluru,9,1,2026,2,R-622,321,54,Bike,Medium,Under Maintenance,Green,Medium,Storm,28.3,69.3,5082,16.9,14.7,80,Moderate,44,72,1.93,15,11,49,Moderate,62.7,1884,5.02,Yes,75,Limited,98.5,Leak Detected,784,29,600,224.3,0.98,Wind,No,Maintenance,Robbery,Medium,Resolved,No,19,PS-8,Active,High Risk,Police,4
777,2026-01-09 02:15:00,12.926336,77.523847,Central,Bengaluru,9,1,2026,2,R-451,212,60,Bike,Medium,Under Maintenance,Green,Medium,Clear,25.8,60,4920,14.2,0,53,Moderate,29.2,47.7,0.54,81,11,71,Moderate,85.3,1002,2.25,No,96,Available,64,Leak Detected,669,28,561,222.7,0.94,Solar,No,Stable,Fraud,Medium,Investigating,No,30,PS-6,Maintenance,Low Risk,None,2
778,2026-01-09 02:30:00,12.919798,77.630146,South,Bengaluru,9,1,2026,2,R-204,192,61,Car,Low,Dry,Green,Low,Storm,32,81.2,7007,22.5,35.5,48,Good,26.4,43.2,0.31,84,14,28,Good,79.7,2856,5.74,Yes,76,Limited,40.7,Healthy,439,29,542,233.7,0.96,Solar,No,Maintenance,Theft,Critical,Investigating,Yes,13,PS-12,Maintenance,Medium Risk,Police,3
779,2026-01-09 02:45:00,12.906164,77.593802,East,Bengaluru,9,1,2026,2,R-870,317,55,Car,Medium,Wet,Yellow,Medium,Rain,30,59.3,1135,27.3,26.4,79,Moderate,43.5,71.1,1.03,57,32,55,Moderate,61.3,1980,2.38,No,91,Available,67.8,Healthy,689,33,582,226.5,0.97,Wind,Yes,Maintenance,Fraud,High,Investigating,Yes,21,PS-5,Maintenance,High Risk,Ambulance,5
780,2026-01-09 03:00:00,12.96309,77.655629,West,Bengaluru,9,1,2026,3,R-793,99,66,Bike,Low,Under Maintenance,Green,Low,Rain,23.1,58.6,2949,9.1,24.2,40,Good,22,36,1.01,84,31,63,Good,96.1,3772,5.12,Yes,74,Limited,40.7,Leak Detected,471,48,556,232.8,0.98,Wind,No,Stable,Cyber Crime,High,Resolved,No,35,PS-3,Offline,High Risk,None,2
781,2026-01-09 03:15:00,12.904244,77.626914,South,Bengaluru,9,1,2026,3,R-640,152,63,Bus,Low,Dry,Yellow,Low,Fog,24.1,63.5,2383,8.8,13.7,68,Moderate,37.4,61.2,1.38,61,12,66,Moderate,60.6,4196,2.91,No,89,Limited,95,Leak Detected,305,27,686,231.3,0.93,Hybrid,No,Maintenance,Cyber Crime,Critical,Investigating,No,17,PS-3,Offline,Low Risk,None,2
782,2026-01-09 03:30:00,13.008133,77.524566,South,Bengaluru,9,1,2026,3,R-853,96,66,Truck,Low,Dry,Yellow,Low,Clear,31.4,51.1,7085,29.3,0,40,Good,22,36,0.97,59,26,69,Good,55.9,2322,2.68,Yes,79,Limited,56.1,Healthy,552,19,564,233.4,0.9,Grid,Yes,Stable,Theft,Low,Resolved,No,30,PS-1,Maintenance,Medium Risk,Ambulance,2
783,2026-01-09 03:45:00,13.037836,77.581564,Central,Bengaluru,9,1,2026,3,R-684,291,56,Bike,Medium,Under Maintenance,Yellow,Medium,Fog,29.2,70.7,6161,28.5,4.6,102,Poor,56.1,91.8,2.18,17,30,12,Poor,76.8,4860,2.39,No,79,Limited,78.3,Healthy,448,33,720,235,0.98,Hybrid,No,Maintenance,Robbery,High,Resolved,No,18,PS-8,Maintenance,Medium Risk,Police,3
784,2026-01-09 04:00:00,12.952239,77.565163,North,Bengaluru,9,1,2026,4,R-666,146,63,Bike,Low,Wet,Red,Low,Clear,33.2,55.1,4681,16.1,0,40,Good,22,36,1.43,79,21,40,Good,96.8,3040,2.98,No,81,Available,76.4,Leak Detected,556,35,712,224.3,0.9,Solar,No,Stable,Robbery,Medium,Open,Yes,37,PS-19,Maintenance,High Risk,None,3
785,2026-01-09 04:15:00,13.038854,77.557707,South,Bengaluru,9,1,2026,4,R-466,281,56,Bus,Medium,Under Maintenance,Yellow,Medium,Rain,30.3,48.8,1918,9.7,5,70,Moderate,38.5,63,0.98,14,31,40,Moderate,71.7,1320,2.02,Yes,76,Limited,92.1,Leak Detected,749,33,726,228.5,0.99,Grid,Yes,Maintenance,Robbery,Critical,Resolved,No,22,PS-15,Offline,High Risk,Police,1
786,2026-01-09 04:30:00,12.918387,77.639998,North,Bengaluru,9,1,2026,4,R-872,298,56,Bike,Medium,Under Maintenance,Red,Medium,Clear,33.4,60.3,3564,29.5,0,74,Moderate,40.7,66.6,1.35,62,27,74,Moderate,82.7,1374,4.55,Yes,71,Limited,47.4,Healthy,558,28,738,222.6,0.95,Wind,Yes,Stable,Theft,Medium,Investigating,No,25,PS-1,Active,Low Risk,Fire,4
787,2026-01-09 04:45:00,13.048643,77.651484,North,Bengaluru,9,1,2026,4,R-288,178,62,Bus,Low,Wet,Yellow,Low,Clear,23.3,67.1,8464,14.4,0,44,Good,24.2,39.6,0.4,21,24,47,Good,77.2,1749,2.76,No,90,Limited,42.2,Leak Detected,500,22,722,221.9,0.98,Solar,No,Maintenance,None,Low,Investigating,No,36,PS-3,Offline,Low Risk,Police,0
788,2026-01-09 05:00:00,13.041667,77.605591,South,Bengaluru,9,1,2026,5,R-824,408,50,Bike,Medium,Under Maintenance,Red,Medium,Fog,35.4,82.4,3995,5.4,36.8,132,Poor,72.6,118.8,1.63,86,18,20,Poor,53.1,2602,2.83,Yes,72,Available,56.8,Leak Detected,641,23,679,231.3,0.99,Hybrid,Yes,Stable,Cyber Crime,Medium,Resolved,Yes,35,PS-16,Offline,High Risk,Fire,4
789,2026-01-09 05:15:00,12.976544,77.572186,North,Bengaluru,9,1,2026,5,R-169,159,63,Bike,Low,Wet,Red,Low,Storm,23.8,41.6,2880,27.9,39.8,40,Good,22,36,1.42,57,35,19,Good,67.8,4817,4.7,Yes,73,Available,73.3,Healthy,638,19,686,221.6,0.91,Solar,Yes,Stable,Robbery,Medium,Open,Yes,25,PS-12,Maintenance,High Risk,None,5
790,2026-01-09 05:30:00,12.958671,77.534103,North,Bengaluru,9,1,2026,5,R-909,448,48,Bus,Medium,Under Maintenance,Yellow,Medium,Rain,30.4,67.7,6632,17.6,24.6,112,Poor,61.6,100.8,1.91,23,32,12,Poor,91.7,3969,4.53,No,97,Available,98,Leak Detected,613,37,781,221.8,0.91,Grid,Yes,Maintenance,None,Low,Investigating,Yes,30,PS-9,Active,High Risk,Police,0
791,2026-01-09 05:45:00,13.024374,77.650231,North,Bengaluru,9,1,2026,5,R-808,209,60,Truck,Medium,Dry,Yellow,Medium,Fog,22.5,78.7,7887,10.9,17.6,82,Moderate,45.1,73.8,0.92,45,23,55,Moderate,46.6,4109,2.05,No,96,Available,64.8,Healthy,592,31,633,228,0.96,Solar,No,Stable,Fraud,Critical,Resolved,Yes,22,PS-3,Offline,Low Risk,Police,3
792,2026-01-09 06:00:00,13.038786,77.66949,West,Bengaluru,9,1,2026,6,R-541,397,51,Bike,Medium,Wet,Green,Medium,Fog,31.4,71.4,3356,16.4,30.4,129,Poor,71,116.1,1.45,86,30,54,Poor,55.3,1584,3.56,No,85,Available,71.5,Leak Detected,610,45,797,233.4,0.94,Hybrid,Yes,Stable,Fraud,Critical,Open,No,29,PS-3,Active,Medium Risk,None,2
793,2026-01-09 06:15:00,12.89126,77.540343,Central,Bengaluru,9,1,2026,6,R-634,448,48,Bike,Medium,Wet,Yellow,Medium,Storm,34.3,69.7,6171,29.9,27.3,112,Poor,61.6,100.8,1.22,15,8,60,Poor,64.6,2089,5.36,No,96,Limited,42.7,Healthy,784,46,765,224.1,0.97,Solar,No,Stable,Fraud,High,Open,Yes,26,PS-5,Offline,High Risk,None,1
794,2026-01-09 06:30:00,13.02403,77.559424,West,Bengaluru,9,1,2026,6,R-999,80,66,Car,Low,Wet,Green,Low,Fog,23.5,87.8,1463,13.5,6.9,50,Good,27.5,45,1.49,39,15,35,Good,85.7,2343,4.88,No,81,Limited,41,Healthy,377,24,454,223,0.97,Grid,Yes,Stable,Cyber Crime,Medium,Investigating,No,21,PS-8,Maintenance,Low Risk,Fire,1
795,2026-01-09 06:45:00,13.038198,77.587676,South,Bengaluru,9,1,2026,6,R-371,223,59,Bike,Medium,Under Maintenance,Red,Medium,Clear,28.5,81.7,5847,24.1,0,55,Moderate,30.3,49.5,0.59,48,6,29,Moderate,50.1,1740,3.71,Yes,77,Available,53,Healthy,630,21,807,220.3,0.9,Wind,Yes,Maintenance,Cyber Crime,Medium,Resolved,No,34,PS-17,Maintenance,Medium Risk,Ambulance,3
796,2026-01-09 07:00:00,13.045585,77.634208,East,Bengaluru,9,1,2026,7,R-987,265,57,Bike,Medium,Wet,Green,Medium,Storm,32.7,55,5281,28.8,6.6,66,Moderate,36.3,59.4,1.72,73,31,29,Moderate,61.7,3220,4.99,Yes,90,Limited,52.2,Healthy,449,44,784,233.6,0.98,Grid,No,Stable,Fraud,Medium,Resolved,No,28,PS-8,Maintenance,High Risk,Ambulance,5
797,2026-01-09 07:15:00,13.047922,77.580621,West,Bengaluru,9,1,2026,7,R-545,321,54,Truck,Medium,Wet,Red,Medium,Rain,22.6,46.4,5472,29.2,12.7,80,Moderate,44,72,1.64,74,19,20,Moderate,83.3,1859,2.22,No,80,Available,44.3,Healthy,670,50,755,232.1,0.91,Solar,No,Stable,None,Low,Investigating,Yes,35,PS-10,Maintenance,Low Risk,Fire,0
798,2026-01-09 07:30:00,12.991691,77.529485,West,Bengaluru,9,1,2026,7,R-183,214,60,Bus,Medium,Wet,Yellow,Medium,Rain,24,79.4,5894,14.5,12.9,53,Moderate,29.2,47.7,1.64,49,13,36,Moderate,56.3,4722,2.39,Yes,91,Limited,53.6,Healthy,505,52,694,223.3,0.94,Wind,Yes,Stable,None,Low,Open,Yes,24,PS-8,Offline,Medium Risk,None,0
799,2026-01-09 07:45:00,13.004711,77.610304,Central,Bengaluru,9,1,2026,7,R-636,266,57,Car,Medium,Wet,Red,Medium,Fog,27.6,87.4,8621,25.2,6.1,96,Moderate,52.8,86.4,1,85,9,73,Moderate,77.2,2580,3.83,Yes,86,Available,69.5,Leak Detected,714,17,623,224.3,0.92,Solar,Yes,Maintenance,Cyber Crime,High,Investigating,Yes,33,PS-1,Offline,Medium Risk,Ambulance,1
800,2026-01-09 08:00:00,12.978892,77.559545,West,Bengaluru,9,1,2026,8,R-840,559,43,Truck,High,Wet,Green,High,Rain,28.4,51.1,4153,15.3,39.9,139,Poor,76.5,125.1,1.75,61,5,10,Poor,80.6,4480,3.51,Yes,75,Available,47.2,Healthy,1039,49,874,222.4,0.98,Solar,No,Stable,Fraud,Critical,Investigating,No,33,PS-5,Offline,Medium Risk,Ambulance,5
801,2026-01-09 08:15:00,13.03501,77.625508,East,Bengaluru,9,1,2026,8,R-759,505,45,Truck,High,Under Maintenance,Green,High,Rain,31.3,41.8,4295,15,38.7,126,Poor,69.3,113.4,0.36,44,22,55,Poor,97.4,1574,2.73,No,90,Limited,52.3,Leak Detected,921,32,1051,237.6,0.96,Grid,No,Maintenance,None,High,Open,Yes,21,PS-6,Active,Low Risk,None,0
802,2026-01-09 08:30:00,12.979173,77.524136,North,Bengaluru,9,1,2026,8,R-414,783,31,Bike,Very High,Wet,Yellow,High,Rain,30.8,66.5,1681,22.2,29.3,195,Very Poor,107.3,175.5,1.4,56,28,80,Very Poor,87.7,3849,4.29,No,75,Available,77.4,Leak Detected,1226,27,1086,224.2,0.99,Solar,No,Maintenance,Fraud,Critical,Open,No,30,PS-15,Offline,High Risk,None,4
803,2026-01-09 08:45:00,12.923536,77.63613,West,Bengaluru,9,1,2026,8,R-173,649,38,Bike,High,Wet,Green,High,Fog,28.8,89.9,1597,19.6,9.6,192,Very Poor,105.6,172.8,1.85,81,5,80,Very Poor,79.6,3239,2.72,No,97,Available,51.5,Healthy,1146,46,1106,222.3,0.99,Grid,Yes,Stable,Cyber Crime,Low,Open,Yes,26,PS-10,Maintenance,Low Risk,Fire,3
804,2026-01-09 09:00:00,13.045491,77.589903,South,Bengaluru,9,1,2026,9,R-876,493,46,Car,High,Wet,Red,High,Rain,30.5,44.4,8077,23.2,38.1,123,Poor,67.7,110.7,0.48,59,29,42,Poor,88.8,951,3.25,Yes,80,Limited,53.5,Healthy,838,44,1056,238.8,0.94,Solar,No,Maintenance,Fraud,Medium,Open,No,12,PS-2,Active,Low Risk,None,2
805,2026-01-09 09:15:00,12.99794,77.519142,Central,Bengaluru,9,1,2026,9,R-917,621,39,Truck,High,Under Maintenance,Red,High,Fog,28.1,47.9,3186,27.8,25.2,185,Very Poor,101.8,166.5,1.19,56,16,66,Very Poor,77.8,2085,5.07,No,84,Available,47.1,Leak Detected,928,54,920,236.7,0.95,Wind,Yes,Stable,Theft,Critical,Open,No,37,PS-11,Offline,High Risk,None,1
806,2026-01-09 09:30:00,12.965885,77.660682,Central,Bengaluru,9,1,2026,9,R-487,417,50,Truck,Medium,Under Maintenance,Yellow,Medium,Fog,33.6,87.4,8502,9.9,34.4,134,Poor,73.7,120.6,0.82,73,6,31,Poor,65.3,2031,3.96,No,91,Limited,93.1,Leak Detected,871,40,802,234.7,0.95,Wind,No,Maintenance,Cyber Crime,High,Resolved,Yes,27,PS-12,Maintenance,High Risk,Ambulance,3
807,2026-01-09 09:45:00,13.028165,77.613644,South,Bengaluru,9,1,2026,9,R-359,837,29,Car,Very High,Wet,Green,High,Storm,28.2,48.5,6303,5.1,29.3,209,Hazardous,115,188.1,1.59,77,24,60,Hazardous,61.7,2659,4.57,No,80,Available,54.2,Leak Detected,1130,50,1103,235.5,0.95,Grid,No,Stable,Robbery,Medium,Open,No,30,PS-19,Active,Low Risk,Police,2
808,2026-01-09 10:00:00,13.046163,77.593978,East,Bengaluru,9,1,2026,10,R-930,608,40,Car,High,Wet,Green,High,Storm,28.4,42.8,7577,26.9,4.4,152,Very Poor,83.6,136.8,0.3,59,11,32,Very Poor,88,2909,5.35,No,73,Available,88.1,Healthy,966,38,1122,224.6,0.95,Wind,Yes,Stable,Robbery,High,Resolved,No,22,PS-14,Offline,High Risk,None,4
809,2026-01-09 10:15:00,12.924946,77.647138,South,Bengaluru,9,1,2026,10,R-597,781,31,Bike,Very High,Under Maintenance,Red,High,Clear,28.6,45.6,5871,8.7,0,195,Very Poor,107.3,175.5,0.4,83,14,18,Very Poor,47.8,1527,2.08,No,83,Available,69,Healthy,1280,53,1198,222.3,0.93,Hybrid,No,Maintenance,Theft,Critical,Open,Yes,20,PS-1,Offline,Low Risk,Fire,3
810,2026-01-09 10:30:00,13.027954,77.569393,West,Bengaluru,9,1,2026,10,R-640,510,45,Bike,High,Wet,Green,High,Fog,35.2,85.6,6477,23.9,26,157,Very Poor,86.4,141.3,0.65,14,10,69,Very Poor,46.5,4105,5.44,No,80,Limited,85.4,Healthy,906,20,1085,236.9,0.97,Grid,Yes,Stable,Fraud,Medium,Investigating,No,11,PS-7,Maintenance,Low Risk,Ambulance,2
811,2026-01-09 10:45:00,12.948226,77.613137,Central,Bengaluru,9,1,2026,10,R-404,651,38,Car,High,Under Maintenance,Red,High,Storm,35.5,85.5,3035,17.5,37.5,162,Very Poor,89.1,145.8,1.15,52,34,74,Very Poor,86.3,895,3.96,Yes,94,Available,77.7,Leak Detected,1129,38,961,237.7,0.98,Hybrid,Yes,Maintenance,Robbery,Low,Resolved,Yes,39,PS-10,Offline,High Risk,Fire,5
812,2026-01-09 11:00:00,12.930689,77.644628,East,Bengaluru,9,1,2026,11,R-573,180,61,Bike,Low,Wet,Yellow,Low,Clear,31.2,74.5,1059,26.7,0,45,Good,24.8,40.5,1.97,89,9,71,Good,54.8,1273,4.46,Yes,73,Limited,73.2,Healthy,669,39,561,224.9,0.99,Wind,No,Maintenance,Theft,High,Resolved,No,7,PS-18,Maintenance,High Risk,Fire,5
813,2026-01-09 11:15:00,13.049336,77.665475,North,Bengaluru,9,1,2026,11,R-572,190,61,Bus,Low,Wet,Green,Low,Clear,33.8,81.2,2265,15.6,0,47,Good,25.9,42.3,1.49,16,8,56,Good,53.4,1109,5.6,No,82,Available,53.1,Healthy,465,37,644,227.1,1,Solar,Yes,Maintenance,Theft,Low,Resolved,No,8,PS-6,Maintenance,Medium Risk,Ambulance,2
814,2026-01-09 11:30:00,13.028621,77.610473,East,Bengaluru,9,1,2026,11,R-320,93,66,Car,Low,Under Maintenance,Yellow,Low,Clear,22.1,54.6,2642,7,0,40,Good,22,36,2.1,27,27,14,Good,85.2,3949,5.73,Yes,95,Available,58.1,Healthy,259,51,464,238.2,0.91,Hybrid,No,Maintenance,Theft,Critical,Open,No,33,PS-16,Maintenance,Medium Risk,Ambulance,5
815,2026-01-09 11:45:00,13.022964,77.562721,East,Bengaluru,9,1,2026,11,R-342,349,53,Car,Medium,Wet,Green,Medium,Rain,29.5,64.3,8041,22,30.8,87,Moderate,47.9,78.3,1.95,65,34,45,Moderate,90.2,3708,5.47,Yes,86,Limited,51.1,Leak Detected,685,44,813,235.5,0.98,Grid,No,Maintenance,Robbery,Low,Open,Yes,37,PS-4,Maintenance,Medium Risk,Fire,3
816,2026-01-09 12:00:00,12.90653,77.637873,North,Bengaluru,9,1,2026,12,R-944,214,60,Bus,Medium,Under Maintenance,Red,Medium,Storm,25.9,77,8248,22.8,13.7,53,Moderate,29.2,47.7,0.36,83,9,42,Moderate,60.3,3179,2.16,No,70,Limited,96,Leak Detected,668,38,641,235.7,0.96,Solar,No,Maintenance,Fraud,Low,Open,Yes,14,PS-15,Offline,Medium Risk,Fire,4
817,2026-01-09 12:15:00,12.933442,77.601908,South,Bengaluru,9,1,2026,12,R-478,311,55,Bus,Medium,Under Maintenance,Green,Medium,Storm,23.8,65.7,2215,26.3,29.7,77,Moderate,42.4,69.3,1.84,41,20,70,Moderate,77.6,939,3.97,No,97,Limited,93.6,Leak Detected,741,34,852,233.8,0.94,Hybrid,Yes,Maintenance,Fraud,Critical,Open,Yes,26,PS-14,Maintenance,Medium Risk,Police,2
818,2026-01-09 12:30:00,12.925359,77.654262,South,Bengaluru,9,1,2026,12,R-895,248,58,Truck,Medium,Wet,Yellow,Medium,Fog,25.7,76.7,1170,14.4,5.8,92,Moderate,50.6,82.8,0.59,29,20,28,Moderate,81,4054,3.44,Yes,100,Limited,89,Healthy,719,27,639,222.1,0.99,Grid,Yes,Maintenance,Cyber Crime,High,Resolved,No,40,PS-8,Offline,Medium Risk,Fire,5
819,2026-01-09 12:45:00,13.018227,77.663315,West,Bengaluru,9,1,2026,12,R-671,252,58,Bike,Medium,Dry,Yellow,Medium,Fog,33.1,86.4,4962,22.5,34.6,93,Moderate,51.2,83.7,1.09,75,6,55,Moderate,85.2,3270,5.95,Yes,70,Limited,85.5,Healthy,552,27,542,229.5,0.94,Hybrid,No,Maintenance,Fraud,Medium,Open,No,19,PS-8,Offline,High Risk,None,1
820,2026-01-09 13:00:00,12.996917,77.577237,Central,Bengaluru,9,1,2026,13,R-689,395,51,Bus,Medium,Under Maintenance,Red,Medium,Rain,22.3,44.4,4019,14.3,30.7,98,Moderate,53.9,88.2,0.67,20,7,23,Moderate,64.6,2476,2.69,Yes,82,Limited,42.9,Healthy,892,30,756,238.8,0.94,Wind,Yes,Stable,None,Low,Investigating,Yes,39,PS-18,Maintenance,Medium Risk,Ambulance,0
821,2026-01-09 13:15:00,12.975167,77.543801,East,Bengaluru,9,1,2026,13,R-390,415,50,Truck,Medium,Under Maintenance,Green,Medium,Clear,32.5,60.6,4709,15.8,0,103,Poor,56.7,92.7,0.77,44,33,27,Poor,84.2,2705,3.2,Yes,75,Limited,51.2,Leak Detected,787,33,911,225.6,0.97,Wind,No,Maintenance,Cyber Crime,Low,Resolved,No,40,PS-7,Maintenance,Low Risk,None,5
822,2026-01-09 13:30:00,12.960775,77.635583,East,Bengaluru,9,1,2026,13,R-630,302,55,Car,Medium,Under Maintenance,Red,Medium,Storm,29.7,62.2,8002,12.6,24.8,75,Moderate,41.2,67.5,0.62,59,21,67,Moderate,80.2,3306,5.73,No,82,Available,99,Leak Detected,579,20,719,226.6,0.94,Hybrid,Yes,Stable,Theft,High,Open,Yes,29,PS-19,Active,High Risk,None,3
823,2026-01-09 13:45:00,12.956928,77.66936,Central,Bengaluru,9,1,2026,13,R-165,381,51,Car,Medium,Under Maintenance,Red,Medium,Storm,24.5,47,7402,24.8,10.5,95,Moderate,52.3,85.5,1.77,90,33,27,Moderate,59.1,4819,2.55,Yes,77,Limited,52.5,Leak Detected,816,32,658,239.6,0.97,Grid,Yes,Maintenance,Fraud,Critical,Resolved,No,36,PS-17,Active,Low Risk,Fire,3
824,2026-01-09 14:00:00,12.998125,77.581897,West,Bengaluru,9,1,2026,14,R-767,247,58,Bus,Medium,Wet,Red,Medium,Storm,27.4,73.9,1443,27.2,14.2,61,Moderate,33.6,54.9,1.91,26,34,60,Moderate,78.8,4723,4.61,No,90,Limited,96.4,Leak Detected,506,41,611,223.3,0.9,Wind,Yes,Maintenance,Robbery,Critical,Resolved,Yes,21,PS-9,Active,Low Risk,Police,3
825,2026-01-09 14:15:00,12.959007,77.55001,North,Bengaluru,9,1,2026,14,R-986,157,63,Bus,Low,Dry,Green,Low,Clear,25.5,44.1,5705,7.3,0,40,Good,22,36,2.14,54,26,12,Good,87.6,4149,3.5,Yes,77,Available,59,Leak Detected,332,49,451,232.5,1,Solar,Yes,Maintenance,Cyber Crime,Critical,Resolved,Yes,16,PS-16,Maintenance,High Risk,Police,3
826,2026-01-09 14:30:00,12.977675,77.51025,North,Bengaluru,9,1,2026,14,R-861,145,63,Car,Low,Under Maintenance,Yellow,Low,Rain,22.6,58.2,2039,20.1,21.6,40,Good,22,36,0.96,47,23,62,Good,64.2,971,3.34,Yes,85,Available,82.2,Leak Detected,610,54,614,221.9,0.91,Hybrid,Yes,Maintenance,Theft,Medium,Open,No,5,PS-16,Offline,High Risk,Fire,1
827,2026-01-09 14:45:00,12.90229,77.605254,South,Bengaluru,9,1,2026,14,R-243,193,61,Car,Low,Wet,Red,Low,Clear,30.2,54.4,7582,28.4,0,48,Good,26.4,43.2,1.86,24,14,67,Good,57.7,2069,2.17,Yes,72,Available,66.6,Healthy,387,26,654,228.5,0.94,Grid,Yes,Stable,Fraud,Medium,Resolved,Yes,31,PS-12,Offline,High Risk,Police,4
828,2026-01-09 15:00:00,12.942138,77.56414,West,Bengaluru,9,1,2026,15,R-567,154,63,Bike,Low,Dry,Red,Low,Fog,25.4,71.5,4875,23.7,6.6,68,Moderate,37.4,61.2,1.68,24,5,10,Moderate,92.1,3718,5.61,No,87,Limited,42.5,Healthy,467,44,442,235.5,1,Grid,Yes,Maintenance,Fraud,Critical,Investigating,Yes,16,PS-8,Offline,Low Risk,Ambulance,2
829,2026-01-09 15:15:00,12.974756,77.627452,East,Bengaluru,9,1,2026,15,R-183,88,66,Truck,Low,Wet,Yellow,Low,Fog,33.4,84.8,5765,12.4,6.7,52,Moderate,28.6,46.8,0.51,77,12,14,Moderate,52.8,2247,3.58,No,83,Limited,77.7,Leak Detected,294,51,350,222.9,0.9,Grid,Yes,Maintenance,Robbery,High,Investigating,Yes,25,PS-4,Active,High Risk,Ambulance,2
830,2026-01-09 15:30:00,13.005745,77.545883,West,Bengaluru,9,1,2026,15,R-307,225,59,Bike,Medium,Dry,Yellow,Medium,Storm,28.7,78.6,6733,12.6,19.2,56,Moderate,30.8,50.4,1.95,10,23,79,Moderate,92.7,1779,3.62,No,77,Limited,95.7,Healthy,702,24,524,235.7,0.9,Hybrid,No,Stable,Robbery,Low,Open,No,15,PS-18,Maintenance,Low Risk,Ambulance,5
831,2026-01-09 15:45:00,12.992711,77.645496,East,Bengaluru,9,1,2026,15,R-489,320,54,Car,Medium,Wet,Yellow,Medium,Clear,30.5,58.7,3904,20.1,0,80,Moderate,44,72,1.24,40,35,40,Moderate,46.6,1366,5.92,No,93,Limited,93.5,Healthy,663,53,850,223.8,0.97,Grid,No,Stable,Fraud,Critical,Resolved,No,6,PS-17,Maintenance,High Risk,Fire,3
832,2026-01-09 16:00:00,13.002673,77.638229,East,Bengaluru,9,1,2026,16,R-990,102,65,Bus,Low,Dry,Red,Low,Storm,26.7,50.1,7888,14.2,1.8,40,Good,22,36,1.25,58,32,57,Good,45.4,2937,3.57,Yes,85,Limited,65.5,Healthy,482,22,649,233.2,0.92,Grid,Yes,Maintenance,Robbery,Low,Open,No,37,PS-1,Maintenance,Low Risk,Police,5
833,2026-01-09 16:15:00,12.984022,77.520881,East,Bengaluru,9,1,2026,16,R-964,192,61,Car,Low,Under Maintenance,Green,Low,Storm,31.2,42.4,8146,9.9,6.3,48,Good,26.4,43.2,1.61,31,21,13,Good,63.3,4583,3.86,No,97,Limited,87.1,Healthy,484,52,679,222.7,0.94,Solar,Yes,Stable,None,High,Resolved,No,24,PS-14,Active,Medium Risk,None,0
834,2026-01-09 16:30:00,12.947923,77.621258,Central,Bengaluru,9,1,2026,16,R-802,183,61,Car,Low,Under Maintenance,Green,Low,Fog,24.1,57.7,7684,27.5,5.7,75,Moderate,41.2,67.5,0.69,61,12,68,Moderate,87.2,2231,3.41,Yes,85,Limited,46.4,Leak Detected,469,48,646,232.8,0.92,Grid,Yes,Stable,Cyber Crime,Critical,Investigating,No,21,PS-17,Offline,Medium Risk,None,4
835,2026-01-09 16:45:00,13.028131,77.608275,Central,Bengaluru,9,1,2026,16,R-782,390,51,Bus,Medium,Under Maintenance,Red,Medium,Rain,26.3,66.9,4054,14.7,23.6,97,Moderate,53.4,87.3,1.19,25,10,54,Moderate,52.7,1095,5.37,Yes,71,Limited,93.5,Leak Detected,867,51,703,223,0.98,Grid,Yes,Maintenance,Robbery,Medium,Open,No,20,PS-2,Active,High Risk,Police,2
836,2026-01-09 17:00:00,12.92468,77.56135,West,Bengaluru,9,1,2026,17,R-643,791,31,Bike,Very High,Under Maintenance,Red,High,Storm,32.1,63.9,2901,10.9,33.9,197,Very Poor,108.4,177.3,0.64,31,6,27,Very Poor,76.7,3067,5.1,No,78,Limited,70.3,Healthy,1036,50,1121,228.1,0.99,Solar,No,Maintenance,Cyber Crime,Low,Resolved,Yes,15,PS-5,Active,High Risk,Ambulance,1
837,2026-01-09 17:15:00,12.95904,77.654906,North,Bengaluru,9,1,2026,17,R-912,625,39,Bike,High,Under Maintenance,Red,High,Storm,25.9,76.1,7913,16,33.6,156,Very Poor,85.8,140.4,1.52,17,15,51,Very Poor,96.2,4854,4.9,Yes,84,Limited,52.2,Healthy,1117,34,983,226,0.93,Hybrid,Yes,Stable,Cyber Crime,Low,Investigating,No,36,PS-12,Active,High Risk,Ambulance,4
838,2026-01-09 17:30:00,12.933468,77.515542,South,Bengaluru,9,1,2026,17,R-489,480,46,Bus,High,Wet,Red,High,Clear,26.9,60.9,8225,20.3,0,120,Poor,66,108,0.67,83,8,62,Poor,73.4,4573,5.91,No,80,Available,64,Leak Detected,746,52,1059,238.3,0.93,Grid,Yes,Stable,Cyber Crime,Low,Resolved,Yes,36,PS-19,Offline,Medium Risk,Ambulance,3
839,2026-01-09 17:45:00,13.037332,77.510223,Central,Bengaluru,9,1,2026,17,R-918,542,43,Car,High,Under Maintenance,Red,High,Rain,34.3,70.7,6007,27.3,25.3,135,Poor,74.2,121.5,0.52,29,29,41,Poor,64.6,3429,2.84,No,95,Available,46,Leak Detected,947,17,888,226,0.94,Grid,Yes,Maintenance,None,High,Investigating,Yes,29,PS-6,Offline,Medium Risk,Fire,0
840,2026-01-09 18:00:00,12.890519,77.538459,North,Bengaluru,9,1,2026,18,R-950,545,43,Bike,High,Wet,Red,High,Storm,25.5,59.5,6809,22.4,6.6,136,Poor,74.8,122.4,0.77,46,5,72,Poor,89.3,1482,5,Yes,91,Limited,53.7,Leak Detected,891,18,1114,238.5,0.98,Hybrid,No,Stable,Theft,Low,Resolved,Yes,20,PS-19,Maintenance,Low Risk,Police,4
841,2026-01-09 18:15:00,12.952589,77.563968,North,Bengaluru,9,1,2026,18,R-365,695,36,Car,High,Under Maintenance,Green,High,Fog,22,48.5,3384,20.8,20,203,Hazardous,111.7,182.7,1.06,59,21,15,Hazardous,93,3564,3.74,Yes,86,Limited,56.2,Healthy,956,27,1167,227.8,0.97,Grid,Yes,Maintenance,None,Low,Resolved,No,25,PS-18,Active,Medium Risk,Police,0
842,2026-01-09 18:30:00,12.977809,77.600531,East,Bengaluru,9,1,2026,18,R-281,741,33,Bus,Very High,Under Maintenance,Green,High,Fog,24.4,80.7,8067,7.9,27.7,215,Hazardous,118.3,193.5,1.54,30,23,44,Hazardous,71.7,3177,2.44,Yes,94,Available,53,Leak Detected,1094,51,1288,223.8,0.91,Solar,No,Maintenance,Fraud,Medium,Open,Yes,15,PS-1,Active,Medium Risk,Fire,1
843,2026-01-09 18:45:00,13.034347,77.613456,East,Bengaluru,9,1,2026,18,R-546,477,47,Truck,High,Wet,Yellow,High,Clear,30.7,67.2,6660,18.6,0,119,Poor,65.5,107.1,1.18,86,8,41,Poor,80.1,4544,5.55,No,100,Available,94.8,Leak Detected,766,55,1022,222.5,0.99,Hybrid,Yes,Stable,Cyber Crime,Low,Investigating,Yes,11,PS-4,Active,Low Risk,Fire,2
844,2026-01-09 19:00:00,12.954423,77.650452,South,Bengaluru,9,1,2026,19,R-341,511,45,Bus,High,Dry,Red,High,Clear,25.5,75.8,1101,23.2,0,127,Poor,69.9,114.3,0.58,42,17,32,Poor,95,4704,5.33,Yes,94,Available,40.6,Healthy,821,30,890,223.2,0.95,Wind,Yes,Maintenance,Robbery,Critical,Resolved,Yes,24,PS-5,Maintenance,High Risk,Ambulance,5
845,2026-01-09 19:15:00,13.003333,77.655593,East,Bengaluru,9,1,2026,19,R-153,784,31,Truck,Very High,Wet,Green,High,Storm,23.1,62.4,3769,9.5,12.4,196,Very Poor,107.8,176.4,1.61,12,12,37,Very Poor,82,3834,5.42,Yes,92,Limited,98,Healthy,1079,44,1104,226.9,0.92,Hybrid,No,Stable,Fraud,Critical,Investigating,Yes,16,PS-16,Offline,High Risk,Ambulance,5
846,2026-01-09 19:30:00,12.925125,77.61521,Central,Bengaluru,9,1,2026,19,R-273,682,36,Bike,High,Wet,Red,High,Fog,24.7,73.5,2363,24.4,18.9,200,Very Poor,110,180,1.54,76,5,71,Very Poor,91.9,1125,3.1,Yes,81,Limited,86.4,Healthy,872,48,1246,232,0.96,Grid,Yes,Maintenance,Theft,Medium,Investigating,Yes,17,PS-11,Active,Medium Risk,None,1
847,2026-01-09 19:45:00,13.047345,77.669466,North,Bengaluru,9,1,2026,19,R-607,577,42,Truck,High,Wet,Green,High,Clear,32.1,67.6,7343,27.6,0,144,Poor,79.2,129.6,1.38,83,24,61,Poor,55.5,3638,3.82,No,92,Limited,47.5,Healthy,848,49,832,236.2,0.99,Hybrid,Yes,Maintenance,Fraud,High,Investigating,No,22,PS-6,Active,Medium Risk,Fire,3
848,2026-01-09 20:00:00,13.003277,77.628799,Central,Bengaluru,9,1,2026,20,R-168,131,64,Bus,Low,Wet,Green,Low,Rain,30.1,50.4,6642,13.9,36.9,40,Good,22,36,1.64,22,5,62,Good,71.4,3606,2.43,Yes,97,Limited,53.8,Leak Detected,590,15,552,234.7,0.93,Wind,Yes,Maintenance,Theft,Medium,Open,Yes,21,PS-5,Offline,High Risk,None,5
849,2026-01-09 20:15:00,13.031363,77.642169,South,Bengaluru,9,1,2026,20,R-321,318,55,Car,Medium,Dry,Red,Medium,Clear,23.1,43.2,7491,26.8,0,79,Moderate,43.5,71.1,1.85,82,29,39,Moderate,63.7,3316,4.7,No,98,Available,97.3,Healthy,504,25,793,235,0.99,Wind,Yes,Maintenance,Theft,Medium,Open,Yes,24,PS-20,Active,Low Risk,Police,1
850,2026-01-09 20:30:00,13.045838,77.518614,West,Bengaluru,9,1,2026,20,R-849,353,53,Bus,Medium,Under Maintenance,Yellow,Medium,Storm,31.4,41.3,2924,25.4,21.8,88,Moderate,48.4,79.2,1.27,12,12,63,Moderate,60.8,3849,4.86,Yes,99,Available,47.7,Healthy,658,19,732,220.5,0.91,Grid,Yes,Maintenance,Theft,Critical,Open,No,40,PS-16,Maintenance,Medium Risk,Ambulance,2
851,2026-01-09 20:45:00,12.987053,77.58652,North,Bengaluru,9,1,2026,20,R-314,112,65,Bike,Low,Dry,Yellow,Low,Fog,24.6,55.6,5059,11.4,29.2,58,Moderate,31.9,52.2,0.88,26,8,15,Moderate,66.8,1343,5.48,Yes,79,Limited,40.1,Healthy,584,33,418,224,0.92,Hybrid,No,Maintenance,Cyber Crime,High,Open,Yes,35,PS-5,Maintenance,High Risk,Ambulance,2
852,2026-01-09 21:00:00,13.010803,77.669284,West,Bengaluru,9,1,2026,21,R-233,385,51,Car,Medium,Wet,Yellow,Medium,Fog,33.1,43.8,5282,25,24.4,126,Poor,69.3,113.4,1.74,84,22,73,Poor,82.9,4518,3.96,No,93,Limited,95.1,Healthy,646,47,880,229.3,0.91,Solar,Yes,Stable,Fraud,Critical,Investigating,Yes,7,PS-9,Maintenance,Medium Risk,Ambulance,1
853,2026-01-09 21:15:00,12.983909,77.561054,Central,Bengaluru,9,1,2026,21,R-519,220,59,Car,Medium,Under Maintenance,Red,Medium,Fog,33.1,81.4,2829,12,22,85,Moderate,46.8,76.5,2.01,13,20,61,Moderate,86.3,1128,2.99,Yes,81,Limited,88.3,Leak Detected,687,27,761,222.1,1,Hybrid,Yes,Maintenance,None,Medium,Open,No,22,PS-10,Maintenance,Low Risk,Ambulance,0
854,2026-01-09 21:30:00,12.902984,77.600167,East,Bengaluru,9,1,2026,21,R-131,378,52,Truck,Medium,Dry,Red,Medium,Rain,26.4,61,4736,5.2,39.1,94,Moderate,51.7,84.6,1.7,19,29,55,Moderate,55.5,3086,2.74,No,81,Limited,83.1,Healthy,872,35,764,225.6,0.98,Grid,No,Maintenance,Fraud,Critical,Resolved,Yes,13,PS-4,Active,High Risk,Police,4
855,2026-01-09 21:45:00,12.893466,77.630975,East,Bengaluru,9,1,2026,21,R-606,151,63,Car,Low,Dry,Green,Low,Clear,26.1,45.3,4633,14.2,0,40,Good,22,36,1.23,11,33,45,Good,50,988,5.81,No,87,Limited,64.5,Healthy,568,41,532,239,0.91,Wind,Yes,Maintenance,Robbery,High,Resolved,Yes,21,PS-19,Maintenance,Medium Risk,None,1
856,2026-01-09 22:00:00,12.970333,77.584592,North,Bengaluru,9,1,2026,22,R-336,138,64,Bike,Low,Dry,Yellow,Low,Clear,28.5,42.4,3336,21.5,0,40,Good,22,36,0.73,13,19,41,Good,52.1,3881,4.64,No,91,Limited,76,Healthy,397,55,417,225.2,1,Grid,No,Maintenance,None,Medium,Resolved,No,15,PS-10,Offline,Low Risk,Fire,0
857,2026-01-09 22:15:00,13.038655,77.618814,North,Bengaluru,9,1,2026,22,R-195,350,53,Truck,Medium,Wet,Green,Medium,Clear,23.9,44.2,3165,28.1,0,87,Moderate,47.9,78.3,1.61,57,8,75,Moderate,86.7,2160,3.85,Yes,98,Limited,43.4,Healthy,638,30,835,225.4,0.97,Solar,No,Maintenance,None,Critical,Resolved,Yes,26,PS-7,Offline,Low Risk,Fire,0
858,2026-01-09 22:30:00,12.909756,77.641459,East,Bengaluru,9,1,2026,22,R-211,126,64,Car,Low,Dry,Red,Low,Rain,33.7,85,6243,8.4,15.8,40,Good,22,36,1.23,41,28,61,Good,79.4,2470,2.21,Yes,81,Available,50.6,Leak Detected,411,25,707,237.3,0.98,Wind,Yes,Maintenance,Theft,Medium,Investigating,No,13,PS-11,Offline,Low Risk,Police,4
859,2026-01-09 22:45:00,12.98134,77.607778,East,Bengaluru,9,1,2026,22,R-852,135,64,Bike,Low,Wet,Red,Low,Fog,23.2,53.8,7775,13.2,9.2,63,Moderate,34.7,56.7,1.75,50,22,29,Moderate,66.3,1842,4.88,No,71,Available,56.2,Leak Detected,301,26,483,222.7,0.93,Hybrid,Yes,Maintenance,Cyber Crime,Low,Investigating,Yes,26,PS-6,Maintenance,High Risk,Police,3
860,2026-01-09 23:00:00,12.897291,77.589532,Central,Bengaluru,9,1,2026,23,R-190,94,66,Truck,Low,Dry,Yellow,Low,Storm,25.6,79.5,3414,27.8,15,40,Good,22,36,0.83,70,20,72,Good,70.6,3136,5.11,No,88,Limited,55.9,Healthy,261,34,562,225.6,0.91,Wind,Yes,Maintenance,Robbery,Medium,Resolved,No,39,PS-14,Active,High Risk,None,3
861,2026-01-09 23:15:00,12.964022,77.546459,Central,Bengaluru,9,1,2026,23,R-460,266,57,Bus,Medium,Under Maintenance,Yellow,Medium,Rain,22.3,45,1993,5.6,34,66,Moderate,36.3,59.4,0.35,30,32,56,Moderate,58.4,3701,4.92,No,71,Available,85.3,Healthy,709,54,629,222.8,0.96,Hybrid,No,Stable,Fraud,Critical,Investigating,Yes,30,PS-5,Offline,High Risk,Police,4
862,2026-01-09 23:30:00,12.999702,77.633816,South,Bengaluru,9,1,2026,23,R-234,231,59,Bus,Medium,Dry,Red,Medium,Rain,33.6,77.5,6673,24.4,12.6,57,Moderate,31.4,51.3,1.58,86,21,77,Moderate,58.7,2990,5.75,No,87,Limited,49.3,Healthy,599,20,736,231.8,0.93,Wind,No,Maintenance,None,High,Investigating,No,27,PS-15,Maintenance,High Risk,Police,0
863,2026-01-09 23:45:00,13.006104,77.588882,East,Bengaluru,9,1,2026,23,R-797,168,62,Bike,Low,Wet,Red,Low,Storm,23.5,51.4,7963,8.6,27.6,42,Good,23.1,37.8,2.01,30,11,36,Good,65.9,1859,3.9,Yes,84,Limited,95.1,Leak Detected,333,32,438,225.6,0.99,Hybrid,No,Stable,Theft,Low,Open,No,19,PS-17,Active,Low Risk,Police,3
864,2026-01-10 00:00:00,12.975104,77.606496,North,Bengaluru,10,1,2026,0,R-588,83,66,Bus,Low,Under Maintenance,Red,Low,Rain,26.7,57.8,7497,28.7,21.5,40,Good,22,36,1.66,27,19,63,Good,71,3035,2.73,Yes,80,Limited,53,Healthy,560,44,432,234.6,0.91,Wind,Yes,Maintenance,Theft,Medium,Open,No,12,PS-2,Active,Low Risk,None,1
865,2026-01-10 00:15:00,12.900834,77.540994,East,Bengaluru,10,1,2026,0,R-813,330,54,Truck,Medium,Under Maintenance,Red,Medium,Storm,33,88.6,8589,25.8,9.4,82,Moderate,45.1,73.8,1.24,56,33,55,Moderate,70.2,1712,5.88,No,75,Available,73.6,Healthy,513,50,812,224.4,0.97,Hybrid,Yes,Maintenance,Theft,Medium,Open,No,33,PS-8,Active,Low Risk,None,2
866,2026-01-10 00:30:00,12.972751,77.518267,South,Bengaluru,10,1,2026,0,R-800,220,59,Truck,Medium,Under Maintenance,Yellow,Medium,Clear,30.5,81.5,6707,5.7,0,55,Moderate,30.3,49.5,0.58,79,27,12,Moderate,45,1281,3.89,Yes,70,Limited,45.1,Healthy,432,48,769,236.9,1,Hybrid,Yes,Stable,Robbery,High,Investigating,No,7,PS-5,Active,Low Risk,Police,3
867,2026-01-10 00:45:00,12.908398,77.567725,Central,Bengaluru,10,1,2026,0,R-130,397,51,Bike,Medium,Dry,Green,Medium,Storm,22.2,86.8,5307,18.5,32,99,Moderate,54.5,89.1,1.94,87,14,18,Moderate,69.6,896,2.68,No,73,Available,96,Healthy,774,47,967,230.9,0.95,Hybrid,No,Maintenance,Robbery,High,Investigating,No,5,PS-19,Offline,High Risk,Police,3
868,2026-01-10 01:00:00,12.988978,77.655397,South,Bengaluru,10,1,2026,1,R-354,251,58,Truck,Medium,Wet,Red,Medium,Clear,26.1,59.7,4648,9.4,0,62,Moderate,34.1,55.8,1.12,53,8,79,Moderate,93.3,3159,5.07,Yes,71,Limited,87.6,Healthy,734,50,639,235.3,0.93,Grid,No,Maintenance,Robbery,Medium,Open,No,29,PS-9,Maintenance,Low Risk,Fire,5
869,2026-01-10 01:15:00,12.958119,77.650611,West,Bengaluru,10,1,2026,1,R-559,183,61,Bus,Low,Dry,Yellow,Low,Fog,29.8,73.9,6505,26.9,17.4,75,Moderate,41.2,67.5,1.27,56,22,50,Moderate,68.7,1417,5.83,Yes,71,Limited,78.7,Leak Detected,567,24,652,225.8,0.91,Wind,Yes,Maintenance,None,High,Open,No,35,PS-2,Active,Low Risk,Fire,0
870,2026-01-10 01:30:00,12.958986,77.552555,Central,Bengaluru,10,1,2026,1,R-634,374,52,Bike,Medium,Wet,Green,Medium,Rain,35.8,61.9,1119,11.8,1.1,93,Moderate,51.2,83.7,0.37,90,23,35,Moderate,65.6,1359,5.21,No,81,Limited,87.2,Healthy,745,52,695,235.1,0.98,Solar,Yes,Maintenance,None,Medium,Resolved,No,12,PS-5,Offline,Medium Risk,None,0
871,2026-01-10 01:45:00,13.026422,77.510778,Central,Bengaluru,10,1,2026,1,R-899,174,62,Bus,Low,Wet,Red,Low,Clear,29.1,68.8,7452,19.7,0,43,Good,23.7,38.7,1,28,27,49,Good,54.6,3981,3.52,Yes,88,Available,92.5,Leak Detected,575,49,532,228.1,0.96,Solar,Yes,Stable,Theft,High,Open,Yes,30,PS-11,Maintenance,Low Risk,Ambulance,5
872,2026-01-10 02:00:00,13.007164,77.595777,Central,Bengaluru,10,1,2026,2,R-795,343,53,Truck,Medium,Under Maintenance,Yellow,Medium,Fog,33.4,41.4,5082,25,17.6,115,Poor,63.3,103.5,0.35,44,35,58,Poor,50.3,3077,5.15,Yes,97,Limited,41.9,Healthy,635,52,633,234.6,0.97,Hybrid,No,Stable,Fraud,Critical,Investigating,No,10,PS-13,Active,High Risk,None,4
873,2026-01-10 02:15:00,13.032726,77.62326,East,Bengaluru,10,1,2026,2,R-952,175,62,Car,Low,Under Maintenance,Yellow,Low,Clear,25.6,58.7,5109,15.9,0,43,Good,23.7,38.7,0.53,29,14,79,Good,83.4,3319,2.27,Yes,85,Limited,92.9,Healthy,453,21,734,230.1,0.95,Wind,Yes,Maintenance,Robbery,Medium,Open,Yes,13,PS-7,Maintenance,Low Risk,Ambulance,1
874,2026-01-10 02:30:00,12.963764,77.641552,South,Bengaluru,10,1,2026,2,R-981,240,58,Bike,Medium,Under Maintenance,Red,Medium,Clear,22.1,75.9,8766,17.8,0,60,Moderate,33,54,2.05,54,18,68,Moderate,94,4756,2.28,No,73,Limited,79,Leak Detected,589,15,641,226.3,0.95,Solar,Yes,Stable,None,Critical,Investigating,No,28,PS-15,Maintenance,Medium Risk,None,0
875,2026-01-10 02:45:00,13.039154,77.640627,West,Bengaluru,10,1,2026,2,R-494,421,49,Truck,Medium,Wet,Yellow,Medium,Storm,35.6,42.3,3890,8.1,20.5,105,Poor,57.8,94.5,1.7,53,32,27,Poor,76.1,3346,3.32,No,99,Available,44.2,Leak Detected,602,33,964,232.5,0.95,Solar,No,Stable,Fraud,Critical,Resolved,No,22,PS-5,Active,Low Risk,None,1
876,2026-01-10 03:00:00,12.956265,77.607172,Central,Bengaluru,10,1,2026,3,R-946,431,49,Truck,Medium,Under Maintenance,Green,Medium,Fog,31,61.6,6616,11.9,3.4,137,Poor,75.4,123.3,1.82,27,14,63,Poor,90.6,4337,2.81,Yes,77,Available,88,Healthy,712,30,709,223.9,0.95,Solar,Yes,Stable,None,Low,Open,Yes,12,PS-17,Offline,High Risk,Police,0
877,2026-01-10 03:15:00,12.970283,77.561741,Central,Bengaluru,10,1,2026,3,R-610,285,56,Bus,Medium,Wet,Green,Medium,Fog,31.8,57.8,5665,14.8,14.4,101,Poor,55.6,90.9,0.83,62,24,68,Poor,94.6,3638,3.82,Yes,80,Available,96.2,Healthy,767,47,768,234.3,0.91,Solar,No,Maintenance,Robbery,Critical,Resolved,No,20,PS-7,Maintenance,High Risk,Fire,5
878,2026-01-10 03:30:00,12.964236,77.595422,South,Bengaluru,10,1,2026,3,R-434,303,55,Truck,Medium,Dry,Red,Medium,Fog,23.7,70.7,5777,29.8,31.2,105,Poor,57.8,94.5,2.04,65,9,43,Poor,90.6,3311,4.54,No,92,Available,75.5,Leak Detected,803,49,698,222.7,0.95,Hybrid,Yes,Maintenance,None,Critical,Open,No,35,PS-19,Maintenance,High Risk,Police,0
879,2026-01-10 03:45:00,12.994797,77.658888,West,Bengaluru,10,1,2026,3,R-932,126,64,Car,Low,Under Maintenance,Green,Low,Clear,31.5,89.8,3562,26.4,0,40,Good,22,36,1.71,26,31,11,Good,55,4520,2.64,Yes,73,Limited,78.2,Healthy,600,32,556,234.6,0.94,Hybrid,No,Maintenance,Theft,Medium,Open,Yes,11,PS-13,Offline,Medium Risk,None,2
880,2026-01-10 04:00:00,12.923942,77.618498,North,Bengaluru,10,1,2026,4,R-634,403,50,Bike,Medium,Wet,Green,Medium,Rain,32.2,59.2,3646,11,22,100,Moderate,55,90,2.11,11,12,16,Moderate,79.1,3371,3.25,No,72,Limited,93.6,Healthy,625,33,923,226,0.98,Hybrid,Yes,Maintenance,Cyber Crime,High,Resolved,Yes,18,PS-8,Active,High Risk,Police,5
881,2026-01-10 04:15:00,12.912354,77.553173,East,Bengaluru,10,1,2026,4,R-906,407,50,Bike,Medium,Dry,Green,Medium,Storm,34.7,40.6,4966,7.4,22.7,101,Poor,55.6,90.9,0.75,52,27,40,Poor,94.8,1858,5.03,No,85,Available,69.4,Leak Detected,732,31,882,228,0.94,Wind,No,Maintenance,None,Medium,Resolved,No,24,PS-18,Active,Medium Risk,None,0
882,2026-01-10 04:30:00,12.955006,77.52692,South,Bengaluru,10,1,2026,4,R-694,129,64,Bike,Low,Under Maintenance,Red,Low,Rain,34.2,70.4,2468,16.6,3,40,Good,22,36,0.56,18,16,17,Good,94.5,1604,2.83,No,96,Available,78.2,Healthy,502,25,620,232.4,0.97,Hybrid,Yes,Maintenance,Fraud,Critical,Resolved,Yes,18,PS-19,Active,Low Risk,Police,2
883,2026-01-10 04:45:00,12.907543,77.667824,East,Bengaluru,10,1,2026,4,R-713,310,55,Bike,Medium,Under Maintenance,Red,Medium,Clear,33,55.8,6471,28,0,77,Moderate,42.4,69.3,2.1,33,7,21,Moderate,67.3,2331,5.93,Yes,96,Limited,91.4,Leak Detected,766,20,583,220.1,0.93,Hybrid,Yes,Maintenance,Cyber Crime,High,Open,No,22,PS-10,Offline,Low Risk,Ambulance,5
884,2026-01-10 05:00:00,12.913577,77.620403,North,Bengaluru,10,1,2026,5,R-746,294,56,Car,Medium,Wet,Red,Medium,Clear,24.1,86,8844,16,0,73,Moderate,40.2,65.7,1.66,40,15,30,Moderate,69.5,1184,5.39,No,99,Limited,80.1,Healthy,472,53,655,223.8,0.98,Solar,Yes,Stable,Robbery,Low,Investigating,Yes,8,PS-14,Active,High Risk,Ambulance,3
885,2026-01-10 05:15:00,13.039092,77.651553,East,Bengaluru,10,1,2026,5,R-512,343,53,Bus,Medium,Under Maintenance,Yellow,Medium,Storm,23.7,48.3,6390,12.7,19,85,Moderate,46.8,76.5,0.35,47,13,63,Moderate,78.8,2604,2.74,No,96,Limited,61.2,Leak Detected,763,33,626,226.7,0.97,Solar,No,Stable,Fraud,Critical,Resolved,No,18,PS-11,Active,High Risk,Fire,1
886,2026-01-10 05:30:00,12.997939,77.567436,Central,Bengaluru,10,1,2026,5,R-469,335,54,Truck,Medium,Wet,Yellow,Medium,Storm,22.2,79.3,6247,28,36.8,83,Moderate,45.7,74.7,0.73,38,19,50,Moderate,53.1,4037,4.95,No,90,Available,45.3,Healthy,579,23,751,221.9,0.93,Hybrid,No,Maintenance,Cyber Crime,Medium,Resolved,Yes,19,PS-16,Offline,Medium Risk,Police,3
887,2026-01-10 05:45:00,13.039714,77.559102,North,Bengaluru,10,1,2026,5,R-289,115,65,Truck,Low,Dry,Red,Low,Fog,23.1,79.5,2271,9.5,22.8,58,Moderate,31.9,52.2,0.53,89,29,35,Moderate,64.2,2017,3.25,Yes,89,Available,50,Leak Detected,281,20,709,233.3,0.99,Wind,Yes,Maintenance,Theft,Low,Resolved,No,26,PS-7,Maintenance,Low Risk,None,5
888,2026-01-10 06:00:00,12.95446,77.619926,North,Bengaluru,10,1,2026,6,R-151,188,61,Truck,Low,Under Maintenance,Green,Low,Fog,26.3,60,4212,14.4,13,77,Moderate,42.4,69.3,1.37,65,34,10,Moderate,81,3333,2.84,No,86,Available,92.7,Leak Detected,346,48,605,226.7,0.92,Wind,Yes,Maintenance,Fraud,Medium,Resolved,No,14,PS-7,Active,Medium Risk,None,2
889,2026-01-10 06:15:00,13.004854,77.651115,Central,Bengaluru,10,1,2026,6,R-939,329,54,Bike,Medium,Wet,Green,Medium,Rain,32.2,53.5,2448,9.8,27.2,82,Moderate,45.1,73.8,0.76,42,33,65,Moderate,67.1,1663,2.18,Yes,99,Limited,76,Leak Detected,523,49,603,239.6,0.99,Wind,Yes,Maintenance,Robbery,Critical,Investigating,Yes,22,PS-9,Maintenance,Medium Risk,Police,2
890,2026-01-10 06:30:00,12.973223,77.578359,East,Bengaluru,10,1,2026,6,R-527,428,49,Car,Medium,Dry,Red,Medium,Fog,26.2,42.4,5599,29.4,9.9,137,Poor,75.4,123.3,1.55,22,22,41,Poor,73.9,1793,3.58,Yes,78,Limited,65.2,Healthy,647,28,930,239.3,0.96,Solar,Yes,Stable,None,Medium,Open,Yes,9,PS-13,Active,Low Risk,Fire,0
891,2026-01-10 06:45:00,12.990349,77.548474,North,Bengaluru,10,1,2026,6,R-472,172,62,Bike,Low,Dry,Green,Low,Clear,35,52.1,7766,14.9,0,43,Good,23.7,38.7,1.74,37,26,18,Good,60.4,839,4.37,Yes,72,Available,69.1,Healthy,447,22,703,231.9,0.94,Solar,Yes,Stable,None,Medium,Investigating,No,6,PS-8,Active,High Risk,None,0
892,2026-01-10 07:00:00,13.034648,77.621598,North,Bengaluru,10,1,2026,7,R-107,328,54,Car,Medium,Under Maintenance,Green,Medium,Fog,31.2,71.9,7158,23.7,38.1,112,Poor,61.6,100.8,1.01,53,31,37,Poor,88.5,2226,5.76,No,86,Available,55.4,Healthy,739,45,636,227.5,0.91,Hybrid,No,Maintenance,Fraud,Critical,Investigating,Yes,12,PS-15,Maintenance,Low Risk,None,1
893,2026-01-10 07:15:00,12.975286,77.53982,North,Bengaluru,10,1,2026,7,R-964,148,63,Bus,Low,Dry,Green,Low,Storm,30.7,72.8,7002,23,1.4,40,Good,22,36,1.95,35,14,24,Good,54.5,2478,2.67,No,91,Available,41.5,Healthy,389,31,436,230.9,0.91,Hybrid,Yes,Maintenance,Theft,Critical,Open,No,14,PS-2,Active,Low Risk,Ambulance,1
894,2026-01-10 07:30:00,12.98024,77.626087,South,Bengaluru,10,1,2026,7,R-641,130,64,Bike,Low,Dry,Yellow,Low,Storm,28.9,41.3,7138,23.9,16.6,40,Good,22,36,1.26,24,30,65,Good,97.3,4636,5.18,No,93,Available,97.2,Healthy,371,35,429,226.7,0.95,Hybrid,Yes,Maintenance,Fraud,Critical,Open,Yes,15,PS-6,Active,High Risk,Fire,1
895,2026-01-10 07:45:00,12.992515,77.513705,North,Bengaluru,10,1,2026,7,R-469,327,54,Bike,Medium,Dry,Red,Medium,Fog,29.3,79,1496,21.6,2.1,111,Poor,61.1,99.9,0.91,50,5,77,Poor,58.8,3420,2.66,No,83,Limited,66.8,Healthy,731,47,705,228.7,0.96,Grid,Yes,Stable,Theft,Low,Investigating,No,30,PS-9,Maintenance,Medium Risk,Police,3
896,2026-01-10 08:00:00,12.942428,77.653328,North,Bengaluru,10,1,2026,8,R-609,878,27,Bike,Very High,Wet,Green,High,Rain,28.4,69.7,4626,11.1,29.3,219,Hazardous,120.5,197.1,1.34,82,5,25,Hazardous,89.9,2735,2.52,No,73,Available,85.1,Healthy,1126,31,1142,228.5,0.92,Wind,Yes,Stable,Robbery,Low,Resolved,Yes,16,PS-10,Active,Medium Risk,Fire,1
897,2026-01-10 08:15:00,13.026938,77.585939,North,Bengaluru,10,1,2026,8,R-836,433,49,Car,Medium,Wet,Green,Medium,Storm,31.4,53.6,3880,28.5,34.5,108,Poor,59.4,97.2,1.38,75,22,61,Poor,95.5,1533,2.65,No,96,Available,66.9,Healthy,740,55,835,230.9,0.91,Solar,Yes,Stable,Robbery,Low,Open,No,26,PS-14,Offline,High Risk,None,4
898,2026-01-10 08:30:00,12.983515,77.564132,East,Bengaluru,10,1,2026,8,R-678,624,39,Truck,High,Under Maintenance,Green,High,Storm,23.4,42,2255,24.8,18.5,156,Very Poor,85.8,140.4,0.88,19,34,71,Very Poor,91.1,4623,5.03,Yes,74,Available,79.9,Healthy,902,37,991,226.1,0.95,Solar,No,Maintenance,None,Medium,Resolved,Yes,14,PS-2,Maintenance,Medium Risk,Ambulance,0
899,2026-01-10 08:45:00,12.980245,77.585888,South,Bengaluru,10,1,2026,8,R-469,672,37,Truck,High,Dry,Yellow,High,Fog,35.4,71,8179,28.7,9.4,198,Very Poor,108.9,178.2,1.68,70,33,12,Very Poor,53.7,2888,2.12,Yes,88,Limited,80,Healthy,1132,48,1079,235.3,0.93,Hybrid,No,Stable,Cyber Crime,Critical,Open,Yes,25,PS-13,Maintenance,Medium Risk,Ambulance,2
900,2026-01-10 09:00:00,13.007287,77.576609,West,Bengaluru,10,1,2026,9,R-514,708,35,Bike,Very High,Dry,Yellow,High,Clear,25.5,88.7,8098,10.6,0,177,Very Poor,97.4,159.3,0.75,49,33,10,Very Poor,94.8,2094,2.23,Yes,83,Limited,51.7,Leak Detected,888,22,1092,233.8,0.91,Hybrid,No,Stable,Cyber Crime,High,Investigating,No,16,PS-14,Active,Medium Risk,Ambulance,5
901,2026-01-10 09:15:00,13.031903,77.541193,West,Bengaluru,10,1,2026,9,R-132,684,36,Bus,High,Wet,Yellow,High,Storm,27.1,80,1960,23.5,35.5,171,Very Poor,94.1,153.9,2.09,36,13,47,Very Poor,94.5,1488,2.31,No,80,Limited,93.4,Leak Detected,984,51,1104,229.6,0.93,Grid,No,Stable,Theft,High,Resolved,Yes,37,PS-4,Offline,Low Risk,Ambulance,5
902,2026-01-10 09:30:00,12.933698,77.588579,Central,Bengaluru,10,1,2026,9,R-277,456,48,Bus,High,Under Maintenance,Yellow,High,Clear,26,69.3,8196,17.5,0,114,Poor,62.7,102.6,1.14,42,19,36,Poor,62.1,4861,3.5,Yes,81,Available,91.2,Healthy,843,35,767,225.2,1,Grid,Yes,Maintenance,Fraud,Critical,Investigating,Yes,20,PS-2,Offline,Medium Risk,Ambulance,3
903,2026-01-10 09:45:00,12.894114,77.590508,South,Bengaluru,10,1,2026,9,R-357,566,42,Truck,High,Wet,Green,High,Rain,32.4,66.8,6575,25.6,16,141,Poor,77.6,126.9,0.62,36,28,16,Poor,97.4,1381,5.68,No,70,Limited,65.2,Leak Detected,774,16,1009,236.2,0.96,Wind,Yes,Maintenance,None,High,Investigating,Yes,14,PS-3,Maintenance,Medium Risk,Police,0
904,2026-01-10 10:00:00,12.957959,77.645921,East,Bengaluru,10,1,2026,10,R-548,597,41,Car,High,Wet,Red,High,Fog,22.1,45.4,2349,13,6.4,179,Very Poor,98.5,161.1,2.18,20,18,15,Very Poor,45.1,2883,5.05,Yes,99,Limited,49.9,Leak Detected,1008,29,1174,222.7,0.99,Grid,No,Stable,None,High,Investigating,No,14,PS-12,Active,Medium Risk,None,0
905,2026-01-10 10:15:00,12.986722,77.611864,West,Bengaluru,10,1,2026,10,R-617,790,31,Bus,Very High,Dry,Green,High,Storm,35,72.4,3342,7.1,33.7,197,Very Poor,108.4,177.3,0.56,60,5,70,Very Poor,56.8,4800,2.68,No,72,Limited,74.7,Healthy,1205,35,1346,234.2,0.96,Wind,No,Maintenance,Cyber Crime,Critical,Open,No,37,PS-6,Maintenance,Low Risk,Police,3
906,2026-01-10 10:30:00,12.981965,77.615612,Central,Bengaluru,10,1,2026,10,R-756,560,42,Bike,High,Wet,Yellow,High,Storm,28.1,63.5,6897,20.6,2.6,140,Poor,77,126,1.41,87,13,78,Poor,50.5,836,5.09,Yes,88,Available,98.5,Leak Detected,932,16,878,230.6,0.98,Wind,No,Maintenance,Fraud,Low,Investigating,No,18,PS-12,Offline,High Risk,None,4
907,2026-01-10 10:45:00,13.025242,77.637552,North,Bengaluru,10,1,2026,10,R-158,408,50,Car,Medium,Under Maintenance,Yellow,Medium,Storm,23.8,48.3,2120,14.5,33.7,102,Poor,56.1,91.8,0.84,23,21,12,Poor,91.5,1870,5.42,No,88,Limited,43.7,Leak Detected,868,55,777,226.4,0.94,Hybrid,Yes,Maintenance,Robbery,Medium,Resolved,No,26,PS-2,Offline,High Risk,None,3
908,2026-01-10 11:00:00,12.967735,77.647554,Central,Bengaluru,10,1,2026,11,R-931,245,58,Bus,Medium,Under Maintenance,Red,Medium,Storm,24.2,43.8,2397,28.6,37.6,61,Moderate,33.6,54.9,1.71,47,18,68,Moderate,87,1220,2.33,No,95,Limited,86.4,Healthy,640,52,819,238.2,0.96,Wind,No,Stable,Theft,Medium,Investigating,No,36,PS-9,Maintenance,High Risk,Police,2
909,2026-01-10 11:15:00,12.944307,77.516088,North,Bengaluru,10,1,2026,11,R-160,110,65,Bus,Low,Dry,Yellow,Low,Rain,30,44.1,2055,12.1,17.2,40,Good,22,36,1.71,70,33,50,Good,56.7,3591,2.28,Yes,91,Limited,62.5,Healthy,430,25,674,225.7,0.91,Solar,No,Stable,Cyber Crime,Low,Resolved,Yes,37,PS-12,Active,Low Risk,None,2
910,2026-01-10 11:30:00,12.902197,77.594354,West,Bengaluru,10,1,2026,11,R-638,184,61,Truck,Low,Dry,Yellow,Low,Fog,24,49,4132,27.5,39.9,76,Moderate,41.8,68.4,2,34,26,37,Moderate,81.7,1136,3.15,Yes,85,Available,88.3,Leak Detected,358,30,537,239.7,0.97,Solar,Yes,Maintenance,Fraud,High,Resolved,Yes,38,PS-10,Active,Medium Risk,None,1
911,2026-01-10 11:45:00,12.990874,77.656885,North,Bengaluru,10,1,2026,11,R-327,420,49,Truck,Medium,Under Maintenance,Red,Medium,Rain,22.7,47.9,8442,6.7,23.6,105,Poor,57.8,94.5,2.07,72,28,62,Poor,71.4,4549,5.13,No,77,Limited,60.5,Leak Detected,763,34,852,227,0.93,Grid,Yes,Maintenance,None,Low,Investigating,No,21,PS-7,Offline,High Risk,Police,0
912,2026-01-10 12:00:00,12.951091,77.542691,East,Bengaluru,10,1,2026,12,R-480,135,64,Bike,Low,Dry,Green,Low,Clear,29.5,76.6,2108,9.8,0,40,Good,22,36,0.77,20,11,56,Good,81,1372,3.25,No,80,Available,67.9,Healthy,477,31,393,228.6,0.98,Wind,Yes,Maintenance,Theft,Critical,Resolved,Yes,25,PS-4,Maintenance,Medium Risk,Fire,5
913,2026-01-10 12:15:00,12.907178,77.659802,West,Bengaluru,10,1,2026,12,R-392,324,54,Bike,Medium,Under Maintenance,Yellow,Medium,Storm,31.3,62.7,8198,25.9,23.6,81,Moderate,44.6,72.9,0.77,32,23,46,Moderate,47.8,3480,5.3,Yes,81,Available,80,Healthy,591,38,833,232.4,0.95,Grid,Yes,Maintenance,Theft,Medium,Investigating,No,38,PS-18,Maintenance,Low Risk,Fire,5
914,2026-01-10 12:30:00,12.998592,77.56341,Central,Bengaluru,10,1,2026,12,R-168,263,57,Bus,Medium,Wet,Yellow,Medium,Clear,31.2,54.7,3445,15.8,0,65,Moderate,35.8,58.5,1.76,28,12,10,Moderate,46.6,1394,5.87,Yes,79,Available,98.7,Leak Detected,666,49,700,226.6,0.95,Grid,Yes,Maintenance,Fraud,Critical,Investigating,No,7,PS-4,Maintenance,Medium Risk,None,4
915,2026-01-10 12:45:00,12.968415,77.631403,East,Bengaluru,10,1,2026,12,R-145,102,65,Bike,Low,Under Maintenance,Red,Low,Rain,22.4,79.9,3536,21.7,19,40,Good,22,36,2.01,14,31,73,Good,57.8,4268,2.17,Yes,73,Limited,45.9,Leak Detected,258,46,652,232.4,0.98,Grid,No,Maintenance,Fraud,High,Resolved,No,16,PS-16,Offline,Medium Risk,Ambulance,5
916,2026-01-10 13:00:00,13.011645,77.630711,West,Bengaluru,10,1,2026,13,R-803,444,48,Bus,Medium,Dry,Yellow,Medium,Rain,31.5,61.1,8245,14.8,37.5,111,Poor,61.1,99.9,0.43,55,28,69,Poor,50.8,3463,3.46,No,91,Limited,44.9,Leak Detected,806,50,992,237.8,1,Solar,No,Stable,Theft,Critical,Resolved,No,5,PS-11,Maintenance,Medium Risk,Fire,1
917,2026-01-10 13:15:00,13.028179,77.52148,South,Bengaluru,10,1,2026,13,R-701,436,49,Bus,Medium,Wet,Green,Medium,Storm,24.6,53,4042,28.3,20.9,109,Poor,60,98.1,1.01,87,17,18,Poor,76.5,1467,5.8,No,98,Limited,90.7,Leak Detected,871,39,982,229.7,0.93,Wind,No,Stable,None,Low,Investigating,No,19,PS-2,Offline,Low Risk,None,0
918,2026-01-10 13:30:00,13.003379,77.572189,South,Bengaluru,10,1,2026,13,R-284,401,50,Bus,Medium,Under Maintenance,Red,Medium,Clear,23.1,52.5,2925,5.1,0,100,Moderate,55,90,0.53,71,14,61,Moderate,76.1,881,2.44,No,76,Available,85.2,Healthy,843,47,868,224.9,1,Grid,No,Maintenance,Robbery,Medium,Resolved,Yes,31,PS-5,Active,Low Risk,Police,4
919,2026-01-10 13:45:00,12.965272,77.612588,East,Bengaluru,10,1,2026,13,R-602,176,62,Truck,Low,Wet,Yellow,Low,Fog,30.7,54.5,7277,20.2,13.1,74,Moderate,40.7,66.6,0.42,48,33,11,Moderate,89.4,1089,2.87,Yes,85,Available,41.1,Healthy,483,48,515,234.2,0.93,Wind,Yes,Maintenance,Fraud,Medium,Investigating,Yes,26,PS-14,Active,Low Risk,Ambulance,1
920,2026-01-10 14:00:00,13.027112,77.617616,Central,Bengaluru,10,1,2026,14,R-437,204,60,Truck,Medium,Dry,Red,Medium,Clear,22.9,56.7,8524,21.2,0,51,Moderate,28.1,45.9,1.56,18,27,23,Moderate,50,2140,4.01,Yes,84,Limited,87.7,Healthy,461,55,654,228.5,0.94,Wind,No,Maintenance,Fraud,Medium,Investigating,Yes,20,PS-6,Offline,Medium Risk,Fire,3
921,2026-01-10 14:15:00,13.046348,77.588614,North,Bengaluru,10,1,2026,14,R-834,85,66,Bike,Low,Under Maintenance,Red,Low,Rain,30.4,89.4,1252,25.8,20.1,40,Good,22,36,0.72,35,26,23,Good,80,2072,4.84,No,74,Limited,97.2,Leak Detected,447,43,385,231.6,0.93,Solar,Yes,Maintenance,Theft,Critical,Investigating,No,40,PS-2,Offline,Low Risk,Ambulance,4
922,2026-01-10 14:30:00,13.025874,77.609614,Central,Bengaluru,10,1,2026,14,R-718,248,58,Car,Medium,Under Maintenance,Yellow,Medium,Rain,24.2,76.2,8833,17.6,20.8,62,Moderate,34.1,55.8,2.01,10,34,19,Moderate,62.4,3065,4.35,No,85,Limited,56.1,Healthy,523,40,541,228.2,0.94,Wind,No,Stable,Robbery,Medium,Open,No,11,PS-19,Maintenance,Medium Risk,Fire,5
923,2026-01-10 14:45:00,12.980036,77.599904,East,Bengaluru,10,1,2026,14,R-694,421,49,Bus,Medium,Dry,Red,Medium,Clear,33.9,80.7,7064,26.5,0,105,Poor,57.8,94.5,1.17,62,32,60,Poor,49.1,2747,5.67,No,80,Limited,41,Healthy,869,20,859,231.9,0.97,Wind,Yes,Stable,Theft,Medium,Investigating,No,17,PS-13,Active,Low Risk,Fire,1
924,2026-01-10 15:00:00,12.956411,77.526972,East,Bengaluru,10,1,2026,15,R-787,158,63,Bike,Low,Wet,Green,Low,Storm,31.9,64.6,1340,29.9,18.1,40,Good,22,36,0.3,27,5,38,Good,94.1,2558,4.2,Yes,100,Available,49.5,Leak Detected,510,45,627,239.6,0.94,Grid,Yes,Maintenance,None,Medium,Resolved,No,37,PS-8,Offline,Medium Risk,None,0
925,2026-01-10 15:15:00,12.992496,77.602689,North,Bengaluru,10,1,2026,15,R-455,327,54,Truck,Medium,Under Maintenance,Yellow,Medium,Clear,28.9,54.4,8061,26.2,0,81,Moderate,44.6,72.9,1.42,72,20,14,Moderate,61.8,4003,5.27,Yes,89,Available,44.6,Leak Detected,782,15,879,238.9,1,Hybrid,No,Maintenance,Fraud,Medium,Investigating,Yes,27,PS-17,Maintenance,Medium Risk,Police,1
926,2026-01-10 15:30:00,13.046963,77.531856,Central,Bengaluru,10,1,2026,15,R-920,162,62,Bike,Low,Wet,Yellow,Low,Fog,23.8,53.6,5057,24.4,35.9,70,Moderate,38.5,63,1.6,82,15,76,Moderate,47.7,915,5.4,No,82,Available,89.9,Leak Detected,318,17,425,221.4,0.96,Grid,Yes,Maintenance,Theft,Medium,Investigating,No,21,PS-13,Offline,High Risk,Ambulance,3
927,2026-01-10 15:45:00,13.025128,77.630518,South,Bengaluru,10,1,2026,15,R-939,334,54,Car,Medium,Under Maintenance,Red,Medium,Fog,25.9,50.5,5705,18.3,37.9,113,Poor,62.2,101.7,1.02,18,21,38,Poor,52.6,2447,5.84,No,79,Available,96,Leak Detected,819,26,767,232.6,0.91,Grid,Yes,Maintenance,Theft,High,Investigating,Yes,23,PS-6,Maintenance,High Risk,Fire,1
928,2026-01-10 16:00:00,12.961757,77.609977,Central,Bengaluru,10,1,2026,16,R-137,172,62,Bike,Low,Dry,Green,Low,Fog,29.8,75.5,6565,15.5,19.3,73,Moderate,40.2,65.7,1.92,14,25,59,Moderate,89.1,3422,5.59,Yes,98,Available,86.9,Leak Detected,330,28,710,232.2,1,Solar,No,Maintenance,Cyber Crime,High,Investigating,Yes,6,PS-17,Active,High Risk,Ambulance,4
929,2026-01-10 16:15:00,12.996321,77.611382,West,Bengaluru,10,1,2026,16,R-822,202,60,Car,Medium,Dry,Yellow,Medium,Rain,32.5,52.1,2366,26.9,19.4,50,Good,27.5,45,0.96,49,22,20,Good,74.2,1760,2.89,Yes,72,Limited,70.6,Healthy,526,43,681,228.1,0.95,Grid,Yes,Stable,Cyber Crime,Low,Open,Yes,14,PS-17,Offline,Medium Risk,None,3
930,2026-01-10 16:30:00,12.989879,77.655303,South,Bengaluru,10,1,2026,16,R-795,97,66,Car,Low,Dry,Yellow,Low,Fog,22.2,61.9,5340,17.1,24.2,54,Moderate,29.7,48.6,1.52,44,29,70,Moderate,80.1,2233,3.51,No,94,Limited,43.8,Leak Detected,391,51,559,229.5,0.93,Hybrid,Yes,Maintenance,Cyber Crime,High,Open,No,27,PS-6,Offline,Medium Risk,Fire,3
931,2026-01-10 16:45:00,12.912319,77.577082,Central,Bengaluru,10,1,2026,16,R-687,427,49,Car,Medium,Under Maintenance,Green,Medium,Rain,33.4,58.3,1853,24,5,106,Poor,58.3,95.4,0.51,65,20,41,Poor,86.7,3620,2.3,No,83,Limited,84.2,Leak Detected,595,38,707,233.2,0.98,Grid,Yes,Stable,Robbery,Low,Investigating,Yes,21,PS-14,Offline,High Risk,Police,2
932,2026-01-10 17:00:00,12.971463,77.578532,South,Bengaluru,10,1,2026,17,R-740,788,31,Bus,Very High,Under Maintenance,Red,High,Storm,34.6,58.8,6637,11,9.1,197,Very Poor,108.4,177.3,1.33,29,12,48,Very Poor,78.1,3745,2.55,No,84,Available,60.3,Leak Detected,1110,45,1309,238.8,0.96,Wind,Yes,Stable,Robbery,Medium,Open,No,14,PS-15,Active,Medium Risk,Police,5
933,2026-01-10 17:15:00,13.004441,77.620083,West,Bengaluru,10,1,2026,17,R-693,782,31,Truck,Very High,Under Maintenance,Yellow,High,Storm,28.7,76.2,2473,28.8,39.9,195,Very Poor,107.3,175.5,1.5,13,11,54,Very Poor,79.5,3086,3.88,No,94,Available,64.8,Healthy,1224,27,1094,235.9,0.92,Hybrid,Yes,Stable,Theft,Medium,Open,Yes,30,PS-6,Offline,Low Risk,Fire,1
934,2026-01-10 17:30:00,12.944676,77.554513,Central,Bengaluru,10,1,2026,17,R-727,866,27,Bike,Very High,Wet,Red,High,Fog,34.6,84.4,8506,11,11.2,246,Hazardous,135.3,221.4,0.31,39,16,61,Hazardous,56.9,2463,5.62,Yes,86,Available,65.9,Healthy,1183,34,1429,220.2,1,Wind,No,Maintenance,Robbery,Low,Resolved,No,13,PS-3,Active,Low Risk,Fire,1
935,2026-01-10 17:45:00,13.026069,77.575245,Central,Bengaluru,10,1,2026,17,R-421,668,37,Truck,High,Wet,Red,High,Storm,24.9,61.9,1414,22.1,21.4,167,Very Poor,91.9,150.3,1.96,78,10,36,Very Poor,46.1,2192,5.4,No,75,Limited,63.7,Healthy,1019,28,957,227.9,0.92,Hybrid,No,Stable,Theft,Low,Resolved,Yes,30,PS-5,Maintenance,Low Risk,Ambulance,2
936,2026-01-10 18:00:00,12.987386,77.592491,East,Bengaluru,10,1,2026,18,R-901,758,33,Truck,Very High,Wet,Red,High,Storm,23.1,44.5,7611,30,10.9,189,Very Poor,104,170.1,1.54,38,32,14,Very Poor,57.1,1578,2.24,Yes,82,Limited,54.1,Leak Detected,1128,26,1081,230.5,0.94,Hybrid,No,Stable,Robbery,High,Open,No,34,PS-20,Offline,Low Risk,Ambulance,5
937,2026-01-10 18:15:00,12.991417,77.591832,Central,Bengaluru,10,1,2026,18,R-537,580,41,Car,High,Dry,Yellow,High,Clear,32.2,78.7,7123,6.1,0,145,Poor,79.8,130.5,1.55,17,10,59,Poor,92.2,3226,3.68,Yes,90,Available,66.5,Leak Detected,832,47,1154,232.5,0.99,Wind,Yes,Maintenance,None,High,Open,Yes,31,PS-13,Maintenance,Medium Risk,Fire,0
938,2026-01-10 18:30:00,13.025739,77.5336,North,Bengaluru,10,1,2026,18,R-540,563,42,Bus,High,Dry,Green,High,Storm,34.8,53.7,8347,10.3,21.5,140,Poor,77,126,0.67,44,28,42,Poor,89.9,914,3.84,Yes,90,Available,81.2,Healthy,1028,48,1004,220.5,0.92,Grid,No,Stable,Theft,Critical,Resolved,No,11,PS-9,Maintenance,Medium Risk,Ambulance,2
939,2026-01-10 18:45:00,12.969939,77.522893,West,Bengaluru,10,1,2026,18,R-688,736,34,Bus,Very High,Wet,Yellow,High,Rain,32.3,43.3,5611,28,34.8,184,Very Poor,101.2,165.6,1.62,47,29,32,Very Poor,53.3,2273,4.03,Yes,81,Available,42.9,Leak Detected,957,22,1211,237.5,0.95,Grid,Yes,Maintenance,None,Critical,Open,No,7,PS-11,Active,Medium Risk,Ambulance,0
940,2026-01-10 19:00:00,13.009974,77.606023,South,Bengaluru,10,1,2026,19,R-715,764,32,Bus,Very High,Dry,Green,High,Rain,25.5,88.2,7147,9.2,2.8,191,Very Poor,105.1,171.9,1.74,72,13,60,Very Poor,88.1,2763,4.24,No,79,Available,85.5,Healthy,1160,40,1195,225.1,0.96,Hybrid,Yes,Maintenance,Robbery,Low,Open,Yes,6,PS-17,Offline,High Risk,Fire,1
941,2026-01-10 19:15:00,13.022718,77.604525,North,Bengaluru,10,1,2026,19,R-627,547,43,Bus,High,Dry,Yellow,High,Storm,35.6,77.7,3231,28.4,20.9,136,Poor,74.8,122.4,1.24,23,15,13,Poor,89.3,1765,4.23,Yes,84,Limited,50.2,Healthy,1011,18,1044,225.1,0.93,Solar,Yes,Stable,Theft,Critical,Open,No,21,PS-1,Active,Low Risk,Fire,3
942,2026-01-10 19:30:00,12.95338,77.617873,West,Bengaluru,10,1,2026,19,R-872,601,40,Bike,High,Wet,Yellow,High,Fog,32.9,69.9,4316,14.4,1.2,180,Very Poor,99,162,0.56,60,17,17,Very Poor,85.7,4649,3.05,Yes,70,Available,72.6,Healthy,974,48,1155,224.2,0.96,Hybrid,Yes,Maintenance,Cyber Crime,Low,Resolved,Yes,20,PS-12,Active,Medium Risk,Police,2
943,2026-01-10 19:45:00,13.045884,77.569755,West,Bengaluru,10,1,2026,19,R-528,602,40,Bus,High,Under Maintenance,Green,High,Fog,25,77,4500,9.9,19.3,180,Very Poor,99,162,0.43,50,9,43,Very Poor,89.2,1349,2.99,Yes,85,Limited,93.2,Healthy,1064,47,969,235.1,0.92,Solar,No,Stable,Fraud,High,Open,No,7,PS-17,Maintenance,High Risk,Fire,2
944,2026-01-10 20:00:00,12.936445,77.648412,North,Bengaluru,10,1,2026,20,R-186,172,62,Bus,Low,Under Maintenance,Red,Low,Storm,28.8,76,4729,29.5,11.6,43,Good,23.7,38.7,1.23,67,32,69,Good,47,1126,4.3,No,84,Available,76.2,Leak Detected,521,36,716,229.6,0.95,Wind,Yes,Stable,Theft,Medium,Investigating,No,6,PS-11,Offline,Low Risk,None,5
945,2026-01-10 20:15:00,12.973022,77.629331,East,Bengaluru,10,1,2026,20,R-929,377,52,Car,Medium,Under Maintenance,Red,Medium,Clear,29,84.2,4516,20.6,0,94,Moderate,51.7,84.6,0.83,37,6,70,Moderate,90.3,2123,5.22,No,91,Limited,88.1,Leak Detected,822,52,678,227.7,0.95,Solar,Yes,Maintenance,None,Medium,Resolved,Yes,12,PS-2,Offline,High Risk,Fire,0
946,2026-01-10 20:30:00,13.039287,77.52766,South,Bengaluru,10,1,2026,20,R-494,305,55,Bus,Medium,Wet,Red,Medium,Storm,24.2,81.6,5532,29.2,33.8,76,Moderate,41.8,68.4,1.42,25,10,72,Moderate,85.2,4968,3.47,Yes,78,Available,77.5,Leak Detected,468,55,826,225.8,0.97,Hybrid,No,Maintenance,Fraud,Medium,Resolved,Yes,8,PS-9,Active,Medium Risk,None,2
947,2026-01-10 20:45:00,12.980478,77.665351,North,Bengaluru,10,1,2026,20,R-604,143,63,Car,Low,Wet,Red,Low,Fog,33.7,52.8,6816,28,4.7,65,Moderate,35.8,58.5,1.72,10,5,17,Moderate,84.6,3026,2.14,No,81,Limited,42.7,Healthy,355,18,609,226.2,0.98,Wind,No,Stable,Robbery,Critical,Investigating,Yes,16,PS-18,Maintenance,High Risk,Fire,3
948,2026-01-10 21:00:00,13.008823,77.55138,Central,Bengaluru,10,1,2026,21,R-828,158,63,Truck,Low,Under Maintenance,Red,Low,Storm,30.4,84.8,4070,7.9,34.3,40,Good,22,36,2.05,71,27,34,Good,88.1,4141,4.52,No,78,Limited,84,Leak Detected,568,44,694,234,0.99,Solar,No,Stable,Theft,Low,Investigating,No,17,PS-19,Maintenance,High Risk,Ambulance,3
949,2026-01-10 21:15:00,13.000912,77.58929,North,Bengaluru,10,1,2026,21,R-671,411,50,Bus,Medium,Dry,Red,Medium,Clear,27.6,78.4,1875,16.9,0,102,Poor,56.1,91.8,2.06,12,13,17,Poor,96,2092,3.4,Yes,71,Limited,47.3,Healthy,770,40,914,229.3,0.91,Grid,No,Stable,Fraud,Medium,Resolved,No,11,PS-15,Offline,Low Risk,Fire,1
950,2026-01-10 21:30:00,13.049933,77.583363,Central,Bengaluru,10,1,2026,21,R-837,290,56,Car,Medium,Under Maintenance,Yellow,Medium,Fog,24.9,67.4,1824,17.2,29.1,102,Poor,56.1,91.8,1.18,27,34,31,Poor,90,4391,2.14,No,79,Available,97,Leak Detected,767,29,834,221.3,0.95,Wind,No,Maintenance,Theft,Medium,Resolved,No,8,PS-10,Offline,Medium Risk,Ambulance,1
951,2026-01-10 21:45:00,12.989257,77.572525,North,Bengaluru,10,1,2026,21,R-427,429,49,Bus,Medium,Dry,Red,Medium,Rain,33.4,59.6,1529,10.9,2.2,107,Poor,58.9,96.3,1.49,70,12,21,Poor,90.9,2067,5.17,Yes,96,Limited,63,Leak Detected,786,35,825,233.1,0.93,Solar,No,Stable,Fraud,Low,Investigating,No,22,PS-8,Offline,Low Risk,Ambulance,5
952,2026-01-10 22:00:00,12.978024,77.511924,Central,Bengaluru,10,1,2026,22,R-169,302,55,Bike,Medium,Under Maintenance,Green,Medium,Clear,35.3,62.7,2530,7.9,0,75,Moderate,41.2,67.5,1.02,66,32,59,Moderate,60.7,3521,5.33,Yes,83,Available,58.9,Healthy,677,15,730,233.3,1,Grid,No,Stable,Fraud,High,Open,No,39,PS-16,Offline,Medium Risk,Police,2
953,2026-01-10 22:15:00,12.983206,77.646138,Central,Bengaluru,10,1,2026,22,R-703,177,62,Truck,Low,Under Maintenance,Green,Low,Fog,35.1,55.9,4253,19.9,35.1,74,Moderate,40.7,66.6,0.77,65,5,14,Moderate,65.3,2332,3.34,No,72,Limited,45.2,Leak Detected,512,19,726,224,0.99,Hybrid,No,Stable,Cyber Crime,Low,Open,No,17,PS-9,Offline,Medium Risk,Police,1
954,2026-01-10 22:30:00,13.000035,77.52792,East,Bengaluru,10,1,2026,22,R-526,399,51,Car,Medium,Wet,Yellow,Medium,Storm,31.6,43.8,2218,28.5,32.4,99,Moderate,54.5,89.1,1.12,52,12,29,Moderate,88.1,1844,5.39,No,98,Limited,42.3,Healthy,550,21,787,230.6,0.91,Wind,Yes,Maintenance,Fraud,Low,Investigating,No,20,PS-15,Offline,High Risk,Police,2
955,2026-01-10 22:45:00,13.010652,77.606236,North,Bengaluru,10,1,2026,22,R-845,285,56,Car,Medium,Under Maintenance,Green,Medium,Clear,26.5,67.1,5855,20.2,0,71,Moderate,39.1,63.9,0.32,75,6,79,Moderate,51.4,931,2.77,No,92,Available,60.4,Healthy,718,22,559,226.8,1,Solar,No,Maintenance,Fraud,Low,Investigating,Yes,11,PS-8,Active,Low Risk,None,4
956,2026-01-10 23:00:00,12.893526,77.531935,North,Bengaluru,10,1,2026,23,R-264,371,52,Bus,Medium,Wet,Yellow,Medium,Fog,33.6,78.8,2181,17.6,6.8,122,Poor,67.1,109.8,1.6,54,23,77,Poor,90.8,4048,5.11,Yes,84,Limited,77.3,Leak Detected,820,35,927,221.5,0.92,Grid,Yes,Stable,Fraud,Medium,Open,Yes,21,PS-14,Offline,Medium Risk,Fire,4
957,2026-01-10 23:15:00,12.952519,77.588555,Central,Bengaluru,10,1,2026,23,R-746,446,48,Car,Medium,Dry,Green,Medium,Clear,26,68.7,3829,26.2,0,111,Poor,61.1,99.9,0.88,74,23,60,Poor,60.4,1622,3.59,No,71,Limited,48.7,Leak Detected,693,23,761,236.9,0.9,Solar,No,Maintenance,Fraud,Critical,Resolved,Yes,16,PS-14,Active,Low Risk,Fire,3
958,2026-01-10 23:30:00,12.977054,77.528971,North,Bengaluru,10,1,2026,23,R-804,330,54,Bus,Medium,Under Maintenance,Green,Medium,Fog,30.1,55.6,8900,5.9,9.6,112,Poor,61.6,100.8,0.82,45,31,28,Poor,80.8,4681,4.06,No,88,Available,75.4,Healthy,701,54,776,227.5,0.96,Solar,No,Maintenance,Robbery,Medium,Resolved,No,15,PS-5,Active,Medium Risk,Ambulance,1
959,2026-01-10 23:45:00,12.926911,77.550691,Central,Bengaluru,10,1,2026,23,R-310,169,62,Bus,Low,Wet,Red,Low,Storm,35.9,81.8,7727,23.7,38.1,42,Good,23.1,37.8,0.61,27,33,75,Good,45.9,4522,3.99,Yes,83,Available,73.8,Leak Detected,328,23,616,233.2,0.96,Hybrid,No,Stable,Robbery,High,Investigating,Yes,22,PS-4,Maintenance,Medium Risk,Ambulance,5
960,2026-01-11 00:00:00,12.919805,77.548133,North,Bengaluru,11,1,2026,0,R-946,117,65,Truck,Low,Under Maintenance,Red,Low,Clear,28,63.4,5694,20.9,0,40,Good,22,36,1.99,64,25,72,Good,95.9,2905,3.88,Yes,94,Available,82.7,Healthy,307,18,518,220,0.92,Hybrid,Yes,Maintenance,Theft,Medium,Resolved,Yes,10,PS-18,Offline,Medium Risk,None,5
961,2026-01-11 00:15:00,13.028637,77.629516,East,Bengaluru,11,1,2026,0,R-245,257,58,Bike,Medium,Wet,Green,Medium,Rain,30.3,87.1,2062,8.3,6,64,Moderate,35.2,57.6,1.98,73,20,67,Moderate,85.8,4535,3.82,No,84,Limited,42.9,Healthy,744,48,776,237.5,0.92,Grid,No,Maintenance,Theft,Critical,Open,Yes,29,PS-7,Maintenance,Low Risk,None,5
962,2026-01-11 00:30:00,13.019814,77.51253,East,Bengaluru,11,1,2026,0,R-573,330,54,Bus,Medium,Under Maintenance,Red,Medium,Fog,31.7,69.4,5591,11.2,26.9,112,Poor,61.6,100.8,1.8,49,19,70,Poor,48,3940,4.3,Yes,91,Available,71.6,Healthy,546,55,607,223,1,Hybrid,No,Maintenance,Theft,Low,Resolved,No,23,PS-14,Maintenance,Medium Risk,None,5
963,2026-01-11 00:45:00,13.048986,77.601121,West,Bengaluru,11,1,2026,0,R-320,420,49,Truck,Medium,Under Maintenance,Green,Medium,Clear,34.2,83.5,3667,20.5,0,105,Poor,57.8,94.5,0.85,51,30,27,Poor,82.3,1329,2.46,No,93,Limited,50.4,Leak Detected,892,18,714,232.4,0.95,Wind,No,Maintenance,Cyber Crime,Medium,Resolved,Yes,37,PS-19,Offline,Medium Risk,Fire,5
964,2026-01-11 01:00:00,12.981231,77.62328,Central,Bengaluru,11,1,2026,1,R-742,398,51,Bike,Medium,Dry,Green,Medium,Storm,22.6,75.9,2010,5.6,2.2,99,Moderate,54.5,89.1,1.71,32,21,62,Moderate,80.4,1272,3.58,No,72,Limited,69.3,Leak Detected,603,31,946,235.3,0.98,Wind,No,Stable,Fraud,Low,Investigating,Yes,5,PS-9,Maintenance,Medium Risk,None,2
965,2026-01-11 01:15:00,12.967403,77.617742,East,Bengaluru,11,1,2026,1,R-997,219,60,Truck,Medium,Wet,Yellow,Medium,Rain,31.9,46.4,3436,25.4,8.7,54,Moderate,29.7,48.6,0.39,54,8,68,Moderate,51.6,4607,2.62,No,72,Available,79.2,Leak Detected,474,30,636,224.6,0.94,Hybrid,No,Maintenance,Theft,Critical,Resolved,Yes,21,PS-5,Offline,Medium Risk,None,3
966,2026-01-11 01:30:00,12.891452,77.623417,Central,Bengaluru,11,1,2026,1,R-548,104,65,Car,Low,Wet,Green,Low,Rain,28.6,63.9,6157,27.4,25.5,40,Good,22,36,1.95,13,35,62,Good,49.5,1088,3.93,No,82,Limited,93.2,Leak Detected,563,46,696,225.5,0.92,Grid,No,Stable,None,Medium,Resolved,Yes,28,PS-13,Offline,High Risk,Ambulance,0
967,2026-01-11 01:45:00,12.945722,77.541556,Central,Bengaluru,11,1,2026,1,R-480,105,65,Bike,Low,Wet,Yellow,Low,Rain,29.4,76.4,8286,14.5,9.1,40,Good,22,36,1.69,70,22,21,Good,84.5,4889,2.7,Yes,90,Limited,88.7,Leak Detected,392,41,702,239.3,0.91,Wind,Yes,Maintenance,Theft,Medium,Investigating,No,20,PS-4,Maintenance,Medium Risk,Ambulance,4
968,2026-01-11 02:00:00,12.930907,77.602815,North,Bengaluru,11,1,2026,2,R-697,250,58,Bus,Medium,Dry,Red,Medium,Storm,30.5,56.8,8280,29.8,9.5,62,Moderate,34.1,55.8,0.33,60,11,59,Moderate,52.7,1767,5.17,Yes,81,Available,63.3,Healthy,628,47,736,237.4,1,Grid,No,Stable,Robbery,Low,Open,No,17,PS-16,Maintenance,High Risk,Ambulance,5
969,2026-01-11 02:15:00,12.967237,77.610577,South,Bengaluru,11,1,2026,2,R-883,292,56,Bus,Medium,Under Maintenance,Red,Medium,Fog,29.6,62,4840,22.4,14.1,103,Poor,56.7,92.7,0.87,85,23,14,Poor,70.1,2292,4.77,No,89,Available,59.5,Healthy,686,15,567,233.1,0.96,Solar,Yes,Stable,Theft,Medium,Resolved,Yes,35,PS-9,Offline,Low Risk,Ambulance,1
970,2026-01-11 02:30:00,13.025089,77.55594,East,Bengaluru,11,1,2026,2,R-611,207,60,Truck,Medium,Dry,Red,Medium,Storm,23.9,70.4,1552,18.2,7.7,51,Moderate,28.1,45.9,1.49,57,7,55,Moderate,87.2,1496,3.89,No,80,Available,49.3,Leak Detected,542,23,736,226.5,0.95,Grid,No,Stable,Cyber Crime,Low,Investigating,Yes,14,PS-18,Maintenance,Low Risk,Ambulance,2
971,2026-01-11 02:45:00,13.026618,77.594345,West,Bengaluru,11,1,2026,2,R-206,262,57,Bus,Medium,Under Maintenance,Green,Medium,Rain,26.9,85.3,6315,15.2,19.9,65,Moderate,35.8,58.5,0.6,77,26,49,Moderate,90.1,4886,3.06,No,91,Limited,59.3,Leak Detected,762,24,778,224.9,0.98,Grid,No,Stable,Cyber Crime,Low,Investigating,No,25,PS-13,Maintenance,Medium Risk,Fire,1
972,2026-01-11 03:00:00,12.907778,77.511916,Central,Bengaluru,11,1,2026,3,R-110,426,49,Car,Medium,Dry,Red,Medium,Fog,34.7,67.8,6574,25.6,20,136,Poor,74.8,122.4,1.23,43,13,73,Poor,68.1,2537,3.79,No,82,Available,89.8,Leak Detected,774,36,800,238.7,0.92,Wind,No,Maintenance,Cyber Crime,Critical,Open,Yes,35,PS-19,Active,Low Risk,None,2
973,2026-01-11 03:15:00,13.037979,77.565188,South,Bengaluru,11,1,2026,3,R-323,337,54,Truck,Medium,Wet,Green,Medium,Clear,29.7,71.9,3006,12.2,0,84,Moderate,46.2,75.6,0.9,51,35,31,Moderate,51.1,3173,2.03,Yes,78,Limited,47.8,Leak Detected,500,54,831,237.3,0.96,Wind,Yes,Stable,Cyber Crime,High,Resolved,No,33,PS-8,Offline,Medium Risk,Police,5
974,2026-01-11 03:30:00,12.908376,77.599064,West,Bengaluru,11,1,2026,3,R-869,352,53,Bus,Medium,Wet,Red,Medium,Fog,25.2,61.8,2679,20.3,26.2,118,Poor,64.9,106.2,1.3,77,19,48,Poor,71.8,3637,5.61,No,84,Available,54.7,Leak Detected,636,31,909,238.7,0.91,Wind,Yes,Maintenance,Cyber Crime,Medium,Resolved,No,21,PS-16,Offline,Medium Risk,Fire,2
975,2026-01-11 03:45:00,12.912657,77.591214,Central,Bengaluru,11,1,2026,3,R-566,304,55,Truck,Medium,Wet,Yellow,Medium,Rain,34.6,43.6,8022,27.9,4.2,76,Moderate,41.8,68.4,1.34,82,31,76,Moderate,69.9,3858,3.97,Yes,74,Available,88.8,Healthy,781,16,584,226.5,0.9,Hybrid,No,Stable,None,Critical,Open,No,25,PS-18,Offline,Medium Risk,Police,0
976,2026-01-11 04:00:00,12.925859,77.558467,South,Bengaluru,11,1,2026,4,R-397,245,58,Truck,Medium,Dry,Red,Medium,Clear,32.4,63.5,2103,9.7,0,61,Moderate,33.6,54.9,0.75,17,29,62,Moderate,62.8,2456,3.49,Yes,98,Limited,76.8,Leak Detected,555,52,838,230.8,0.96,Solar,Yes,Stable,Cyber Crime,Critical,Open,No,40,PS-16,Maintenance,Medium Risk,None,5
977,2026-01-11 04:15:00,13.047477,77.584411,West,Bengaluru,11,1,2026,4,R-353,413,50,Car,Medium,Under Maintenance,Yellow,Medium,Rain,28.4,69.1,7659,17.9,10.6,103,Poor,56.7,92.7,1.13,59,18,13,Poor,75.2,4884,4.01,No,99,Limited,98.6,Healthy,892,33,805,239.9,0.97,Wind,Yes,Maintenance,Fraud,Medium,Investigating,Yes,10,PS-1,Offline,High Risk,Ambulance,2
978,2026-01-11 04:30:00,12.946911,77.581782,South,Bengaluru,11,1,2026,4,R-453,433,49,Bus,Medium,Wet,Green,Medium,Rain,22.2,71.1,6494,7,14.7,108,Poor,59.4,97.2,1.25,18,19,66,Poor,61.9,4423,2.66,No,87,Available,83,Leak Detected,926,17,942,233.4,0.93,Wind,No,Maintenance,Fraud,Medium,Investigating,Yes,28,PS-7,Maintenance,Medium Risk,Fire,5
979,2026-01-11 04:45:00,12.959981,77.544708,Central,Bengaluru,11,1,2026,4,R-479,400,50,Car,Medium,Wet,Red,Medium,Storm,31.8,41.2,1672,24.9,34.2,100,Moderate,55,90,1.08,63,19,33,Moderate,48.4,1852,4.14,No,82,Available,73.2,Healthy,643,45,916,238.7,0.92,Solar,Yes,Maintenance,Theft,Medium,Resolved,Yes,19,PS-16,Active,Medium Risk,Ambulance,1
980,2026-01-11 05:00:00,12.895654,77.663183,East,Bengaluru,11,1,2026,5,R-643,298,56,Bike,Medium,Dry,Yellow,Medium,Rain,29.8,74.2,5111,10.1,34.6,74,Moderate,40.7,66.6,1.78,76,34,25,Moderate,67.4,2126,2.8,No,83,Limited,80,Healthy,652,45,794,227.4,0.99,Hybrid,No,Stable,Cyber Crime,High,Resolved,Yes,5,PS-11,Maintenance,High Risk,None,4
981,2026-01-11 05:15:00,13.046355,77.556986,South,Bengaluru,11,1,2026,5,R-436,417,50,Car,Medium,Dry,Red,Medium,Rain,29.6,56,3665,18.2,6.9,104,Poor,57.2,93.6,0.95,74,14,56,Poor,86.6,2020,2.19,Yes,74,Limited,96.5,Healthy,713,20,856,221.2,0.95,Hybrid,Yes,Stable,Robbery,Critical,Resolved,Yes,38,PS-4,Offline,High Risk,Police,1
982,2026-01-11 05:30:00,13.045073,77.524293,East,Bengaluru,11,1,2026,5,R-117,255,58,Bus,Medium,Wet,Red,Medium,Fog,31.2,42.3,1339,26.8,13.2,93,Moderate,51.2,83.7,1.35,14,35,80,Moderate,76.1,1865,4.5,Yes,82,Available,95.6,Leak Detected,563,53,662,232.5,0.93,Hybrid,Yes,Stable,Fraud,Critical,Open,Yes,30,PS-10,Offline,Low Risk,Ambulance,3
983,2026-01-11 05:45:00,13.036609,77.525565,North,Bengaluru,11,1,2026,5,R-636,265,57,Bike,Medium,Dry,Yellow,Medium,Fog,22.9,78.2,3431,26.8,27,96,Moderate,52.8,86.4,0.8,88,25,62,Moderate,66.3,2829,4.68,Yes,94,Available,83.8,Leak Detected,597,28,817,238.1,0.97,Grid,No,Maintenance,Cyber Crime,Critical,Investigating,Yes,25,PS-4,Offline,Low Risk,None,1
984,2026-01-11 06:00:00,12.982728,77.661235,South,Bengaluru,11,1,2026,6,R-175,304,55,Truck,Medium,Dry,Red,Medium,Clear,29,45.8,4260,29.2,0,76,Moderate,41.8,68.4,2.12,81,8,38,Moderate,92.3,2682,5.43,No,82,Available,80.8,Healthy,640,18,605,227.6,0.93,Wind,No,Stable,Cyber Crime,High,Resolved,Yes,12,PS-5,Offline,Low Risk,None,1
985,2026-01-11 06:15:00,12.984961,77.582389,South,Bengaluru,11,1,2026,6,R-888,145,63,Bike,Low,Under Maintenance,Yellow,Low,Storm,35,79.6,6233,19.6,13.1,40,Good,22,36,0.83,14,22,17,Good,78.4,4941,4.47,No,73,Limited,94.2,Healthy,340,36,648,221.9,0.94,Hybrid,Yes,Maintenance,Fraud,Low,Resolved,No,33,PS-3,Offline,Medium Risk,Police,3
986,2026-01-11 06:30:00,12.919657,77.551798,East,Bengaluru,11,1,2026,6,R-798,214,60,Bike,Medium,Under Maintenance,Yellow,Medium,Clear,32.3,54.3,4023,11.4,0,53,Moderate,29.2,47.7,1.55,83,30,24,Moderate,89.3,4592,4.23,No,89,Limited,89.7,Healthy,374,53,560,236.2,0.98,Wind,Yes,Maintenance,Robbery,High,Investigating,Yes,24,PS-6,Offline,High Risk,None,1
987,2026-01-11 06:45:00,12.995583,77.52937,West,Bengaluru,11,1,2026,6,R-367,440,48,Bus,Medium,Dry,Green,Medium,Storm,28.1,46.2,3886,9.8,7,110,Poor,60.5,99,0.97,59,7,35,Poor,52.6,4324,4.88,Yes,76,Limited,96.3,Leak Detected,766,19,694,231.5,0.94,Solar,No,Stable,Robbery,Critical,Resolved,Yes,28,PS-13,Maintenance,High Risk,Police,5
988,2026-01-11 07:00:00,12.960176,77.58533,South,Bengaluru,11,1,2026,7,R-500,220,59,Bike,Medium,Dry,Yellow,Medium,Rain,22.5,73.2,6378,20.5,20.1,55,Moderate,30.3,49.5,2.08,41,9,62,Moderate,69.9,4497,2.99,Yes,98,Limited,47.5,Leak Detected,589,43,619,228.7,0.96,Grid,No,Maintenance,None,Critical,Investigating,No,23,PS-19,Maintenance,Low Risk,Fire,0
989,2026-01-11 07:15:00,12.922201,77.588237,West,Bengaluru,11,1,2026,7,R-260,217,60,Truck,Medium,Wet,Red,Medium,Rain,25.6,80.7,8896,26.9,36.5,54,Moderate,29.7,48.6,0.93,61,25,64,Moderate,92.6,4907,2.84,Yes,71,Available,44.5,Healthy,472,21,714,229,0.9,Solar,No,Stable,None,Medium,Investigating,Yes,17,PS-7,Active,High Risk,Fire,0
990,2026-01-11 07:30:00,12.892516,77.573682,East,Bengaluru,11,1,2026,7,R-653,420,49,Car,Medium,Dry,Green,Medium,Clear,27.9,66.9,8116,8,0,105,Poor,57.8,94.5,1.43,74,21,56,Poor,95.6,1389,2.44,No,94,Available,73.8,Healthy,754,46,795,225.2,0.91,Hybrid,Yes,Stable,Cyber Crime,Critical,Resolved,Yes,37,PS-14,Active,Low Risk,None,3
991,2026-01-11 07:45:00,12.89606,77.532584,South,Bengaluru,11,1,2026,7,R-929,110,65,Bike,Low,Wet,Yellow,Low,Fog,29.7,70.3,2184,28.3,38.4,57,Moderate,31.4,51.3,0.5,80,27,28,Moderate,91,4291,5.85,Yes,100,Available,60.2,Leak Detected,324,19,390,230.6,0.9,Hybrid,No,Maintenance,Fraud,Low,Resolved,Yes,38,PS-3,Active,High Risk,None,3
992,2026-01-11 08:00:00,12.953306,77.659245,North,Bengaluru,11,1,2026,8,R-646,494,46,Bike,High,Wet,Red,High,Storm,23.3,59.6,8618,25.2,37.4,123,Poor,67.7,110.7,0.52,15,19,38,Poor,70,2405,2.22,No,72,Limited,85.3,Healthy,743,54,749,232.1,1,Grid,Yes,Maintenance,Cyber Crime,Critical,Open,No,7,PS-16,Active,High Risk,Ambulance,3
993,2026-01-11 08:15:00,13.022052,77.65285,West,Bengaluru,11,1,2026,8,R-738,652,38,Bike,High,Dry,Green,High,Fog,24.4,51.4,1960,27.2,37.6,193,Very Poor,106.2,173.7,0.59,36,10,27,Very Poor,75.5,2230,5.86,No,78,Available,46.7,Healthy,1083,33,1152,235.4,0.94,Solar,Yes,Maintenance,Cyber Crime,High,Resolved,No,34,PS-18,Active,Low Risk,None,5
994,2026-01-11 08:30:00,12.92467,77.575775,Central,Bengaluru,11,1,2026,8,R-955,488,46,Bike,High,Wet,Yellow,High,Fog,27,71.9,3994,21.2,11.9,152,Very Poor,83.6,136.8,2.04,79,12,79,Very Poor,71.1,1116,2.05,No,93,Limited,98.2,Healthy,734,22,965,235.8,0.91,Grid,Yes,Maintenance,Fraud,Low,Resolved,Yes,18,PS-8,Active,Medium Risk,None,5
995,2026-01-11 08:45:00,12.908485,77.523343,West,Bengaluru,11,1,2026,8,R-131,615,40,Car,High,Under Maintenance,Red,High,Fog,24.8,86.1,2710,13.2,1.3,183,Very Poor,100.7,164.7,2.08,31,10,59,Very Poor,47.9,2496,2.31,No,93,Limited,47.8,Leak Detected,969,29,983,222.3,0.91,Grid,Yes,Stable,None,Low,Open,Yes,35,PS-3,Maintenance,Medium Risk,Police,0
996,2026-01-11 09:00:00,12.964418,77.628155,North,Bengaluru,11,1,2026,9,R-442,708,35,Car,Very High,Under Maintenance,Red,High,Fog,30.9,58.1,5539,6.8,35.9,207,Hazardous,113.9,186.3,0.32,52,18,66,Hazardous,87.3,2706,4.55,Yes,95,Limited,99.9,Leak Detected,1164,38,1002,229.4,0.94,Hybrid,Yes,Maintenance,Robbery,Low,Open,Yes,14,PS-6,Maintenance,Medium Risk,None,1
997,2026-01-11 09:15:00,12.942245,77.577749,South,Bengaluru,11,1,2026,9,R-401,427,49,Bike,Medium,Dry,Yellow,Medium,Storm,34.4,62,3355,7,12.7,106,Poor,58.3,95.4,0.38,70,7,73,Poor,62.9,2038,2.51,No,97,Limited,81.6,Leak Detected,660,40,739,226.3,0.95,Grid,No,Stable,Fraud,Low,Resolved,Yes,25,PS-4,Active,Low Risk,Fire,2
998,2026-01-11 09:30:00,12.915154,77.622275,Central,Bengaluru,11,1,2026,9,R-419,770,32,Bus,Very High,Wet,Yellow,High,Fog,28.2,43.7,6511,28.4,18.3,222,Hazardous,122.1,199.8,2.05,70,33,43,Hazardous,49.9,804,4.73,No,89,Limited,58.6,Leak Detected,1255,18,1297,227,0.97,Grid,Yes,Maintenance,None,Low,Open,Yes,36,PS-13,Active,Medium Risk,Police,0
999,2026-01-11 09:45:00,12.99404,77.515883,North,Bengaluru,11,1,2026,9,R-788,598,41,Bike,High,Wet,Green,High,Clear,29.5,82.9,6444,28.8,0,149,Poor,82,134.1,1.5,21,19,30,Poor,46.6,2802,5.86,No,88,Limited,61.5,Leak Detected,880,15,863,221.3,0.91,Hybrid,No,Stable,Theft,Critical,Investigating,Yes,33,PS-18,Active,Medium Risk,Police,1
1000,2026-01-11 10:00:00,12.933398,77.62016,East,Bengaluru,11,1,2026,10,R-776,615,40,Car,High,Dry,Yellow,High,Fog,34.3,63.7,8189,12.3,16.4,183,Very Poor,100.7,164.7,1.13,45,34,77,Very Poor,52.7,2674,5.81,Yes,90,Limited,93.7,Leak Detected,829,19,905,228.5,0.95,Wind,Yes,Stable,Theft,High,Open,No,14,PS-8,Offline,High Risk,None,4
